#
# There is insufficient memory for the Java Runtime Environment to continue.
# Native memory allocation (mmap) failed to map 65536 bytes. Error detail: Failed to commit metaspace.
# Possible reasons:
#   The system is out of physical RAM or swap space
#   This process is running with CompressedOops enabled, and the Java Heap may be blocking the growth of the native heap
# Possible solutions:
#   Reduce memory load on the system
#   Increase physical memory or swap space
#   Check if swap backing store is full
#   Decrease Java heap size (-Xmx/-Xms)
#   Decrease number of Java threads
#   Decrease Java thread stack sizes (-Xss)
#   Set larger code cache with -XX:ReservedCodeCacheSize=
#   JVM is running with Unscaled Compressed Oops mode in which the Java heap is
#     placed in the first 4GB address space. The Java Heap base address is the
#     maximum limit for the native heap growth. Please use -XX:HeapBaseMinAddress
#     to set the Java Heap base and to place the Java Heap above 4GB virtual address.
# This output file may be truncated or incomplete.
#
#  Out of Memory Error (virtualSpaceNode.cpp:113), pid=39968, tid=66520
#
# JRE version: OpenJDK Runtime Environment Temurin-21.0.12.1+1 (21.0.12.1+1) (build 21.0.12.1+1-LTS)
# Java VM: OpenJDK 64-Bit Server VM Temurin-21.0.12.1+1 (21.0.12.1+1-LTS, mixed mode, sharing, tiered, compressed oops, compressed class ptrs, g1 gc, windows-amd64)
# No core dump will be written. Minidumps are not enabled by default on client versions of Windows
#

---------------  S U M M A R Y ------------

Command Line: -Dfile.encoding=UTF-8 --add-opens=java.base/java.lang=ALL-UNNAMED --add-opens=java.base/java.lang.invoke=ALL-UNNAMED --add-opens=java.base/java.util=ALL-UNNAMED --add-opens=java.prefs/java.util.prefs=ALL-UNNAMED --add-exports=jdk.compiler/com.sun.tools.javac.api=ALL-UNNAMED --add-exports=jdk.compiler/com.sun.tools.javac.util=ALL-UNNAMED --add-opens=java.base/java.nio.charset=ALL-UNNAMED --add-opens=java.base/java.net=ALL-UNNAMED --add-opens=java.base/java.util.concurrent=ALL-UNNAMED --add-opens=java.base/java.util.concurrent.atomic=ALL-UNNAMED --add-opens=java.xml/javax.xml.namespace=ALL-UNNAMED --add-opens=java.base/java.time=ALL-UNNAMED -XX:MaxMetaspaceSize=384m -XX:+HeapDumpOnOutOfMemoryError -Xms256m -Xmx512m -Dfile.encoding=UTF-8 -Duser.country=KR -Duser.language=ko -Duser.variant -javaagent:C:\Users\harry\.gradle\wrapper\dists\gradle-9.7.1-bin\1w1c7tv4s851m17nbqdsro2tv\gradle-9.7.1\lib\agents\gradle-instrumentation-agent-9.7.1.jar org.gradle.launcher.daemon.bootstrap.GradleDaemon 9.7.1

Host: 13th Gen Intel(R) Core(TM) i5-1335U, 12 cores, 15G,  Windows 11 , 64 bit Build 26100 (10.0.26100.9444)
Time: Wed Sep 16 12:20:24 2026 elapsed time: 60.344326 seconds (0d 0h 1m 0s)

---------------  T H R E A D  ---------------

Current thread (0x000001e2f340c830):  JavaThread "Daemon worker"        [_thread_in_vm, id=66520, stack(0x0000009b63500000,0x0000009b63600000) (1024K)]

Stack: [0x0000009b63500000,0x0000009b63600000]
Native frames: (J=compiled Java code, j=interpreted, Vv=VM code, C=native code)
V  [jvm.dll+0x6d83e9]
V  [jvm.dll+0x8b5736]
V  [jvm.dll+0x8b7cee]
V  [jvm.dll+0x8b83d3]
V  [jvm.dll+0x284596]
V  [jvm.dll+0x8b147e]
V  [jvm.dll+0x679ad4]
V  [jvm.dll+0x1e849b]
V  [jvm.dll+0x1e825e]
V  [jvm.dll+0x67c3d2]
V  [jvm.dll+0x67c202]
V  [jvm.dll+0x67a4ae]
V  [jvm.dll+0x3c7a23]
V  [jvm.dll+0x2118db]
V  [jvm.dll+0x5b6aa9]
V  [jvm.dll+0x82f606]
V  [jvm.dll+0x4792f8]
V  [jvm.dll+0x47f128]
C  [java.dll+0x17ec]

Java frames: (J=compiled Java code, j=interpreted, Vv=VM code)
J 729  java.lang.ClassLoader.defineClass1(Ljava/lang/ClassLoader;Ljava/lang/String;[BIILjava/security/ProtectionDomain;Ljava/lang/String;)Ljava/lang/Class; java.base@21.0.12.1 (0 bytes) @ 0x000001e2e1ddf411 [0x000001e2e1ddf340+0x00000000000000d1]
J 1147 c1 java.lang.ClassLoader.defineClass(Ljava/lang/String;[BIILjava/security/ProtectionDomain;)Ljava/lang/Class; java.base@21.0.12.1 (43 bytes) @ 0x000001e2da4a77f4 [0x000001e2da4a74a0+0x0000000000000354]
J 1004 c1 java.security.SecureClassLoader.defineClass(Ljava/lang/String;[BIILjava/security/CodeSource;)Ljava/lang/Class; java.base@21.0.12.1 (16 bytes) @ 0x000001e2da47589c [0x000001e2da4757c0+0x00000000000000dc]
J 959 c1 java.net.URLClassLoader.defineClass(Ljava/lang/String;Ljdk/internal/loader/Resource;)Ljava/lang/Class; java.base@21.0.12.1 (224 bytes) @ 0x000001e2da451054 [0x000001e2da44f900+0x0000000000001754]
J 827 c1 java.net.URLClassLoader$1.run()Ljava/lang/Class; java.base@21.0.12.1 (81 bytes) @ 0x000001e2da4137ec [0x000001e2da412bc0+0x0000000000000c2c]
J 826 c1 java.net.URLClassLoader$1.run()Ljava/lang/Object; java.base@21.0.12.1 (5 bytes) @ 0x000001e2da412654 [0x000001e2da4125c0+0x0000000000000094]
J 633 c1 java.security.AccessController.doPrivileged(Ljava/security/PrivilegedExceptionAction;Ljava/security/AccessControlContext;)Ljava/lang/Object; java.base@21.0.12.1 (26 bytes) @ 0x000001e2da3b7c8c [0x000001e2da3b7aa0+0x00000000000001ec]
J 1419 c1 java.net.URLClassLoader.findClass(Ljava/lang/String;)Ljava/lang/Class; java.base@21.0.12.1 (47 bytes) @ 0x000001e2da55d34c [0x000001e2da55d1a0+0x00000000000001ac]
J 724 c1 java.lang.ClassLoader.loadClass(Ljava/lang/String;Z)Ljava/lang/Class; java.base@21.0.12.1 (121 bytes) @ 0x000001e2da3e7da4 [0x000001e2da3e77e0+0x00000000000005c4]
J 742 c1 java.lang.ClassLoader.loadClass(Ljava/lang/String;)Ljava/lang/Class; java.base@21.0.12.1 (7 bytes) @ 0x000001e2da3ef554 [0x000001e2da3ef440+0x0000000000000114]
v  ~StubRoutines::call_stub 0x000001e2e17f100d
j  org.gradle.internal.buildprocess.execution.SessionFailureReportingActionExecutor.execute(Lorg/gradle/internal/invocation/BuildAction;Lorg/gradle/launcher/exec/BuildActionParameters;Lorg/gradle/initialization/BuildRequestContext;)Lorg/gradle/launcher/exec/BuildActionResult;+19
j  org.gradle.internal.buildprocess.execution.SessionFailureReportingActionExecutor.execute(Lorg/gradle/internal/invocation/BuildAction;Ljava/lang/Object;Ljava/lang/Object;)Lorg/gradle/launcher/exec/BuildActionResult;+10
j  org.gradle.internal.buildprocess.execution.SetupLoggingActionExecutor.execute(Lorg/gradle/internal/invocation/BuildAction;Lorg/gradle/launcher/exec/BuildActionParameters;Lorg/gradle/initialization/BuildRequestContext;)Lorg/gradle/launcher/exec/BuildActionResult;+50
j  org.gradle.internal.buildprocess.execution.SetupLoggingActionExecutor.execute(Lorg/gradle/internal/invocation/BuildAction;Ljava/lang/Object;Ljava/lang/Object;)Lorg/gradle/launcher/exec/BuildActionResult;+10
j  org.gradle.launcher.daemon.server.exec.ExecuteBuild.doBuild(Lorg/gradle/launcher/daemon/server/api/DaemonCommandExecution;Lorg/gradle/launcher/daemon/protocol/Build;)V+147
j  org.gradle.launcher.daemon.server.exec.BuildCommandOnly.execute(Lorg/gradle/launcher/daemon/server/api/DaemonCommandExecution;)V+49
j  org.gradle.launcher.daemon.server.api.DaemonCommandExecution.proceed()Z+23
j  org.gradle.launcher.daemon.server.exec.WatchForDisconnection.execute(Lorg/gradle/launcher/daemon/server/api/DaemonCommandExecution;)V+19
j  org.gradle.launcher.daemon.server.api.DaemonCommandExecution.proceed()Z+23
j  org.gradle.launcher.daemon.server.exec.ResetDeprecationLogger.execute(Lorg/gradle/launcher/daemon/server/api/DaemonCommandExecution;)V+7
j  org.gradle.launcher.daemon.server.api.DaemonCommandExecution.proceed()Z+23
j  org.gradle.launcher.daemon.server.exec.RequestStopIfSingleUsedDaemon.execute(Lorg/gradle/launcher/daemon/server/api/DaemonCommandExecution;)V+33
j  org.gradle.launcher.daemon.server.api.DaemonCommandExecution.proceed()Z+23
j  org.gradle.launcher.daemon.server.exec.ForwardClientInput.lambda$execute$0(Lorg/gradle/launcher/daemon/server/api/DaemonCommandExecution;Lorg/gradle/internal/daemon/clientinput/StdinHandler;)Ljava/lang/Object;+11
j  org.gradle.launcher.daemon.server.exec.ForwardClientInput$$Lambda+0x000001e281199d28.apply(Ljava/lang/Object;)Ljava/lang/Object;+8
j  org.gradle.internal.daemon.clientinput.ClientInputForwarder.forwardInput(Ljava/util/function/Function;)Ljava/lang/Object;+46
j  org.gradle.launcher.daemon.server.exec.ForwardClientInput.execute(Lorg/gradle/launcher/daemon/server/api/DaemonCommandExecution;)V+10
j  org.gradle.launcher.daemon.server.api.DaemonCommandExecution.proceed()Z+23
j  org.gradle.launcher.daemon.server.exec.LogAndCheckHealth.execute(Lorg/gradle/launcher/daemon/server/api/DaemonCommandExecution;)V+51
j  org.gradle.launcher.daemon.server.api.DaemonCommandExecution.proceed()Z+23
j  org.gradle.launcher.daemon.server.exec.ApplyClientEnvironmentVariables.doBuild(Lorg/gradle/launcher/daemon/server/api/DaemonCommandExecution;Lorg/gradle/launcher/daemon/protocol/Build;)V+133
j  org.gradle.launcher.daemon.server.exec.BuildCommandOnly.execute(Lorg/gradle/launcher/daemon/server/api/DaemonCommandExecution;)V+49
j  org.gradle.launcher.daemon.server.api.DaemonCommandExecution.proceed()Z+23
j  org.gradle.launcher.daemon.server.exec.LogToClient.doBuild(Lorg/gradle/launcher/daemon/server/api/DaemonCommandExecution;Lorg/gradle/launcher/daemon/protocol/Build;)V+87
j  org.gradle.launcher.daemon.server.exec.BuildCommandOnly.execute(Lorg/gradle/launcher/daemon/server/api/DaemonCommandExecution;)V+49
j  org.gradle.launcher.daemon.server.api.DaemonCommandExecution.proceed()Z+23
j  org.gradle.launcher.daemon.server.exec.EstablishBuildEnvironment.doBuild(Lorg/gradle/launcher/daemon/server/api/DaemonCommandExecution;Lorg/gradle/launcher/daemon/protocol/Build;)V+225
j  org.gradle.launcher.daemon.server.exec.BuildCommandOnly.execute(Lorg/gradle/launcher/daemon/server/api/DaemonCommandExecution;)V+49
j  org.gradle.launcher.daemon.server.api.DaemonCommandExecution.proceed()Z+23
j  org.gradle.launcher.daemon.server.exec.StartBuildOrRespondWithBusy$1.run()V+44
j  org.gradle.launcher.daemon.server.DaemonStateCoordinator.lambda$runCommand$0(Ljava/lang/Runnable;)V+1
j  org.gradle.launcher.daemon.server.DaemonStateCoordinator$$Lambda+0x000001e2811988b8.run()V+8
j  org.gradle.internal.concurrent.ExecutorPolicy$CatchAndRecordFailures.onExecute(Ljava/lang/Runnable;)V+1
j  org.gradle.internal.concurrent.AbstractManagedExecutor$1.run()V+25
j  java.util.concurrent.ThreadPoolExecutor.runWorker(Ljava/util/concurrent/ThreadPoolExecutor$Worker;)V+92 java.base@21.0.12.1
j  java.util.concurrent.ThreadPoolExecutor$Worker.run()V+5 java.base@21.0.12.1
j  java.lang.Thread.runWith(Ljava/lang/Object;Ljava/lang/Runnable;)V+5 java.base@21.0.12.1
j  java.lang.Thread.run()V+19 java.base@21.0.12.1
v  ~StubRoutines::call_stub 0x000001e2e17f100d

Compiled method (n/a) 62683  729     n 0       java.lang.ClassLoader::defineClass1 (native)
 total in heap  [0x000001e2e1ddf190,0x000001e2e1ddf728] = 1432
 relocation     [0x000001e2e1ddf2f0,0x000001e2e1ddf328] = 56
 main code      [0x000001e2e1ddf340,0x000001e2e1ddf721] = 993
 stub code      [0x000001e2e1ddf721,0x000001e2e1ddf728] = 7

[Constant Pool (empty)]

[MachCode]
[Entry Point]
  # {method} {0x000001e280434c38} 'defineClass1' '(Ljava/lang/ClassLoader;Ljava/lang/String;[BIILjava/security/ProtectionDomain;Ljava/lang/String;)Ljava/lang/Class;' in 'java/lang/ClassLoader'
  # parm0:    rdx:rdx   = 'java/lang/ClassLoader'
  # parm1:    r8:r8     = 'java/lang/String'
  # parm2:    r9:r9     = '[B'
  # parm3:    rdi       = int
  # parm4:    rsi       = int
  # parm5:    rcx:rcx   = 'java/security/ProtectionDomain'
  # parm6:    [sp+0xa0]   = 'java/lang/String'  (sp of caller)
  0x000001e2e1ddf340: 448b 5208 | 49bb 0000 | 0080 e201 | 0000 4d03 | d349 3bc2 | 0f84 0600 

  0x000001e2e1ddf358: ;   {runtime_call ic_miss_stub}
  0x000001e2e1ddf358: 0000 e921 | f4a5 ff90 
[Verified Entry Point]
  0x000001e2e1ddf360: 8984 2400 | 80ff ff55 | 488b ec48 | 81ec 9000 | 0000 6690 | 4181 7f20 | 0100 0000 

  0x000001e2e1ddf37c: ;   {runtime_call StubRoutines (final stubs)}
  0x000001e2e1ddf37c: 7405 e81d | 71a4 ff48 | 837d 1000 | 488d 4510 | 480f 4445 | 1048 8944 | 2440 4889 | 4c24 7048 
  0x000001e2e1ddf39c: 83f9 0048 | 8d44 2470 | 480f 4444 | 2470 4889 | 4424 3848 | 8974 2430 | 4889 7c24 | 284c 894c 
  0x000001e2e1ddf3bc: 2458 4983 | f900 488d | 4424 5848 | 0f44 4424 | 5848 8944 | 2420 4c89 | 4424 5049 | 83f8 004c 
  0x000001e2e1ddf3dc: 8d4c 2450 | 4c0f 444c | 2450 4889 | 5424 4848 | 83fa 004c | 8d44 2448 | 4c0f 4444 

  0x000001e2e1ddf3f8: ;   {oop(a 'java/lang/Class'{0x00000000e0742cb8} = 'java/lang/ClassLoader')}
  0x000001e2e1ddf3f8: 2448 49be | b82c 74e0 | 0000 0000 | 4c89 7424 | 784c 8d74 | 2478 498b | d6c5 f877 

  0x000001e2e1ddf414: ;   {internal_word}
  0x000001e2e1ddf414: 49ba 11f4 | dde1 e201 | 0000 4d89 | 97a8 0300 | 0049 89a7 | a003 0000 

  0x000001e2e1ddf42c: ;   {external_word}
  0x000001e2e1ddf42c: 49ba 066d | 8151 f97f | 0000 4180 | 3a00 0f84 | 4e00 0000 | 5241 5041 

  0x000001e2e1ddf444: ;   {metadata({method} {0x000001e280434c38} 'defineClass1' '(Ljava/lang/ClassLoader;Ljava/lang/String;[BIILjava/security/ProtectionDomain;Ljava/lang/String;)Ljava/lang/Class;' in 'java/lang/ClassLoader')}
  0x000001e2e1ddf444: 5148 ba30 | 4c43 80e2 | 0100 0049 | 8bcf 4883 | ec20 40f6 | c40f 0f84 | 1900 0000 | 4883 ec08 
  0x000001e2e1ddf464: ;   {runtime_call}
  0x000001e2e1ddf464: 48b8 e0ea | 2a51 f97f | 0000 ffd0 | 4883 c408 | e90c 0000 

  0x000001e2e1ddf478: ;   {runtime_call}
  0x000001e2e1ddf478: 0048 b8e0 | ea2a 51f9 | 7f00 00ff | d048 83c4 | 2041 5941 | 585a 498d | 8fc0 0300 | 0041 c787 
  0x000001e2e1ddf498: 4c04 0000 | 0400 0000 

  0x000001e2e1ddf4a0: ;   {runtime_call}
  0x000001e2e1ddf4a0: 48b8 ac16 | a3a5 f97f | 0000 ffd0 | c5f8 7741 | c787 4c04 | 0000 0500 | 0000 f083 | 4424 c000 
  0x000001e2e1ddf4c0: 493b af50 | 0400 000f | 870e 0000 | 0041 83bf | 4804 0000 | 000f 842b | 0000 00c5 | f877 4889 
  0x000001e2e1ddf4e0: 45f8 498b | cf4c 8be4 | 4883 ec20 | 4883 e4f0 

  0x000001e2e1ddf4f0: ;   {runtime_call}
  0x000001e2e1ddf4f0: 48b8 0058 | f650 f97f | 0000 ffd0 | 498b e44d | 33e4 488b | 45f8 41c7 | 874c 0400 | 0008 0000 
  0x000001e2e1ddf510: 0041 83bf | c804 0000 | 020f 84d5 

  0x000001e2e1ddf51c: ;   {external_word}
  0x000001e2e1ddf51c: 0100 0049 | ba06 6d81 | 51f9 7f00 | 0041 803a | 000f 844c | 0000 0048 

  0x000001e2e1ddf534: ;   {metadata({method} {0x000001e280434c38} 'defineClass1' '(Ljava/lang/ClassLoader;Ljava/lang/String;[BIILjava/security/ProtectionDomain;Ljava/lang/String;)Ljava/lang/Class;' in 'java/lang/ClassLoader')}
  0x000001e2e1ddf534: 8945 f848 | ba30 4c43 | 80e2 0100 | 0049 8bcf | 4883 ec20 | 40f6 c40f | 0f84 1900 | 0000 4883 
  0x000001e2e1ddf554: ;   {runtime_call}
  0x000001e2e1ddf554: ec08 48b8 | e0ea 2a51 | f97f 0000 | ffd0 4883 | c408 e90c 

  0x000001e2e1ddf568: ;   {runtime_call}
  0x000001e2e1ddf568: 0000 0048 | b8e0 ea2a | 51f9 7f00 | 00ff d048 | 83c4 2048 | 8b45 f849 | c787 a003 | 0000 0000 
  0x000001e2e1ddf588: 0000 49c7 | 87a8 0300 | 0000 0000 | 00c5 f877 | 4885 c00f | 8430 0100 | 00a8 030f | 8508 0000 
  0x000001e2e1ddf5a8: 0048 8b00 | e920 0100 | 00a8 010f | 8509 0000 | 0048 8b40 | fee9 0f01 | 0000 488b | 40ff 4180 
  0x000001e2e1ddf5c8: 7f40 000f | 8400 0100 | 0048 83f8 | 000f 84f6 | 0000 0049 | 8b4f 2848 | 83f9 000f | 8414 0000 
  0x000001e2e1ddf5e8: 0048 83e9 | 0849 894f | 2849 034f | 3848 8901 | e9d4 0000 | 0048 83ec | 7048 8904 | 2448 894c 
  0x000001e2e1ddf608: 2408 4889 | 5424 104c | 8944 2418 | 4c89 4c24 | 204c 8954 | 2428 4c89 | 5c24 30c5 | fb11 4424 
  0x000001e2e1ddf628: 40c5 fb11 | 4c24 48c5 | fb11 5424 | 50c5 fb11 | 5c24 58c5 | fb11 6424 | 60c5 fb11 | 6c24 6849 
  0x000001e2e1ddf648: 8bd7 488b | c848 83ec | 2040 f6c4 | 0f0f 8419 | 0000 0048 

  0x000001e2e1ddf65c: ;   {runtime_call}
  0x000001e2e1ddf65c: 83ec 0848 | b820 a4e9 | 50f9 7f00 | 00ff d048 | 83c4 08e9 | 0c00 0000 

  0x000001e2e1ddf674: ;   {runtime_call}
  0x000001e2e1ddf674: 48b8 20a4 | e950 f97f | 0000 ffd0 | 4883 c420 | c5fb 106c | 2468 c5fb | 1064 2460 | c5fb 105c 
  0x000001e2e1ddf694: 2458 c5fb | 1054 2450 | c5fb 104c | 2448 c5fb | 1044 2440 | 4c8b 5c24 | 304c 8b54 | 2428 4c8b 
  0x000001e2e1ddf6b4: 4c24 204c | 8b44 2418 | 488b 5424 | 1048 8b4c | 2408 488b | 0424 4883 | c470 c5f8 | 7749 8b8f 
  0x000001e2e1ddf6d4: 3004 0000 | c781 0001 | 0000 0000 | 0000 c949 | 837f 0800 | 0f85 0100 

  0x000001e2e1ddf6ec: ;   {runtime_call StubRoutines (initial stubs)}
  0x000001e2e1ddf6ec: 0000 c3e9 | 0c18 a1ff | c5f8 7748 | 8945 f84c | 8be4 4883 | ec20 4883 

  0x000001e2e1ddf704: ;   {runtime_call}
  0x000001e2e1ddf704: e4f0 48b8 | 3022 2b51 | f97f 0000 | ffd0 498b | e44d 33e4 | 488b 45f8 | e9fe fdff | fff4 f4f4 
  0x000001e2e1ddf724: f4f4 f4f4 
[/MachCode]


Compiled method (c1) 63347 1147       3       java.lang.ClassLoader::defineClass (43 bytes)
 total in heap  [0x000001e2da4a7290,0x000001e2da4a7be0] = 2384
 relocation     [0x000001e2da4a73f0,0x000001e2da4a7490] = 160
 main code      [0x000001e2da4a74a0,0x000001e2da4a7938] = 1176
 stub code      [0x000001e2da4a7938,0x000001e2da4a79b0] = 120
 metadata       [0x000001e2da4a79b0,0x000001e2da4a79e0] = 48
 scopes data    [0x000001e2da4a79e0,0x000001e2da4a7ad0] = 240
 scopes pcs     [0x000001e2da4a7ad0,0x000001e2da4a7bb0] = 224
 dependencies   [0x000001e2da4a7bb0,0x000001e2da4a7bb8] = 8
 nul chk table  [0x000001e2da4a7bb8,0x000001e2da4a7be0] = 40

[Constant Pool (empty)]

[MachCode]
[Entry Point]
  # {method} {0x000001e280434fb8} 'defineClass' '(Ljava/lang/String;[BIILjava/security/ProtectionDomain;)Ljava/lang/Class;' in 'java/lang/ClassLoader'
  # this:     rdx:rdx   = 'java/lang/ClassLoader'
  # parm0:    r8:r8     = 'java/lang/String'
  # parm1:    r9:r9     = '[B'
  # parm2:    rdi       = int
  # parm3:    rsi       = int
  # parm4:    rcx:rcx   = 'java/security/ProtectionDomain'
  #           [sp+0xc0]  (sp of caller)
  0x000001e2da4a74a0: 448b 5208 | 49bb 0000 | 0080 e201 | 0000 4d03 | d34c 3bd0 

  0x000001e2da4a74b4: ;   {runtime_call ic_miss_stub}
  0x000001e2da4a74b4: 0f85 c672 | 3907 660f | 1f44 0000 
[Verified Entry Point]
  0x000001e2da4a74c0: 8984 2400 | 80ff ff55 | 4881 ecb0 | 0000 0090 | 4181 7f20 | 0100 0000 

  0x000001e2da4a74d8: ;   {runtime_call StubRoutines (final stubs)}
  0x000001e2da4a74d8: 7405 e8c1 | ef37 0748 | 8954 2478 

  0x000001e2da4a74e4: ;   {metadata(method data for {method} {0x000001e280434fb8} 'defineClass' '(Ljava/lang/String;[BIILjava/security/ProtectionDomain;)Ljava/lang/Class;' in 'java/lang/ClassLoader')}
  0x000001e2da4a74e4: 48bb 8815 | 19ed e201 | 0000 8b83 | cc00 0000 | 83c0 0289 | 83cc 0000 | 0025 fe07 | 0000 85c0 
  0x000001e2da4a7504: 0f84 5003 | 0000 89b4 | 2494 0000 | 0089 bc24 | 9000 0000 | 4c89 8c24 | 8800 0000 

  0x000001e2da4a7520: ;   {metadata(method data for {method} {0x000001e280434fb8} 'defineClass' '(Ljava/lang/String;[BIILjava/security/ProtectionDomain;)Ljava/lang/Class;' in 'java/lang/ClassLoader')}
  0x000001e2da4a7520: 488b da48 | b888 1519 | ede2 0100 | 0048 8380 | 1001 0000 | 0149 8bd8 | 4c8b c34c | 8bc9 488b 
  0x000001e2da4a7540: ca48 8bd1 | 4889 9c24 | 8000 0000 

  0x000001e2da4a754c: ;   {optimized virtual_call}
  0x000001e2da4a754c: 6666 90e8 

  0x000001e2da4a7550: ; ImmutableOopMap {[120]=Oop [128]=Oop [136]=Oop }
                      ;*invokevirtual preDefineClass {reexecute=0 rethrow=0 return_oop=0}
                      ; - java.lang.ClassLoader::defineClass@4
  0x000001e2da4a7550: cc1c fdff 

  0x000001e2da4a7554: ;   {other}
  0x000001e2da4a7554: 0f1f 8400 | c402 0000 | 4889 8424 | 9800 0000 | 488b 5424 

  0x000001e2da4a7568: ;   {metadata(method data for {method} {0x000001e280434fb8} 'defineClass' '(Ljava/lang/String;[BIILjava/security/ProtectionDomain;)Ljava/lang/Class;' in 'java/lang/ClassLoader')}
  0x000001e2da4a7568: 7849 b888 | 1519 ede2 | 0100 0049 | 8380 4801 

  0x000001e2da4a7578: ;   {metadata(method data for {method} {0x000001e280434ca0} 'defineClassSourceLocation' '(Ljava/security/ProtectionDomain;)Ljava/lang/String;' in 'java/lang/ClassLoader')}
  0x000001e2da4a7578: 0000 0149 | b8f8 3319 | ede2 0100 | 0041 8b90 | cc00 0000 | 83c2 0241 | 8990 cc00 | 0000 81e2 
  0x000001e2da4a7598: feff 1f00 | 85d2 0f84 | d702 0000 

  0x000001e2da4a75a4: ; implicit exception: dispatches to 0x000001e2da4a789c
  0x000001e2da4a75a4: 483b 004c 

  0x000001e2da4a75a8: ;   {metadata(method data for {method} {0x000001e280434ca0} 'defineClassSourceLocation' '(Ljava/security/ProtectionDomain;)Ljava/lang/String;' in 'java/lang/ClassLoader')}
  0x000001e2da4a75a8: 8bc0 48ba | f833 19ed | e201 0000 | 4883 8210 | 0100 0001 | 448b 4010 

  0x000001e2da4a75c0: ;   {metadata(method data for {method} {0x000001e280434ca0} 'defineClassSourceLocation' '(Ljava/security/ProtectionDomain;)Ljava/lang/String;' in 'java/lang/ClassLoader')}
  0x000001e2da4a75c0: 4d85 c048 | baf8 3319 | ede2 0100 | 0048 c7c6 | 5801 0000 | 7507 48c7 | c648 0100 | 0048 8b3c 
  0x000001e2da4a75e0: 3248 8d7f | 0148 893c | 320f 850f 

  0x000001e2da4a75ec: ;   {oop(nullptr)}
  0x000001e2da4a75ec: 0000 0048 | bb00 0000 | 0000 0000 | 00e9 a101 | 0000 493b | 0049 8bd0 

  0x000001e2da4a7604: ;   {metadata(method data for {method} {0x000001e280434ca0} 'defineClassSourceLocation' '(Ljava/security/ProtectionDomain;)Ljava/lang/String;' in 'java/lang/ClassLoader')}
  0x000001e2da4a7604: 48be f833 | 19ed e201 | 0000 4883 | 8668 0100 | 0001 418b | 500c 4885 

  0x000001e2da4a761c: ;   {metadata(method data for {method} {0x000001e280434ca0} 'defineClassSourceLocation' '(Ljava/security/ProtectionDomain;)Ljava/lang/String;' in 'java/lang/ClassLoader')}
  0x000001e2da4a761c: d248 bef8 | 3319 ede2 | 0100 0048 | c7c7 b001 | 0000 7507 | 48c7 c7a0 | 0100 0048 | 8b1c 3e48 
  0x000001e2da4a763c: 8d5b 0148 | 891c 3e0f | 850f 0000 

  0x000001e2da4a7648: ;   {oop(nullptr)}
  0x000001e2da4a7648: 0048 bb00 | 0000 0000 | 0000 00e9 | 4701 0000 

  0x000001e2da4a7658: ;   {metadata(method data for {method} {0x000001e280434ca0} 'defineClassSourceLocation' '(Ljava/security/ProtectionDomain;)Ljava/lang/String;' in 'java/lang/ClassLoader')}
  0x000001e2da4a7658: 48be f833 | 19ed e201 | 0000 4883 | 86c0 0100 | 0001 483b | 024c 8bc2 

  0x000001e2da4a7670: ;   {metadata(method data for {method} {0x000001e280434ca0} 'defineClassSourceLocation' '(Ljava/security/ProtectionDomain;)Ljava/lang/String;' in 'java/lang/ClassLoader')}
  0x000001e2da4a7670: 48be f833 | 19ed e201 | 0000 4883 | 86f8 0100 

  0x000001e2da4a7680: ;   {metadata(method data for {method} {0x000001e28001abf0} 'toString' '()Ljava/lang/String;' in 'java/net/URL')}
  0x000001e2da4a7680: 0001 49b8 | 2880 0eed | e201 0000 | 418b b0cc | 0000 0083 | c602 4189 | b0cc 0000 | 0081 e6fe 
  0x000001e2da4a76a0: ff1f 0085 | f60f 8400 | 0200 004c 

  0x000001e2da4a76ac: ;   {metadata(method data for {method} {0x000001e28001abf0} 'toString' '()Ljava/lang/String;' in 'java/net/URL')}
  0x000001e2da4a76ac: 8bc2 48be | 2880 0eed | e201 0000 | 4883 8610 | 0100 0001 

  0x000001e2da4a76c0: ;   {metadata(method data for {method} {0x000001e280428840} 'toExternalForm' '()Ljava/lang/String;' in 'java/net/URL')}
  0x000001e2da4a76c0: 49b8 b081 | 0eed e201 | 0000 418b | b0cc 0000 | 0083 c602 | 4189 b0cc | 0000 0081 | e6fe ff1f 
  0x000001e2da4a76e0: 0085 f60f | 84e3 0100 | 008b 7238 

  0x000001e2da4a76ec: ; implicit exception: dispatches to 0x000001e2da4a78ed
  0x000001e2da4a76ec: 483b 064c 

  0x000001e2da4a76f0: ;   {metadata(method data for {method} {0x000001e280428840} 'toExternalForm' '()Ljava/lang/String;' in 'java/net/URL')}
  0x000001e2da4a76f0: 8bc6 48bf | b081 0eed | e201 0000 | 458b 4008 | 49ba 0000 | 0080 e201 | 0000 4d03 | c24c 3b87 
  0x000001e2da4a7710: 2001 0000 | 750d 4883 | 8728 0100 | 0001 e960 | 0000 004c | 3b87 3001 | 0000 750d | 4883 8738 
  0x000001e2da4a7730: 0100 0001 | e94a 0000 | 0048 83bf | 2001 0000 | 0075 174c | 8987 2001 | 0000 48c7 | 8728 0100 
  0x000001e2da4a7750: 0001 0000 | 00e9 2900 | 0000 4883 | bf30 0100 | 0000 7517 | 4c89 8730 | 0100 0048 | c787 3801 
  0x000001e2da4a7770: 0000 0100 | 0000 e908 | 0000 0048 | 8387 1001 | 0000 014c | 8bc2 488b | d666 0f1f 

  0x000001e2da4a778c: ;   {optimized virtual_call}
  0x000001e2da4a778c: 4400 00e8 

  0x000001e2da4a7790: ; ImmutableOopMap {[120]=Oop [128]=Oop [136]=Oop [152]=Oop }
                      ;*invokevirtual toExternalForm {reexecute=0 rethrow=0 return_oop=0}
                      ; - java.net.URL::toExternalForm@5
                      ; - java.net.URL::toString@1
                      ; - java.lang.ClassLoader::defineClassSourceLocation@22
                      ; - java.lang.ClassLoader::defineClass@12
  0x000001e2da4a7790: 8c06 f6ff 

  0x000001e2da4a7794: ;   {other}
  0x000001e2da4a7794: 0f1f 8400 | 0405 0001 | 488b d848 | 8b84 2498 | 0000 008b | b424 9400 | 0000 8bbc | 2490 0000 
  0x000001e2da4a77b4: 004c 8b8c | 2488 0000 | 004c 8b84 | 2480 0000 | 0048 8b54 

  0x000001e2da4a77c8: ;   {metadata(method data for {method} {0x000001e280434fb8} 'defineClass' '(Ljava/lang/String;[BIILjava/security/ProtectionDomain;)Ljava/lang/Class;' in 'java/lang/ClassLoader')}
  0x000001e2da4a77c8: 2478 48b9 | 8815 19ed | e201 0000 | 4883 8180 | 0100 0001 | 4c8b da49 | 8bd3 488b | c848 891c 
  0x000001e2da4a77e8: 2466 0f1f 

  0x000001e2da4a77ec: ;   {static_call}
  0x000001e2da4a77ec: 4400 00e8 

  0x000001e2da4a77f0: ; ImmutableOopMap {[120]=Oop [152]=Oop }
                      ;*invokestatic defineClass1 {reexecute=0 rethrow=0 return_oop=0}
                      ; - java.lang.ClassLoader::defineClass@27
  0x000001e2da4a77f0: 6c7b 9307 

  0x000001e2da4a77f4: ;   {other}
  0x000001e2da4a77f4: 0f1f 8400 | 6405 0002 | 488b 5424 

  0x000001e2da4a7800: ;   {metadata(method data for {method} {0x000001e280434fb8} 'defineClass' '(Ljava/lang/String;[BIILjava/security/ProtectionDomain;)Ljava/lang/Class;' in 'java/lang/ClassLoader')}
  0x000001e2da4a7800: 7849 b888 | 1519 ede2 | 0100 0049 | 8380 9001 | 0000 014c | 8bc0 4c8b | 8c24 9800 | 0000 488b 
  0x000001e2da4a7820: 5424 7848 | 8984 24a0 | 0000 000f 

  0x000001e2da4a782c: ;   {optimized virtual_call}
  0x000001e2da4a782c: 1f40 00e8 

  0x000001e2da4a7830: ; ImmutableOopMap {[160]=Oop }
                      ;*invokevirtual postDefineClass {reexecute=0 rethrow=0 return_oop=0}
                      ; - java.lang.ClassLoader::defineClass@37
  0x000001e2da4a7830: 6c34 fdff 

  0x000001e2da4a7834: ;   {other}
  0x000001e2da4a7834: 0f1f 8400 | a405 0003 | 488b 8424 | a000 0000 | 4881 c4b0 | 0000 005d 

  0x000001e2da4a784c: ;   {poll_return}
  0x000001e2da4a784c: 493b a750 | 0400 000f | 8799 0000 

  0x000001e2da4a7858: ;   {metadata({method} {0x000001e280434fb8} 'defineClass' '(Ljava/lang/String;[BIILjava/security/ProtectionDomain;)Ljava/lang/Class;' in 'java/lang/ClassLoader')}
  0x000001e2da4a7858: 00c3 49ba | b04f 4380 | e201 0000 | 4c89 5424 | 0848 c704 | 24ff ffff 

  0x000001e2da4a7870: ;   {runtime_call counter_overflow Runtime1 stub}
  0x000001e2da4a7870: ffe8 8a18 

  0x000001e2da4a7874: ; ImmutableOopMap {rdx=Oop r8=Oop r9=Oop rcx=Oop [120]=Oop }
                      ;*synchronization entry
                      ; - java.lang.ClassLoader::defineClass@-1
  0x000001e2da4a7874: 4707 e98f 

  0x000001e2da4a7878: ;   {metadata({method} {0x000001e280434ca0} 'defineClassSourceLocation' '(Ljava/security/ProtectionDomain;)Ljava/lang/String;' in 'java/lang/ClassLoader')}
  0x000001e2da4a7878: fcff ff49 | ba98 4c43 | 80e2 0100 | 004c 8954 | 2408 48c7 | 0424 ffff 

  0x000001e2da4a7890: ;   {runtime_call counter_overflow Runtime1 stub}
  0x000001e2da4a7890: ffff e869 

  0x000001e2da4a7894: ; ImmutableOopMap {rax=Oop [120]=Oop [128]=Oop [136]=Oop [152]=Oop }
                      ;*synchronization entry
                      ; - java.lang.ClassLoader::defineClassSourceLocation@-1
                      ; - java.lang.ClassLoader::defineClass@12
  0x000001e2da4a7894: 1847 07e9 | 08fd ffff 

  0x000001e2da4a789c: ;   {runtime_call throw_null_pointer_exception Runtime1 stub}
  0x000001e2da4a789c: e8df db3d 

  0x000001e2da4a78a0: ; ImmutableOopMap {rax=Oop [120]=Oop [128]=Oop [136]=Oop [152]=Oop }
                      ;*invokevirtual getCodeSource {reexecute=0 rethrow=0 return_oop=0}
                      ; - java.lang.ClassLoader::defineClassSourceLocation@1
                      ; - java.lang.ClassLoader::defineClass@12
                      ;   {runtime_call throw_null_pointer_exception Runtime1 stub}
  0x000001e2da4a78a0: 07e8 dadb 

  0x000001e2da4a78a4: ; ImmutableOopMap {rax=Oop r8=Oop [120]=Oop [128]=Oop [136]=Oop [152]=Oop }
                      ;*invokevirtual getLocation {reexecute=0 rethrow=0 return_oop=0}
                      ; - java.lang.ClassLoader::defineClassSourceLocation@12
                      ; - java.lang.ClassLoader::defineClass@12
                      ;   {runtime_call throw_null_pointer_exception Runtime1 stub}
  0x000001e2da4a78a4: 3d07 e8d5 

  0x000001e2da4a78a8: ; ImmutableOopMap {rdx=Oop [120]=Oop [128]=Oop [136]=Oop [152]=Oop }
                      ;*invokevirtual toString {reexecute=0 rethrow=0 return_oop=0}
                      ; - java.lang.ClassLoader::defineClassSourceLocation@22
                      ; - java.lang.ClassLoader::defineClass@12
                      ;   {metadata({method} {0x000001e28001abf0} 'toString' '()Ljava/lang/String;' in 'java/net/URL')}
  0x000001e2da4a78a8: db3d 0749 | bae8 ab01 | 80e2 0100 | 004c 8954 | 2408 48c7 | 0424 ffff 

  0x000001e2da4a78c0: ;   {runtime_call counter_overflow Runtime1 stub}
  0x000001e2da4a78c0: ffff e839 

  0x000001e2da4a78c4: ; ImmutableOopMap {rdx=Oop [120]=Oop [128]=Oop [136]=Oop [152]=Oop }
                      ;*synchronization entry
                      ; - java.net.URL::toString@-1
                      ; - java.lang.ClassLoader::defineClassSourceLocation@22
                      ; - java.lang.ClassLoader::defineClass@12
  0x000001e2da4a78c4: 1847 07e9 | dffd ffff 

  0x000001e2da4a78cc: ;   {metadata({method} {0x000001e280428840} 'toExternalForm' '()Ljava/lang/String;' in 'java/net/URL')}
  0x000001e2da4a78cc: 49ba 3888 | 4280 e201 | 0000 4c89 | 5424 0848 | c704 24ff 

  0x000001e2da4a78e0: ;   {runtime_call counter_overflow Runtime1 stub}
  0x000001e2da4a78e0: ffff ffe8 

  0x000001e2da4a78e4: ; ImmutableOopMap {rdx=Oop [120]=Oop [128]=Oop [136]=Oop [152]=Oop }
                      ;*synchronization entry
                      ; - java.net.URL::toExternalForm@-1
                      ; - java.net.URL::toString@1
                      ; - java.lang.ClassLoader::defineClassSourceLocation@22
                      ; - java.lang.ClassLoader::defineClass@12
  0x000001e2da4a78e4: 1818 4707 | e9fc fdff 

  0x000001e2da4a78ec: ;   {runtime_call throw_null_pointer_exception Runtime1 stub}
  0x000001e2da4a78ec: ffe8 8edb 

  0x000001e2da4a78f0: ; ImmutableOopMap {rdx=Oop rsi=Oop [120]=Oop [128]=Oop [136]=Oop [152]=Oop }
                      ;*invokevirtual toExternalForm {reexecute=0 rethrow=0 return_oop=0}
                      ; - java.net.URL::toExternalForm@5
                      ; - java.net.URL::toString@1
                      ; - java.lang.ClassLoader::defineClassSourceLocation@22
                      ; - java.lang.ClassLoader::defineClass@12
                      ;   {internal_word}
  0x000001e2da4a78f0: 3d07 49ba | 4c78 4ada | e201 0000 | 4d89 9768 

  0x000001e2da4a7900: ;   {runtime_call SafepointBlob}
  0x000001e2da4a7900: 0400 00e9 | 78db 3907 | 498b 8700 | 0500 0049 | c787 0005 | 0000 0000 | 0000 49c7 | 8708 0500 
  0x000001e2da4a7920: 0000 0000 | 0048 81c4 | b000 0000 

  0x000001e2da4a792c: ;   {runtime_call unwind_exception Runtime1 stub}
  0x000001e2da4a792c: 5de9 4eea | 3d07 f4f4 | f4f4 f4f4 
[Stub Code]
  0x000001e2da4a7938: ;   {no_reloc}
  0x000001e2da4a7938: 0f1f 4400 

  0x000001e2da4a793c: ;   {static_stub}
  0x000001e2da4a793c: 0048 bb00 | 0000 0000 

  0x000001e2da4a7944: ;   {runtime_call nmethod}
  0x000001e2da4a7944: 0000 00e9 | fbff ffff 

  0x000001e2da4a794c: ;   {static_stub}
  0x000001e2da4a794c: 48bb 0000 | 0000 0000 

  0x000001e2da4a7954: ;   {runtime_call nmethod}
  0x000001e2da4a7954: 0000 e9fb 

  0x000001e2da4a7958: ;   {static_stub}
  0x000001e2da4a7958: ffff ff48 | bb00 0000 | 0000 0000 

  0x000001e2da4a7964: ;   {runtime_call nmethod}
  0x000001e2da4a7964: 00e9 fbff 

  0x000001e2da4a7968: ;   {static_stub}
  0x000001e2da4a7968: ffff 48bb | 0000 0000 | 0000 0000 

  0x000001e2da4a7974: ;   {runtime_call nmethod}
  0x000001e2da4a7974: e9fb ffff 

  0x000001e2da4a7978: ;   {runtime_call handle_exception_from_callee Runtime1 stub}
  0x000001e2da4a7978: ffe8 02bd 

  0x000001e2da4a797c: ;   {external_word}
  0x000001e2da4a797c: 3d07 48b9 | 5063 5751 | f97f 0000 | 4883 e4f0 

  0x000001e2da4a798c: ;   {runtime_call}
  0x000001e2da4a798c: 48b8 c0c9 | 1951 f97f | 0000 ffd0 

  0x000001e2da4a7998: ;   {section_word}
  0x000001e2da4a7998: f449 ba99 | 794a dae2 | 0100 0041 

  0x000001e2da4a79a4: ;   {runtime_call DeoptimizationBlob}
  0x000001e2da4a79a4: 52e9 76cd | 3907 f4f4 | f4f4 f4f4 
[/MachCode]


Compiled method (c1) 64731 1004       3       java.security.SecureClassLoader::defineClass (16 bytes)
 total in heap  [0x000001e2da475610,0x000001e2da475a10] = 1024
 relocation     [0x000001e2da475770,0x000001e2da4757c0] = 80
 main code      [0x000001e2da4757c0,0x000001e2da475918] = 344
 stub code      [0x000001e2da475918,0x000001e2da475968] = 80
 metadata       [0x000001e2da475968,0x000001e2da475970] = 8
 scopes data    [0x000001e2da475970,0x000001e2da4759b8] = 72
 scopes pcs     [0x000001e2da4759b8,0x000001e2da475a08] = 80
 dependencies   [0x000001e2da475a08,0x000001e2da475a10] = 8

[Constant Pool (empty)]

[MachCode]
[Entry Point]
  # {method} {0x000001e28004e0e8} 'defineClass' '(Ljava/lang/String;[BIILjava/security/CodeSource;)Ljava/lang/Class;' in 'java/security/SecureClassLoader'
  # this:     rdx:rdx   = 'java/security/SecureClassLoader'
  # parm0:    r8:r8     = 'java/lang/String'
  # parm1:    r9:r9     = '[B'
  # parm2:    rdi       = int
  # parm3:    rsi       = int
  # parm4:    rcx:rcx   = 'java/security/CodeSource'
  #           [sp+0x80]  (sp of caller)
  0x000001e2da4757c0: 448b 5208 | 49bb 0000 | 0080 e201 | 0000 4d03 | d34c 3bd0 

  0x000001e2da4757d4: ;   {runtime_call ic_miss_stub}
  0x000001e2da4757d4: 0f85 a68f | 3c07 660f | 1f44 0000 
[Verified Entry Point]
  0x000001e2da4757e0: 8984 2400 | 80ff ff55 | 4883 ec70 | 4181 7f20 | 0100 0000 

  0x000001e2da4757f4: ;   {runtime_call StubRoutines (final stubs)}
  0x000001e2da4757f4: 7405 e8a5 

  0x000001e2da4757f8: ;   {metadata(method data for {method} {0x000001e28004e0e8} 'defineClass' '(Ljava/lang/String;[BIILjava/security/CodeSource;)Ljava/lang/Class;' in 'java/security/SecureClassLoader')}
  0x000001e2da4757f8: 0c3b 0748 | bbf8 f817 | ede2 0100 | 008b 83cc | 0000 0083 | c002 8983 | cc00 0000 | 25fe 0700 
  0x000001e2da475818: 0085 c00f | 8496 0000 | 0089 7424 | 5c89 7c24 | 584c 894c | 2450 4c89 | 4424 4848 

  0x000001e2da475834: ;   {metadata(method data for {method} {0x000001e28004e0e8} 'defineClass' '(Ljava/lang/String;[BIILjava/security/CodeSource;)Ljava/lang/Class;' in 'java/security/SecureClassLoader')}
  0x000001e2da475834: 8bda 48b8 | f8f8 17ed | e201 0000 | 4883 8010 | 0100 0001 | 4c8b c148 | 8bc2 488b | d048 8944 
  0x000001e2da475854: ;   {optimized virtual_call}
  0x000001e2da475854: 2440 90e8 

  0x000001e2da475858: ; ImmutableOopMap {[64]=Oop [72]=Oop [80]=Oop }
                      ;*invokevirtual getProtectionDomain {reexecute=0 rethrow=0 return_oop=0}
                      ; - java.security.SecureClassLoader::defineClass@9
  0x000001e2da475858: c411 0300 

  0x000001e2da47585c: ;   {other}
  0x000001e2da47585c: 0f1f 8400 | 4c02 0000 | 488b 5424 

  0x000001e2da475868: ;   {metadata(method data for {method} {0x000001e28004e0e8} 'defineClass' '(Ljava/lang/String;[BIILjava/security/CodeSource;)Ljava/lang/Class;' in 'java/security/SecureClassLoader')}
  0x000001e2da475868: 4049 b8f8 | f817 ede2 | 0100 0049 | 8380 4801 | 0000 014c | 8b44 2448 | 4c8b 4c24 | 508b 7c24 
  0x000001e2da475888: 588b 7424 | 5c48 8bc8 | 488b 5424 

  0x000001e2da475894: ;   {optimized virtual_call}
  0x000001e2da475894: 4066 90e8 

  0x000001e2da475898: ; ImmutableOopMap {}
                      ;*invokevirtual defineClass {reexecute=0 rethrow=0 return_oop=0}
                      ; - java.security.SecureClassLoader::defineClass@12
  0x000001e2da475898: 241c 0300 

  0x000001e2da47589c: ;   {other}
  0x000001e2da47589c: 0f1f 8400 | 8c02 0001 | 4883 c470 

  0x000001e2da4758a8: ;   {poll_return}
  0x000001e2da4758a8: 5d49 3ba7 | 5004 0000 | 0f87 2200 

  0x000001e2da4758b4: ;   {metadata({method} {0x000001e28004e0e8} 'defineClass' '(Ljava/lang/String;[BIILjava/security/CodeSource;)Ljava/lang/Class;' in 'java/security/SecureClassLoader')}
  0x000001e2da4758b4: 0000 c349 | bae0 e004 | 80e2 0100 | 004c 8954 | 2408 48c7 | 0424 ffff 

  0x000001e2da4758cc: ;   {runtime_call counter_overflow Runtime1 stub}
  0x000001e2da4758cc: ffff e82d 

  0x000001e2da4758d0: ; ImmutableOopMap {rdx=Oop r8=Oop r9=Oop rcx=Oop }
                      ;*synchronization entry
                      ; - java.security.SecureClassLoader::defineClass@-1
  0x000001e2da4758d0: 384a 07e9 | 49ff ffff 

  0x000001e2da4758d8: ;   {internal_word}
  0x000001e2da4758d8: 49ba a958 | 47da e201 | 0000 4d89 | 9768 0400 

  0x000001e2da4758e8: ;   {runtime_call SafepointBlob}
  0x000001e2da4758e8: 00e9 92fb | 3c07 498b | 8700 0500 | 0049 c787 | 0005 0000 | 0000 0000 | 49c7 8708 | 0500 0000 
  0x000001e2da475908: 0000 0048 | 83c4 705d 

  0x000001e2da475910: ;   {runtime_call unwind_exception Runtime1 stub}
  0x000001e2da475910: e96b 0a41 | 07f4 f4f4 
[Stub Code]
  0x000001e2da475918: ;   {no_reloc}
  0x000001e2da475918: 48bb 30e0 | 0480 e201 

  0x000001e2da475920: ;   {runtime_call I2C/C2I adapters}
  0x000001e2da475920: 0000 e9c0 

  0x000001e2da475924: ;   {static_stub}
  0x000001e2da475924: e63c 0748 | bbb0 4f43 | 80e2 0100 

  0x000001e2da475930: ;   {runtime_call I2C/C2I adapters}
  0x000001e2da475930: 00e9 bfcc 

  0x000001e2da475934: ;   {runtime_call handle_exception_from_callee Runtime1 stub}
  0x000001e2da475934: 3b07 e845 

  0x000001e2da475938: ;   {external_word}
  0x000001e2da475938: dd40 0748 | b950 6357 | 51f9 7f00 | 0048 83e4 

  0x000001e2da475948: ;   {runtime_call}
  0x000001e2da475948: f048 b8c0 | c919 51f9 | 7f00 00ff 

  0x000001e2da475954: ;   {section_word}
  0x000001e2da475954: d0f4 49ba | 5659 47da | e201 0000 

  0x000001e2da475960: ;   {runtime_call DeoptimizationBlob}
  0x000001e2da475960: 4152 e9b9 | ed3c 07f4 
[/MachCode]


---------------  P R O C E S S  ---------------

Threads class SMR info:
_java_thread_list=0x000001e2f2eddd70, length=21, elements={
0x000001e2d70c0e90, 0x000001e2ecebe2d0, 0x000001e2f1004db0, 0x000001e2f100a650,
0x000001e2f100b0b0, 0x000001e2f100bb10, 0x000001e2f100c570, 0x000001e2f100d300,
0x000001e2f100eac0, 0x000001e2f119c7f0, 0x000001e2f12404e0, 0x000001e2f221c080,
0x000001e2f2243440, 0x000001e2f11e8a30, 0x000001e2f2e66860, 0x000001e2f30f1d10,
0x000001e2f340c1c0, 0x000001e2f340c830, 0x000001e2f3094580, 0x000001e2f3096650,
0x000001e2f3096ce0
}

Java Threads: ( => current thread )
  0x000001e2d70c0e90 JavaThread "main"                              [_thread_blocked, id=54628, stack(0x0000009b61800000,0x0000009b61900000) (1024K)]
  0x000001e2ecebe2d0 JavaThread "Reference Handler"          daemon [_thread_blocked, id=58384, stack(0x0000009b62000000,0x0000009b62100000) (1024K)]
  0x000001e2f1004db0 JavaThread "Finalizer"                  daemon [_thread_blocked, id=54636, stack(0x0000009b62100000,0x0000009b62200000) (1024K)]
  0x000001e2f100a650 JavaThread "Signal Dispatcher"          daemon [_thread_blocked, id=54552, stack(0x0000009b62200000,0x0000009b62300000) (1024K)]
  0x000001e2f100b0b0 JavaThread "Attach Listener"            daemon [_thread_blocked, id=38272, stack(0x0000009b62300000,0x0000009b62400000) (1024K)]
  0x000001e2f100bb10 JavaThread "Service Thread"             daemon [_thread_blocked, id=51896, stack(0x0000009b62400000,0x0000009b62500000) (1024K)]
  0x000001e2f100c570 JavaThread "Monitor Deflation Thread"   daemon [_thread_blocked, id=10852, stack(0x0000009b62500000,0x0000009b62600000) (1024K)]
  0x000001e2f100d300 JavaThread "C2 CompilerThread0"         daemon [_thread_blocked, id=57404, stack(0x0000009b62600000,0x0000009b62700000) (1024K)]
  0x000001e2f100eac0 JavaThread "C1 CompilerThread0"         daemon [_thread_in_vm, id=53068, stack(0x0000009b62700000,0x0000009b62800000) (1024K)]
  0x000001e2f119c7f0 JavaThread "Common-Cleaner"             daemon [_thread_blocked, id=53184, stack(0x0000009b62800000,0x0000009b62900000) (1024K)]
  0x000001e2f12404e0 JavaThread "Notification Thread"        daemon [_thread_blocked, id=53052, stack(0x0000009b62900000,0x0000009b62a00000) (1024K)]
  0x000001e2f221c080 JavaThread "Daemon health stats"               [_thread_blocked, id=57096, stack(0x0000009b62f00000,0x0000009b63000000) (1024K)]
  0x000001e2f2243440 JavaThread "Incoming local TCP Connector on port 56898"        [_thread_in_native, id=66360, stack(0x0000009b63000000,0x0000009b63100000) (1024K)]
  0x000001e2f11e8a30 JavaThread "Daemon periodic checks"            [_thread_in_vm, id=46996, stack(0x0000009b63100000,0x0000009b63200000) (1024K)]
  0x000001e2f2e66860 JavaThread "Daemon"                            [_thread_blocked, id=63780, stack(0x0000009b63200000,0x0000009b63300000) (1024K)]
  0x000001e2f30f1d10 JavaThread "Handler for socket connection from /127.0.0.1:56898 to /127.0.0.1:56905"        [_thread_in_native, id=52360, stack(0x0000009b63300000,0x0000009b63400000) (1024K)]
  0x000001e2f340c1c0 JavaThread "Cancel handler"                    [_thread_blocked, id=7972, stack(0x0000009b63400000,0x0000009b63500000) (1024K)]
=>0x000001e2f340c830 JavaThread "Daemon worker"                     [_thread_in_vm, id=66520, stack(0x0000009b63500000,0x0000009b63600000) (1024K)]
  0x000001e2f3094580 JavaThread "Asynchronous log dispatcher for DefaultDaemonConnection: socket connection from /127.0.0.1:56898 to /127.0.0.1:56905"        [_thread_blocked, id=51740, stack(0x0000009b63600000,0x0000009b63700000) (1024K)]
  0x000001e2f3096650 JavaThread "Stdin handler"                     [_thread_blocked, id=57816, stack(0x0000009b63700000,0x0000009b63800000) (1024K)]
  0x000001e2f3096ce0 JavaThread "Daemon client event forwarder"        [_thread_blocked, id=22816, stack(0x0000009b63800000,0x0000009b63900000) (1024K)]
Total: 21

Other Threads:
  0x000001e2ece9dc00 VMThread "VM Thread"                           [id=54872, stack(0x0000009b61f00000,0x0000009b62000000) (1024K)] _threads_hazard_ptr=0x000001e2f2eddd70
  0x000001e2ece8dbe0 WatcherThread "VM Periodic Task Thread"        [id=56520, stack(0x0000009b61e00000,0x0000009b61f00000) (1024K)]
  0x000001e2d70ecc70 WorkerThread "GC Thread#0"                     [id=51432, stack(0x0000009b61900000,0x0000009b61a00000) (1024K)]
  0x000001e2f1645d40 WorkerThread "GC Thread#1"                     [id=53096, stack(0x0000009b62a00000,0x0000009b62b00000) (1024K)]
  0x000001e2f16460f0 WorkerThread "GC Thread#2"                     [id=40172, stack(0x0000009b62b00000,0x0000009b62c00000) (1024K)]
  0x000001e2f16464a0 WorkerThread "GC Thread#3"                     [id=53984, stack(0x0000009b62c00000,0x0000009b62d00000) (1024K)]
  0x000001e2f1646850 WorkerThread "GC Thread#4"                     [id=56248, stack(0x0000009b62d00000,0x0000009b62e00000) (1024K)]
  0x000001e2f16455e0 WorkerThread "GC Thread#5"                     [id=54172, stack(0x0000009b62e00000,0x0000009b62f00000) (1024K)]
  0x000001e2d70f1b70 ConcurrentGCThread "G1 Main Marker"            [id=48304, stack(0x0000009b61a00000,0x0000009b61b00000) (1024K)]
  0x000001e2d70f2590 WorkerThread "G1 Conc#0"                       [id=56436, stack(0x0000009b61b00000,0x0000009b61c00000) (1024K)]
  0x000001e2d717eb80 ConcurrentGCThread "G1 Refine#0"               [id=51596, stack(0x0000009b61c00000,0x0000009b61d00000) (1024K)]
  0x000001e2ecd61750 ConcurrentGCThread "G1 Service"                [id=43100, stack(0x0000009b61d00000,0x0000009b61e00000) (1024K)]
Total: 12

Threads with active compile tasks:
C1 CompilerThread0  65322 2536       3       org.gradle.launcher.daemon.server.exec.DaemonConnectionBackedEventConsumer$ForwardEvents::moreMessagesToSend (35 bytes)
Total: 1

VM state: not at safepoint (normal execution)

VM Mutex/Monitor currently owned by a thread:  ([mutex/lock_event])
[0x00007ff95182d530] Metaspace_lock - owner thread: 0x000001e2f340c830

Heap address: 0x00000000e0000000, size: 512 MB, Compressed Oops mode: 32-bit

CDS archive(s) mapped at: [0x000001e280000000-0x000001e280ba0000-0x000001e280ba0000), size 12189696, SharedBaseAddress: 0x000001e280000000, ArchiveRelocationMode: 1.
Compressed class space mapped at: 0x000001e281000000-0x000001e295000000, reserved size: 335544320
Narrow klass base: 0x000001e280000000, Narrow klass shift: 0, Narrow klass range: 0x100000000

GC Precious Log:
 CardTable entry size: 512
 Card Set container configuration: InlinePtr #cards 5 size 8 Array Of Cards #cards 12 size 40 Howl #buckets 4 coarsen threshold 1843 Howl Bitmap #cards 512 size 80 coarsen threshold 460 Card regions per heap region 1 cards per card region 2048
 CPUs: 12 total, 12 available
 Memory: 16067M
 Large Page Support: Disabled
 NUMA Support: Disabled
 Compressed Oops: Enabled (32-bit)
 Heap Region Size: 1M
 Heap Min Capacity: 256M
 Heap Initial Capacity: 256M
 Heap Max Capacity: 512M
 Pre-touch: Disabled
 Parallel Workers: 10
 Concurrent Workers: 3
 Concurrent Refinement Workers: 10
 Periodic GC: Disabled

Heap:
 garbage-first heap   total 262144K, used 70220K [0x00000000e0000000, 0x0000000100000000)
  region size 1024K, 57 young (58368K), 2 survivors (2048K)
 Metaspace       used 11353K, committed 11648K, reserved 393216K
  class space    used 1518K, committed 1664K, reserved 327680K

Heap Regions: E=young(eden), S=young(survivor), O=old, HS=humongous(starts), HC=humongous(continues), CS=collection set, F=free, TAMS=top-at-mark-start, PB=parsable bottom
|   0|0x00000000e0000000, 0x00000000e0100000, 0x00000000e0100000|100%|HS|  |TAMS 0x00000000e0000000| PB 0x00000000e0000000| Complete 
|   1|0x00000000e0100000, 0x00000000e0200000, 0x00000000e0200000|100%|HC|  |TAMS 0x00000000e0100000| PB 0x00000000e0100000| Complete 
|   2|0x00000000e0200000, 0x00000000e0300000, 0x00000000e0300000|100%|HC|  |TAMS 0x00000000e0200000| PB 0x00000000e0200000| Complete 
|   3|0x00000000e0300000, 0x00000000e0400000, 0x00000000e0400000|100%|HC|  |TAMS 0x00000000e0300000| PB 0x00000000e0300000| Complete 
|   4|0x00000000e0400000, 0x00000000e0500000, 0x00000000e0500000|100%| O|  |TAMS 0x00000000e0400000| PB 0x00000000e0400000| Untracked 
|   5|0x00000000e0500000, 0x00000000e0600000, 0x00000000e0600000|100%| O|  |TAMS 0x00000000e0500000| PB 0x00000000e0500000| Untracked 
|   6|0x00000000e0600000, 0x00000000e0700000, 0x00000000e0700000|100%| O|  |TAMS 0x00000000e0600000| PB 0x00000000e0600000| Untracked 
|   7|0x00000000e0700000, 0x00000000e0800000, 0x00000000e0800000|100%| O|  |TAMS 0x00000000e0700000| PB 0x00000000e0700000| Untracked 
|   8|0x00000000e0800000, 0x00000000e0900000, 0x00000000e0900000|100%| O|  |TAMS 0x00000000e0800000| PB 0x00000000e0800000| Untracked 
|   9|0x00000000e0900000, 0x00000000e0a00000, 0x00000000e0a00000|100%| O|  |TAMS 0x00000000e0900000| PB 0x00000000e0900000| Untracked 
|  10|0x00000000e0a00000, 0x00000000e0b00000, 0x00000000e0b00000|100%| O|  |TAMS 0x00000000e0a00000| PB 0x00000000e0a00000| Untracked 
|  11|0x00000000e0b00000, 0x00000000e0b4c808, 0x00000000e0c00000| 29%| O|  |TAMS 0x00000000e0b00000| PB 0x00000000e0b00000| Untracked 
|  12|0x00000000e0c00000, 0x00000000e0d00000, 0x00000000e0d00000|100%|HS|  |TAMS 0x00000000e0c00000| PB 0x00000000e0c00000| Complete 
|  13|0x00000000e0d00000, 0x00000000e0e00000, 0x00000000e0e00000|100%|HS|  |TAMS 0x00000000e0d00000| PB 0x00000000e0d00000| Complete 
|  14|0x00000000e0e00000, 0x00000000e0e00000, 0x00000000e0f00000|  0%| F|  |TAMS 0x00000000e0e00000| PB 0x00000000e0e00000| Untracked 
|  15|0x00000000e0f00000, 0x00000000e0f00000, 0x00000000e1000000|  0%| F|  |TAMS 0x00000000e0f00000| PB 0x00000000e0f00000| Untracked 
|  16|0x00000000e1000000, 0x00000000e1000000, 0x00000000e1100000|  0%| F|  |TAMS 0x00000000e1000000| PB 0x00000000e1000000| Untracked 
|  17|0x00000000e1100000, 0x00000000e1100000, 0x00000000e1200000|  0%| F|  |TAMS 0x00000000e1100000| PB 0x00000000e1100000| Untracked 
|  18|0x00000000e1200000, 0x00000000e1200000, 0x00000000e1300000|  0%| F|  |TAMS 0x00000000e1200000| PB 0x00000000e1200000| Untracked 
|  19|0x00000000e1300000, 0x00000000e1300000, 0x00000000e1400000|  0%| F|  |TAMS 0x00000000e1300000| PB 0x00000000e1300000| Untracked 
|  20|0x00000000e1400000, 0x00000000e1400000, 0x00000000e1500000|  0%| F|  |TAMS 0x00000000e1400000| PB 0x00000000e1400000| Untracked 
|  21|0x00000000e1500000, 0x00000000e1500000, 0x00000000e1600000|  0%| F|  |TAMS 0x00000000e1500000| PB 0x00000000e1500000| Untracked 
|  22|0x00000000e1600000, 0x00000000e1600000, 0x00000000e1700000|  0%| F|  |TAMS 0x00000000e1600000| PB 0x00000000e1600000| Untracked 
|  23|0x00000000e1700000, 0x00000000e1700000, 0x00000000e1800000|  0%| F|  |TAMS 0x00000000e1700000| PB 0x00000000e1700000| Untracked 
|  24|0x00000000e1800000, 0x00000000e1800000, 0x00000000e1900000|  0%| F|  |TAMS 0x00000000e1800000| PB 0x00000000e1800000| Untracked 
|  25|0x00000000e1900000, 0x00000000e1900000, 0x00000000e1a00000|  0%| F|  |TAMS 0x00000000e1900000| PB 0x00000000e1900000| Untracked 
|  26|0x00000000e1a00000, 0x00000000e1a00000, 0x00000000e1b00000|  0%| F|  |TAMS 0x00000000e1a00000| PB 0x00000000e1a00000| Untracked 
|  27|0x00000000e1b00000, 0x00000000e1b00000, 0x00000000e1c00000|  0%| F|  |TAMS 0x00000000e1b00000| PB 0x00000000e1b00000| Untracked 
|  28|0x00000000e1c00000, 0x00000000e1c00000, 0x00000000e1d00000|  0%| F|  |TAMS 0x00000000e1c00000| PB 0x00000000e1c00000| Untracked 
|  29|0x00000000e1d00000, 0x00000000e1d00000, 0x00000000e1e00000|  0%| F|  |TAMS 0x00000000e1d00000| PB 0x00000000e1d00000| Untracked 
|  30|0x00000000e1e00000, 0x00000000e1e00000, 0x00000000e1f00000|  0%| F|  |TAMS 0x00000000e1e00000| PB 0x00000000e1e00000| Untracked 
|  31|0x00000000e1f00000, 0x00000000e1f00000, 0x00000000e2000000|  0%| F|  |TAMS 0x00000000e1f00000| PB 0x00000000e1f00000| Untracked 
|  32|0x00000000e2000000, 0x00000000e2000000, 0x00000000e2100000|  0%| F|  |TAMS 0x00000000e2000000| PB 0x00000000e2000000| Untracked 
|  33|0x00000000e2100000, 0x00000000e2100000, 0x00000000e2200000|  0%| F|  |TAMS 0x00000000e2100000| PB 0x00000000e2100000| Untracked 
|  34|0x00000000e2200000, 0x00000000e2200000, 0x00000000e2300000|  0%| F|  |TAMS 0x00000000e2200000| PB 0x00000000e2200000| Untracked 
|  35|0x00000000e2300000, 0x00000000e2300000, 0x00000000e2400000|  0%| F|  |TAMS 0x00000000e2300000| PB 0x00000000e2300000| Untracked 
|  36|0x00000000e2400000, 0x00000000e2400000, 0x00000000e2500000|  0%| F|  |TAMS 0x00000000e2400000| PB 0x00000000e2400000| Untracked 
|  37|0x00000000e2500000, 0x00000000e2500000, 0x00000000e2600000|  0%| F|  |TAMS 0x00000000e2500000| PB 0x00000000e2500000| Untracked 
|  38|0x00000000e2600000, 0x00000000e2600000, 0x00000000e2700000|  0%| F|  |TAMS 0x00000000e2600000| PB 0x00000000e2600000| Untracked 
|  39|0x00000000e2700000, 0x00000000e2700000, 0x00000000e2800000|  0%| F|  |TAMS 0x00000000e2700000| PB 0x00000000e2700000| Untracked 
|  40|0x00000000e2800000, 0x00000000e2800000, 0x00000000e2900000|  0%| F|  |TAMS 0x00000000e2800000| PB 0x00000000e2800000| Untracked 
|  41|0x00000000e2900000, 0x00000000e2900000, 0x00000000e2a00000|  0%| F|  |TAMS 0x00000000e2900000| PB 0x00000000e2900000| Untracked 
|  42|0x00000000e2a00000, 0x00000000e2a00000, 0x00000000e2b00000|  0%| F|  |TAMS 0x00000000e2a00000| PB 0x00000000e2a00000| Untracked 
|  43|0x00000000e2b00000, 0x00000000e2b00000, 0x00000000e2c00000|  0%| F|  |TAMS 0x00000000e2b00000| PB 0x00000000e2b00000| Untracked 
|  44|0x00000000e2c00000, 0x00000000e2c00000, 0x00000000e2d00000|  0%| F|  |TAMS 0x00000000e2c00000| PB 0x00000000e2c00000| Untracked 
|  45|0x00000000e2d00000, 0x00000000e2d00000, 0x00000000e2e00000|  0%| F|  |TAMS 0x00000000e2d00000| PB 0x00000000e2d00000| Untracked 
|  46|0x00000000e2e00000, 0x00000000e2e00000, 0x00000000e2f00000|  0%| F|  |TAMS 0x00000000e2e00000| PB 0x00000000e2e00000| Untracked 
|  47|0x00000000e2f00000, 0x00000000e2f00000, 0x00000000e3000000|  0%| F|  |TAMS 0x00000000e2f00000| PB 0x00000000e2f00000| Untracked 
|  48|0x00000000e3000000, 0x00000000e3000000, 0x00000000e3100000|  0%| F|  |TAMS 0x00000000e3000000| PB 0x00000000e3000000| Untracked 
|  49|0x00000000e3100000, 0x00000000e3100000, 0x00000000e3200000|  0%| F|  |TAMS 0x00000000e3100000| PB 0x00000000e3100000| Untracked 
|  50|0x00000000e3200000, 0x00000000e3200000, 0x00000000e3300000|  0%| F|  |TAMS 0x00000000e3200000| PB 0x00000000e3200000| Untracked 
|  51|0x00000000e3300000, 0x00000000e3300000, 0x00000000e3400000|  0%| F|  |TAMS 0x00000000e3300000| PB 0x00000000e3300000| Untracked 
|  52|0x00000000e3400000, 0x00000000e3400000, 0x00000000e3500000|  0%| F|  |TAMS 0x00000000e3400000| PB 0x00000000e3400000| Untracked 
|  53|0x00000000e3500000, 0x00000000e3500000, 0x00000000e3600000|  0%| F|  |TAMS 0x00000000e3500000| PB 0x00000000e3500000| Untracked 
|  54|0x00000000e3600000, 0x00000000e3600000, 0x00000000e3700000|  0%| F|  |TAMS 0x00000000e3600000| PB 0x00000000e3600000| Untracked 
|  55|0x00000000e3700000, 0x00000000e3700000, 0x00000000e3800000|  0%| F|  |TAMS 0x00000000e3700000| PB 0x00000000e3700000| Untracked 
|  56|0x00000000e3800000, 0x00000000e3800000, 0x00000000e3900000|  0%| F|  |TAMS 0x00000000e3800000| PB 0x00000000e3800000| Untracked 
|  57|0x00000000e3900000, 0x00000000e3900000, 0x00000000e3a00000|  0%| F|  |TAMS 0x00000000e3900000| PB 0x00000000e3900000| Untracked 
|  58|0x00000000e3a00000, 0x00000000e3a00000, 0x00000000e3b00000|  0%| F|  |TAMS 0x00000000e3a00000| PB 0x00000000e3a00000| Untracked 
|  59|0x00000000e3b00000, 0x00000000e3b00000, 0x00000000e3c00000|  0%| F|  |TAMS 0x00000000e3b00000| PB 0x00000000e3b00000| Untracked 
|  60|0x00000000e3c00000, 0x00000000e3c00000, 0x00000000e3d00000|  0%| F|  |TAMS 0x00000000e3c00000| PB 0x00000000e3c00000| Untracked 
|  61|0x00000000e3d00000, 0x00000000e3d00000, 0x00000000e3e00000|  0%| F|  |TAMS 0x00000000e3d00000| PB 0x00000000e3d00000| Untracked 
|  62|0x00000000e3e00000, 0x00000000e3e00000, 0x00000000e3f00000|  0%| F|  |TAMS 0x00000000e3e00000| PB 0x00000000e3e00000| Untracked 
|  63|0x00000000e3f00000, 0x00000000e3f00000, 0x00000000e4000000|  0%| F|  |TAMS 0x00000000e3f00000| PB 0x00000000e3f00000| Untracked 
|  64|0x00000000e4000000, 0x00000000e4000000, 0x00000000e4100000|  0%| F|  |TAMS 0x00000000e4000000| PB 0x00000000e4000000| Untracked 
|  65|0x00000000e4100000, 0x00000000e4100000, 0x00000000e4200000|  0%| F|  |TAMS 0x00000000e4100000| PB 0x00000000e4100000| Untracked 
|  66|0x00000000e4200000, 0x00000000e4200000, 0x00000000e4300000|  0%| F|  |TAMS 0x00000000e4200000| PB 0x00000000e4200000| Untracked 
|  67|0x00000000e4300000, 0x00000000e4300000, 0x00000000e4400000|  0%| F|  |TAMS 0x00000000e4300000| PB 0x00000000e4300000| Untracked 
|  68|0x00000000e4400000, 0x00000000e4400000, 0x00000000e4500000|  0%| F|  |TAMS 0x00000000e4400000| PB 0x00000000e4400000| Untracked 
|  69|0x00000000e4500000, 0x00000000e4500000, 0x00000000e4600000|  0%| F|  |TAMS 0x00000000e4500000| PB 0x00000000e4500000| Untracked 
|  70|0x00000000e4600000, 0x00000000e4600000, 0x00000000e4700000|  0%| F|  |TAMS 0x00000000e4600000| PB 0x00000000e4600000| Untracked 
|  71|0x00000000e4700000, 0x00000000e4700000, 0x00000000e4800000|  0%| F|  |TAMS 0x00000000e4700000| PB 0x00000000e4700000| Untracked 
|  72|0x00000000e4800000, 0x00000000e4800000, 0x00000000e4900000|  0%| F|  |TAMS 0x00000000e4800000| PB 0x00000000e4800000| Untracked 
|  73|0x00000000e4900000, 0x00000000e4900000, 0x00000000e4a00000|  0%| F|  |TAMS 0x00000000e4900000| PB 0x00000000e4900000| Untracked 
|  74|0x00000000e4a00000, 0x00000000e4a00000, 0x00000000e4b00000|  0%| F|  |TAMS 0x00000000e4a00000| PB 0x00000000e4a00000| Untracked 
|  75|0x00000000e4b00000, 0x00000000e4b00000, 0x00000000e4c00000|  0%| F|  |TAMS 0x00000000e4b00000| PB 0x00000000e4b00000| Untracked 
|  76|0x00000000e4c00000, 0x00000000e4c00000, 0x00000000e4d00000|  0%| F|  |TAMS 0x00000000e4c00000| PB 0x00000000e4c00000| Untracked 
|  77|0x00000000e4d00000, 0x00000000e4d00000, 0x00000000e4e00000|  0%| F|  |TAMS 0x00000000e4d00000| PB 0x00000000e4d00000| Untracked 
|  78|0x00000000e4e00000, 0x00000000e4e00000, 0x00000000e4f00000|  0%| F|  |TAMS 0x00000000e4e00000| PB 0x00000000e4e00000| Untracked 
|  79|0x00000000e4f00000, 0x00000000e4f00000, 0x00000000e5000000|  0%| F|  |TAMS 0x00000000e4f00000| PB 0x00000000e4f00000| Untracked 
|  80|0x00000000e5000000, 0x00000000e5000000, 0x00000000e5100000|  0%| F|  |TAMS 0x00000000e5000000| PB 0x00000000e5000000| Untracked 
|  81|0x00000000e5100000, 0x00000000e5100000, 0x00000000e5200000|  0%| F|  |TAMS 0x00000000e5100000| PB 0x00000000e5100000| Untracked 
|  82|0x00000000e5200000, 0x00000000e5200000, 0x00000000e5300000|  0%| F|  |TAMS 0x00000000e5200000| PB 0x00000000e5200000| Untracked 
|  83|0x00000000e5300000, 0x00000000e5300000, 0x00000000e5400000|  0%| F|  |TAMS 0x00000000e5300000| PB 0x00000000e5300000| Untracked 
|  84|0x00000000e5400000, 0x00000000e5400000, 0x00000000e5500000|  0%| F|  |TAMS 0x00000000e5400000| PB 0x00000000e5400000| Untracked 
|  85|0x00000000e5500000, 0x00000000e5500000, 0x00000000e5600000|  0%| F|  |TAMS 0x00000000e5500000| PB 0x00000000e5500000| Untracked 
|  86|0x00000000e5600000, 0x00000000e5600000, 0x00000000e5700000|  0%| F|  |TAMS 0x00000000e5600000| PB 0x00000000e5600000| Untracked 
|  87|0x00000000e5700000, 0x00000000e5700000, 0x00000000e5800000|  0%| F|  |TAMS 0x00000000e5700000| PB 0x00000000e5700000| Untracked 
|  88|0x00000000e5800000, 0x00000000e5800000, 0x00000000e5900000|  0%| F|  |TAMS 0x00000000e5800000| PB 0x00000000e5800000| Untracked 
|  89|0x00000000e5900000, 0x00000000e5900000, 0x00000000e5a00000|  0%| F|  |TAMS 0x00000000e5900000| PB 0x00000000e5900000| Untracked 
|  90|0x00000000e5a00000, 0x00000000e5a00000, 0x00000000e5b00000|  0%| F|  |TAMS 0x00000000e5a00000| PB 0x00000000e5a00000| Untracked 
|  91|0x00000000e5b00000, 0x00000000e5b00000, 0x00000000e5c00000|  0%| F|  |TAMS 0x00000000e5b00000| PB 0x00000000e5b00000| Untracked 
|  92|0x00000000e5c00000, 0x00000000e5c00000, 0x00000000e5d00000|  0%| F|  |TAMS 0x00000000e5c00000| PB 0x00000000e5c00000| Untracked 
|  93|0x00000000e5d00000, 0x00000000e5d00000, 0x00000000e5e00000|  0%| F|  |TAMS 0x00000000e5d00000| PB 0x00000000e5d00000| Untracked 
|  94|0x00000000e5e00000, 0x00000000e5e00000, 0x00000000e5f00000|  0%| F|  |TAMS 0x00000000e5e00000| PB 0x00000000e5e00000| Untracked 
|  95|0x00000000e5f00000, 0x00000000e5f00000, 0x00000000e6000000|  0%| F|  |TAMS 0x00000000e5f00000| PB 0x00000000e5f00000| Untracked 
|  96|0x00000000e6000000, 0x00000000e6000000, 0x00000000e6100000|  0%| F|  |TAMS 0x00000000e6000000| PB 0x00000000e6000000| Untracked 
|  97|0x00000000e6100000, 0x00000000e6100000, 0x00000000e6200000|  0%| F|  |TAMS 0x00000000e6100000| PB 0x00000000e6100000| Untracked 
|  98|0x00000000e6200000, 0x00000000e6200000, 0x00000000e6300000|  0%| F|  |TAMS 0x00000000e6200000| PB 0x00000000e6200000| Untracked 
|  99|0x00000000e6300000, 0x00000000e6300000, 0x00000000e6400000|  0%| F|  |TAMS 0x00000000e6300000| PB 0x00000000e6300000| Untracked 
| 100|0x00000000e6400000, 0x00000000e6400000, 0x00000000e6500000|  0%| F|  |TAMS 0x00000000e6400000| PB 0x00000000e6400000| Untracked 
| 101|0x00000000e6500000, 0x00000000e6500000, 0x00000000e6600000|  0%| F|  |TAMS 0x00000000e6500000| PB 0x00000000e6500000| Untracked 
| 102|0x00000000e6600000, 0x00000000e6600000, 0x00000000e6700000|  0%| F|  |TAMS 0x00000000e6600000| PB 0x00000000e6600000| Untracked 
| 103|0x00000000e6700000, 0x00000000e6700000, 0x00000000e6800000|  0%| F|  |TAMS 0x00000000e6700000| PB 0x00000000e6700000| Untracked 
| 104|0x00000000e6800000, 0x00000000e6800000, 0x00000000e6900000|  0%| F|  |TAMS 0x00000000e6800000| PB 0x00000000e6800000| Untracked 
| 105|0x00000000e6900000, 0x00000000e6900000, 0x00000000e6a00000|  0%| F|  |TAMS 0x00000000e6900000| PB 0x00000000e6900000| Untracked 
| 106|0x00000000e6a00000, 0x00000000e6a00000, 0x00000000e6b00000|  0%| F|  |TAMS 0x00000000e6a00000| PB 0x00000000e6a00000| Untracked 
| 107|0x00000000e6b00000, 0x00000000e6b00000, 0x00000000e6c00000|  0%| F|  |TAMS 0x00000000e6b00000| PB 0x00000000e6b00000| Untracked 
| 108|0x00000000e6c00000, 0x00000000e6c00000, 0x00000000e6d00000|  0%| F|  |TAMS 0x00000000e6c00000| PB 0x00000000e6c00000| Untracked 
| 109|0x00000000e6d00000, 0x00000000e6d00000, 0x00000000e6e00000|  0%| F|  |TAMS 0x00000000e6d00000| PB 0x00000000e6d00000| Untracked 
| 110|0x00000000e6e00000, 0x00000000e6e00000, 0x00000000e6f00000|  0%| F|  |TAMS 0x00000000e6e00000| PB 0x00000000e6e00000| Untracked 
| 111|0x00000000e6f00000, 0x00000000e6f00000, 0x00000000e7000000|  0%| F|  |TAMS 0x00000000e6f00000| PB 0x00000000e6f00000| Untracked 
| 112|0x00000000e7000000, 0x00000000e7000000, 0x00000000e7100000|  0%| F|  |TAMS 0x00000000e7000000| PB 0x00000000e7000000| Untracked 
| 113|0x00000000e7100000, 0x00000000e7100000, 0x00000000e7200000|  0%| F|  |TAMS 0x00000000e7100000| PB 0x00000000e7100000| Untracked 
| 114|0x00000000e7200000, 0x00000000e7200000, 0x00000000e7300000|  0%| F|  |TAMS 0x00000000e7200000| PB 0x00000000e7200000| Untracked 
| 115|0x00000000e7300000, 0x00000000e7300000, 0x00000000e7400000|  0%| F|  |TAMS 0x00000000e7300000| PB 0x00000000e7300000| Untracked 
| 116|0x00000000e7400000, 0x00000000e7400000, 0x00000000e7500000|  0%| F|  |TAMS 0x00000000e7400000| PB 0x00000000e7400000| Untracked 
| 117|0x00000000e7500000, 0x00000000e7500000, 0x00000000e7600000|  0%| F|  |TAMS 0x00000000e7500000| PB 0x00000000e7500000| Untracked 
| 118|0x00000000e7600000, 0x00000000e7600000, 0x00000000e7700000|  0%| F|  |TAMS 0x00000000e7600000| PB 0x00000000e7600000| Untracked 
| 119|0x00000000e7700000, 0x00000000e7700000, 0x00000000e7800000|  0%| F|  |TAMS 0x00000000e7700000| PB 0x00000000e7700000| Untracked 
| 120|0x00000000e7800000, 0x00000000e7800000, 0x00000000e7900000|  0%| F|  |TAMS 0x00000000e7800000| PB 0x00000000e7800000| Untracked 
| 121|0x00000000e7900000, 0x00000000e7900000, 0x00000000e7a00000|  0%| F|  |TAMS 0x00000000e7900000| PB 0x00000000e7900000| Untracked 
| 122|0x00000000e7a00000, 0x00000000e7a00000, 0x00000000e7b00000|  0%| F|  |TAMS 0x00000000e7a00000| PB 0x00000000e7a00000| Untracked 
| 123|0x00000000e7b00000, 0x00000000e7b00000, 0x00000000e7c00000|  0%| F|  |TAMS 0x00000000e7b00000| PB 0x00000000e7b00000| Untracked 
| 124|0x00000000e7c00000, 0x00000000e7c00000, 0x00000000e7d00000|  0%| F|  |TAMS 0x00000000e7c00000| PB 0x00000000e7c00000| Untracked 
| 125|0x00000000e7d00000, 0x00000000e7d00000, 0x00000000e7e00000|  0%| F|  |TAMS 0x00000000e7d00000| PB 0x00000000e7d00000| Untracked 
| 126|0x00000000e7e00000, 0x00000000e7e00000, 0x00000000e7f00000|  0%| F|  |TAMS 0x00000000e7e00000| PB 0x00000000e7e00000| Untracked 
| 127|0x00000000e7f00000, 0x00000000e7f00000, 0x00000000e8000000|  0%| F|  |TAMS 0x00000000e7f00000| PB 0x00000000e7f00000| Untracked 
| 128|0x00000000e8000000, 0x00000000e8000000, 0x00000000e8100000|  0%| F|  |TAMS 0x00000000e8000000| PB 0x00000000e8000000| Untracked 
| 129|0x00000000e8100000, 0x00000000e8100000, 0x00000000e8200000|  0%| F|  |TAMS 0x00000000e8100000| PB 0x00000000e8100000| Untracked 
| 130|0x00000000e8200000, 0x00000000e8200000, 0x00000000e8300000|  0%| F|  |TAMS 0x00000000e8200000| PB 0x00000000e8200000| Untracked 
| 131|0x00000000e8300000, 0x00000000e8300000, 0x00000000e8400000|  0%| F|  |TAMS 0x00000000e8300000| PB 0x00000000e8300000| Untracked 
| 132|0x00000000e8400000, 0x00000000e8400000, 0x00000000e8500000|  0%| F|  |TAMS 0x00000000e8400000| PB 0x00000000e8400000| Untracked 
| 133|0x00000000e8500000, 0x00000000e8500000, 0x00000000e8600000|  0%| F|  |TAMS 0x00000000e8500000| PB 0x00000000e8500000| Untracked 
| 134|0x00000000e8600000, 0x00000000e8600000, 0x00000000e8700000|  0%| F|  |TAMS 0x00000000e8600000| PB 0x00000000e8600000| Untracked 
| 135|0x00000000e8700000, 0x00000000e8700000, 0x00000000e8800000|  0%| F|  |TAMS 0x00000000e8700000| PB 0x00000000e8700000| Untracked 
| 136|0x00000000e8800000, 0x00000000e8800000, 0x00000000e8900000|  0%| F|  |TAMS 0x00000000e8800000| PB 0x00000000e8800000| Untracked 
| 137|0x00000000e8900000, 0x00000000e8900000, 0x00000000e8a00000|  0%| F|  |TAMS 0x00000000e8900000| PB 0x00000000e8900000| Untracked 
| 138|0x00000000e8a00000, 0x00000000e8a00000, 0x00000000e8b00000|  0%| F|  |TAMS 0x00000000e8a00000| PB 0x00000000e8a00000| Untracked 
| 139|0x00000000e8b00000, 0x00000000e8b00000, 0x00000000e8c00000|  0%| F|  |TAMS 0x00000000e8b00000| PB 0x00000000e8b00000| Untracked 
| 140|0x00000000e8c00000, 0x00000000e8c00000, 0x00000000e8d00000|  0%| F|  |TAMS 0x00000000e8c00000| PB 0x00000000e8c00000| Untracked 
| 141|0x00000000e8d00000, 0x00000000e8d00000, 0x00000000e8e00000|  0%| F|  |TAMS 0x00000000e8d00000| PB 0x00000000e8d00000| Untracked 
| 142|0x00000000e8e00000, 0x00000000e8e00000, 0x00000000e8f00000|  0%| F|  |TAMS 0x00000000e8e00000| PB 0x00000000e8e00000| Untracked 
| 143|0x00000000e8f00000, 0x00000000e8f00000, 0x00000000e9000000|  0%| F|  |TAMS 0x00000000e8f00000| PB 0x00000000e8f00000| Untracked 
| 144|0x00000000e9000000, 0x00000000e9000000, 0x00000000e9100000|  0%| F|  |TAMS 0x00000000e9000000| PB 0x00000000e9000000| Untracked 
| 145|0x00000000e9100000, 0x00000000e9100000, 0x00000000e9200000|  0%| F|  |TAMS 0x00000000e9100000| PB 0x00000000e9100000| Untracked 
| 146|0x00000000e9200000, 0x00000000e9200000, 0x00000000e9300000|  0%| F|  |TAMS 0x00000000e9200000| PB 0x00000000e9200000| Untracked 
| 147|0x00000000e9300000, 0x00000000e9300000, 0x00000000e9400000|  0%| F|  |TAMS 0x00000000e9300000| PB 0x00000000e9300000| Untracked 
| 148|0x00000000e9400000, 0x00000000e9400000, 0x00000000e9500000|  0%| F|  |TAMS 0x00000000e9400000| PB 0x00000000e9400000| Untracked 
| 149|0x00000000e9500000, 0x00000000e9500000, 0x00000000e9600000|  0%| F|  |TAMS 0x00000000e9500000| PB 0x00000000e9500000| Untracked 
| 150|0x00000000e9600000, 0x00000000e9600000, 0x00000000e9700000|  0%| F|  |TAMS 0x00000000e9600000| PB 0x00000000e9600000| Untracked 
| 151|0x00000000e9700000, 0x00000000e9700000, 0x00000000e9800000|  0%| F|  |TAMS 0x00000000e9700000| PB 0x00000000e9700000| Untracked 
| 152|0x00000000e9800000, 0x00000000e9800000, 0x00000000e9900000|  0%| F|  |TAMS 0x00000000e9800000| PB 0x00000000e9800000| Untracked 
| 153|0x00000000e9900000, 0x00000000e9900000, 0x00000000e9a00000|  0%| F|  |TAMS 0x00000000e9900000| PB 0x00000000e9900000| Untracked 
| 154|0x00000000e9a00000, 0x00000000e9a00000, 0x00000000e9b00000|  0%| F|  |TAMS 0x00000000e9a00000| PB 0x00000000e9a00000| Untracked 
| 155|0x00000000e9b00000, 0x00000000e9b00000, 0x00000000e9c00000|  0%| F|  |TAMS 0x00000000e9b00000| PB 0x00000000e9b00000| Untracked 
| 156|0x00000000e9c00000, 0x00000000e9c00000, 0x00000000e9d00000|  0%| F|  |TAMS 0x00000000e9c00000| PB 0x00000000e9c00000| Untracked 
| 157|0x00000000e9d00000, 0x00000000e9d00000, 0x00000000e9e00000|  0%| F|  |TAMS 0x00000000e9d00000| PB 0x00000000e9d00000| Untracked 
| 158|0x00000000e9e00000, 0x00000000e9e00000, 0x00000000e9f00000|  0%| F|  |TAMS 0x00000000e9e00000| PB 0x00000000e9e00000| Untracked 
| 159|0x00000000e9f00000, 0x00000000e9f00000, 0x00000000ea000000|  0%| F|  |TAMS 0x00000000e9f00000| PB 0x00000000e9f00000| Untracked 
| 160|0x00000000ea000000, 0x00000000ea000000, 0x00000000ea100000|  0%| F|  |TAMS 0x00000000ea000000| PB 0x00000000ea000000| Untracked 
| 161|0x00000000ea100000, 0x00000000ea100000, 0x00000000ea200000|  0%| F|  |TAMS 0x00000000ea100000| PB 0x00000000ea100000| Untracked 
| 162|0x00000000ea200000, 0x00000000ea200000, 0x00000000ea300000|  0%| F|  |TAMS 0x00000000ea200000| PB 0x00000000ea200000| Untracked 
| 163|0x00000000ea300000, 0x00000000ea300000, 0x00000000ea400000|  0%| F|  |TAMS 0x00000000ea300000| PB 0x00000000ea300000| Untracked 
| 164|0x00000000ea400000, 0x00000000ea400000, 0x00000000ea500000|  0%| F|  |TAMS 0x00000000ea400000| PB 0x00000000ea400000| Untracked 
| 165|0x00000000ea500000, 0x00000000ea500000, 0x00000000ea600000|  0%| F|  |TAMS 0x00000000ea500000| PB 0x00000000ea500000| Untracked 
| 166|0x00000000ea600000, 0x00000000ea600000, 0x00000000ea700000|  0%| F|  |TAMS 0x00000000ea600000| PB 0x00000000ea600000| Untracked 
| 167|0x00000000ea700000, 0x00000000ea700000, 0x00000000ea800000|  0%| F|  |TAMS 0x00000000ea700000| PB 0x00000000ea700000| Untracked 
| 168|0x00000000ea800000, 0x00000000ea800000, 0x00000000ea900000|  0%| F|  |TAMS 0x00000000ea800000| PB 0x00000000ea800000| Untracked 
| 169|0x00000000ea900000, 0x00000000ea900000, 0x00000000eaa00000|  0%| F|  |TAMS 0x00000000ea900000| PB 0x00000000ea900000| Untracked 
| 170|0x00000000eaa00000, 0x00000000eaa00000, 0x00000000eab00000|  0%| F|  |TAMS 0x00000000eaa00000| PB 0x00000000eaa00000| Untracked 
| 171|0x00000000eab00000, 0x00000000eab00000, 0x00000000eac00000|  0%| F|  |TAMS 0x00000000eab00000| PB 0x00000000eab00000| Untracked 
| 172|0x00000000eac00000, 0x00000000eac00000, 0x00000000ead00000|  0%| F|  |TAMS 0x00000000eac00000| PB 0x00000000eac00000| Untracked 
| 173|0x00000000ead00000, 0x00000000ead00000, 0x00000000eae00000|  0%| F|  |TAMS 0x00000000ead00000| PB 0x00000000ead00000| Untracked 
| 174|0x00000000eae00000, 0x00000000eae00000, 0x00000000eaf00000|  0%| F|  |TAMS 0x00000000eae00000| PB 0x00000000eae00000| Untracked 
| 175|0x00000000eaf00000, 0x00000000eaf00000, 0x00000000eb000000|  0%| F|  |TAMS 0x00000000eaf00000| PB 0x00000000eaf00000| Untracked 
| 176|0x00000000eb000000, 0x00000000eb000000, 0x00000000eb100000|  0%| F|  |TAMS 0x00000000eb000000| PB 0x00000000eb000000| Untracked 
| 177|0x00000000eb100000, 0x00000000eb100000, 0x00000000eb200000|  0%| F|  |TAMS 0x00000000eb100000| PB 0x00000000eb100000| Untracked 
| 178|0x00000000eb200000, 0x00000000eb200000, 0x00000000eb300000|  0%| F|  |TAMS 0x00000000eb200000| PB 0x00000000eb200000| Untracked 
| 179|0x00000000eb300000, 0x00000000eb300000, 0x00000000eb400000|  0%| F|  |TAMS 0x00000000eb300000| PB 0x00000000eb300000| Untracked 
| 180|0x00000000eb400000, 0x00000000eb400000, 0x00000000eb500000|  0%| F|  |TAMS 0x00000000eb400000| PB 0x00000000eb400000| Untracked 
| 181|0x00000000eb500000, 0x00000000eb500000, 0x00000000eb600000|  0%| F|  |TAMS 0x00000000eb500000| PB 0x00000000eb500000| Untracked 
| 182|0x00000000eb600000, 0x00000000eb600000, 0x00000000eb700000|  0%| F|  |TAMS 0x00000000eb600000| PB 0x00000000eb600000| Untracked 
| 183|0x00000000eb700000, 0x00000000eb700000, 0x00000000eb800000|  0%| F|  |TAMS 0x00000000eb700000| PB 0x00000000eb700000| Untracked 
| 184|0x00000000eb800000, 0x00000000eb800000, 0x00000000eb900000|  0%| F|  |TAMS 0x00000000eb800000| PB 0x00000000eb800000| Untracked 
| 185|0x00000000eb900000, 0x00000000eb900000, 0x00000000eba00000|  0%| F|  |TAMS 0x00000000eb900000| PB 0x00000000eb900000| Untracked 
| 186|0x00000000eba00000, 0x00000000eba00000, 0x00000000ebb00000|  0%| F|  |TAMS 0x00000000eba00000| PB 0x00000000eba00000| Untracked 
| 187|0x00000000ebb00000, 0x00000000ebb00000, 0x00000000ebc00000|  0%| F|  |TAMS 0x00000000ebb00000| PB 0x00000000ebb00000| Untracked 
| 188|0x00000000ebc00000, 0x00000000ebc00000, 0x00000000ebd00000|  0%| F|  |TAMS 0x00000000ebc00000| PB 0x00000000ebc00000| Untracked 
| 189|0x00000000ebd00000, 0x00000000ebd00000, 0x00000000ebe00000|  0%| F|  |TAMS 0x00000000ebd00000| PB 0x00000000ebd00000| Untracked 
| 190|0x00000000ebe00000, 0x00000000ebe00000, 0x00000000ebf00000|  0%| F|  |TAMS 0x00000000ebe00000| PB 0x00000000ebe00000| Untracked 
| 191|0x00000000ebf00000, 0x00000000ebf00000, 0x00000000ec000000|  0%| F|  |TAMS 0x00000000ebf00000| PB 0x00000000ebf00000| Untracked 
| 192|0x00000000ec000000, 0x00000000ec000000, 0x00000000ec100000|  0%| F|  |TAMS 0x00000000ec000000| PB 0x00000000ec000000| Untracked 
| 193|0x00000000ec100000, 0x00000000ec100000, 0x00000000ec200000|  0%| F|  |TAMS 0x00000000ec100000| PB 0x00000000ec100000| Untracked 
| 194|0x00000000ec200000, 0x00000000ec200000, 0x00000000ec300000|  0%| F|  |TAMS 0x00000000ec200000| PB 0x00000000ec200000| Untracked 
| 195|0x00000000ec300000, 0x00000000ec300000, 0x00000000ec400000|  0%| F|  |TAMS 0x00000000ec300000| PB 0x00000000ec300000| Untracked 
| 196|0x00000000ec400000, 0x00000000ec400000, 0x00000000ec500000|  0%| F|  |TAMS 0x00000000ec400000| PB 0x00000000ec400000| Untracked 
| 197|0x00000000ec500000, 0x00000000ec500000, 0x00000000ec600000|  0%| F|  |TAMS 0x00000000ec500000| PB 0x00000000ec500000| Untracked 
| 198|0x00000000ec600000, 0x00000000ec600000, 0x00000000ec700000|  0%| F|  |TAMS 0x00000000ec600000| PB 0x00000000ec600000| Untracked 
| 199|0x00000000ec700000, 0x00000000ec745208, 0x00000000ec800000| 27%| E|  |TAMS 0x00000000ec700000| PB 0x00000000ec700000| Complete 
| 200|0x00000000ec800000, 0x00000000ec900000, 0x00000000ec900000|100%| E|CS|TAMS 0x00000000ec800000| PB 0x00000000ec800000| Complete 
| 201|0x00000000ec900000, 0x00000000eca00000, 0x00000000eca00000|100%| E|CS|TAMS 0x00000000ec900000| PB 0x00000000ec900000| Complete 
| 202|0x00000000eca00000, 0x00000000ecb00000, 0x00000000ecb00000|100%| E|CS|TAMS 0x00000000eca00000| PB 0x00000000eca00000| Complete 
| 203|0x00000000ecb00000, 0x00000000ecc00000, 0x00000000ecc00000|100%| E|CS|TAMS 0x00000000ecb00000| PB 0x00000000ecb00000| Complete 
| 204|0x00000000ecc00000, 0x00000000ecd00000, 0x00000000ecd00000|100%| E|CS|TAMS 0x00000000ecc00000| PB 0x00000000ecc00000| Complete 
| 205|0x00000000ecd00000, 0x00000000ece00000, 0x00000000ece00000|100%| E|CS|TAMS 0x00000000ecd00000| PB 0x00000000ecd00000| Complete 
| 206|0x00000000ece00000, 0x00000000ecf00000, 0x00000000ecf00000|100%| E|CS|TAMS 0x00000000ece00000| PB 0x00000000ece00000| Complete 
| 207|0x00000000ecf00000, 0x00000000ed000000, 0x00000000ed000000|100%| E|CS|TAMS 0x00000000ecf00000| PB 0x00000000ecf00000| Complete 
| 208|0x00000000ed000000, 0x00000000ed100000, 0x00000000ed100000|100%| E|CS|TAMS 0x00000000ed000000| PB 0x00000000ed000000| Complete 
| 209|0x00000000ed100000, 0x00000000ed200000, 0x00000000ed200000|100%| E|CS|TAMS 0x00000000ed100000| PB 0x00000000ed100000| Complete 
| 210|0x00000000ed200000, 0x00000000ed300000, 0x00000000ed300000|100%| E|CS|TAMS 0x00000000ed200000| PB 0x00000000ed200000| Complete 
| 211|0x00000000ed300000, 0x00000000ed400000, 0x00000000ed400000|100%| E|CS|TAMS 0x00000000ed300000| PB 0x00000000ed300000| Complete 
| 212|0x00000000ed400000, 0x00000000ed500000, 0x00000000ed500000|100%| E|CS|TAMS 0x00000000ed400000| PB 0x00000000ed400000| Complete 
| 213|0x00000000ed500000, 0x00000000ed600000, 0x00000000ed600000|100%| E|CS|TAMS 0x00000000ed500000| PB 0x00000000ed500000| Complete 
| 214|0x00000000ed600000, 0x00000000ed700000, 0x00000000ed700000|100%| E|CS|TAMS 0x00000000ed600000| PB 0x00000000ed600000| Complete 
| 215|0x00000000ed700000, 0x00000000ed800000, 0x00000000ed800000|100%| E|CS|TAMS 0x00000000ed700000| PB 0x00000000ed700000| Complete 
| 216|0x00000000ed800000, 0x00000000ed900000, 0x00000000ed900000|100%| E|CS|TAMS 0x00000000ed800000| PB 0x00000000ed800000| Complete 
| 217|0x00000000ed900000, 0x00000000eda00000, 0x00000000eda00000|100%| E|CS|TAMS 0x00000000ed900000| PB 0x00000000ed900000| Complete 
| 218|0x00000000eda00000, 0x00000000edb00000, 0x00000000edb00000|100%| E|CS|TAMS 0x00000000eda00000| PB 0x00000000eda00000| Complete 
| 219|0x00000000edb00000, 0x00000000edc00000, 0x00000000edc00000|100%| E|CS|TAMS 0x00000000edb00000| PB 0x00000000edb00000| Complete 
| 220|0x00000000edc00000, 0x00000000edd00000, 0x00000000edd00000|100%| E|CS|TAMS 0x00000000edc00000| PB 0x00000000edc00000| Complete 
| 221|0x00000000edd00000, 0x00000000ede00000, 0x00000000ede00000|100%| E|CS|TAMS 0x00000000edd00000| PB 0x00000000edd00000| Complete 
| 222|0x00000000ede00000, 0x00000000edf00000, 0x00000000edf00000|100%| E|CS|TAMS 0x00000000ede00000| PB 0x00000000ede00000| Complete 
| 223|0x00000000edf00000, 0x00000000ee000000, 0x00000000ee000000|100%| E|CS|TAMS 0x00000000edf00000| PB 0x00000000edf00000| Complete 
| 224|0x00000000ee000000, 0x00000000ee100000, 0x00000000ee100000|100%| E|CS|TAMS 0x00000000ee000000| PB 0x00000000ee000000| Complete 
| 225|0x00000000ee100000, 0x00000000ee146aa0, 0x00000000ee200000| 27%| S|CS|TAMS 0x00000000ee100000| PB 0x00000000ee100000| Complete 
| 226|0x00000000ee200000, 0x00000000ee300000, 0x00000000ee300000|100%| S|CS|TAMS 0x00000000ee200000| PB 0x00000000ee200000| Complete 
| 227|0x00000000ee300000, 0x00000000ee400000, 0x00000000ee400000|100%| E|CS|TAMS 0x00000000ee300000| PB 0x00000000ee300000| Complete 
| 228|0x00000000ee400000, 0x00000000ee500000, 0x00000000ee500000|100%| E|CS|TAMS 0x00000000ee400000| PB 0x00000000ee400000| Complete 
| 229|0x00000000ee500000, 0x00000000ee600000, 0x00000000ee600000|100%| E|CS|TAMS 0x00000000ee500000| PB 0x00000000ee500000| Complete 
| 230|0x00000000ee600000, 0x00000000ee700000, 0x00000000ee700000|100%| E|CS|TAMS 0x00000000ee600000| PB 0x00000000ee600000| Complete 
| 231|0x00000000ee700000, 0x00000000ee800000, 0x00000000ee800000|100%| E|CS|TAMS 0x00000000ee700000| PB 0x00000000ee700000| Complete 
| 232|0x00000000ee800000, 0x00000000ee900000, 0x00000000ee900000|100%| E|CS|TAMS 0x00000000ee800000| PB 0x00000000ee800000| Complete 
| 233|0x00000000ee900000, 0x00000000eea00000, 0x00000000eea00000|100%| E|CS|TAMS 0x00000000ee900000| PB 0x00000000ee900000| Complete 
| 234|0x00000000eea00000, 0x00000000eeb00000, 0x00000000eeb00000|100%| E|CS|TAMS 0x00000000eea00000| PB 0x00000000eea00000| Complete 
| 235|0x00000000eeb00000, 0x00000000eec00000, 0x00000000eec00000|100%| E|CS|TAMS 0x00000000eeb00000| PB 0x00000000eeb00000| Complete 
| 236|0x00000000eec00000, 0x00000000eed00000, 0x00000000eed00000|100%| E|CS|TAMS 0x00000000eec00000| PB 0x00000000eec00000| Complete 
| 237|0x00000000eed00000, 0x00000000eee00000, 0x00000000eee00000|100%| E|CS|TAMS 0x00000000eed00000| PB 0x00000000eed00000| Complete 
| 238|0x00000000eee00000, 0x00000000eef00000, 0x00000000eef00000|100%| E|CS|TAMS 0x00000000eee00000| PB 0x00000000eee00000| Complete 
| 239|0x00000000eef00000, 0x00000000ef000000, 0x00000000ef000000|100%| E|CS|TAMS 0x00000000eef00000| PB 0x00000000eef00000| Complete 
| 240|0x00000000ef000000, 0x00000000ef100000, 0x00000000ef100000|100%| E|CS|TAMS 0x00000000ef000000| PB 0x00000000ef000000| Complete 
| 241|0x00000000ef100000, 0x00000000ef200000, 0x00000000ef200000|100%| E|CS|TAMS 0x00000000ef100000| PB 0x00000000ef100000| Complete 
| 242|0x00000000ef200000, 0x00000000ef300000, 0x00000000ef300000|100%| E|CS|TAMS 0x00000000ef200000| PB 0x00000000ef200000| Complete 
| 243|0x00000000ef300000, 0x00000000ef400000, 0x00000000ef400000|100%| E|CS|TAMS 0x00000000ef300000| PB 0x00000000ef300000| Complete 
| 244|0x00000000ef400000, 0x00000000ef500000, 0x00000000ef500000|100%| E|CS|TAMS 0x00000000ef400000| PB 0x00000000ef400000| Complete 
| 245|0x00000000ef500000, 0x00000000ef600000, 0x00000000ef600000|100%| E|CS|TAMS 0x00000000ef500000| PB 0x00000000ef500000| Complete 
| 246|0x00000000ef600000, 0x00000000ef700000, 0x00000000ef700000|100%| E|CS|TAMS 0x00000000ef600000| PB 0x00000000ef600000| Complete 
| 247|0x00000000ef700000, 0x00000000ef800000, 0x00000000ef800000|100%| E|CS|TAMS 0x00000000ef700000| PB 0x00000000ef700000| Complete 
| 248|0x00000000ef800000, 0x00000000ef900000, 0x00000000ef900000|100%| E|CS|TAMS 0x00000000ef800000| PB 0x00000000ef800000| Complete 
| 249|0x00000000ef900000, 0x00000000efa00000, 0x00000000efa00000|100%| E|CS|TAMS 0x00000000ef900000| PB 0x00000000ef900000| Complete 
| 250|0x00000000efa00000, 0x00000000efb00000, 0x00000000efb00000|100%| E|CS|TAMS 0x00000000efa00000| PB 0x00000000efa00000| Complete 
| 251|0x00000000efb00000, 0x00000000efc00000, 0x00000000efc00000|100%| E|CS|TAMS 0x00000000efb00000| PB 0x00000000efb00000| Complete 
| 252|0x00000000efc00000, 0x00000000efd00000, 0x00000000efd00000|100%| E|CS|TAMS 0x00000000efc00000| PB 0x00000000efc00000| Complete 
| 253|0x00000000efd00000, 0x00000000efe00000, 0x00000000efe00000|100%| E|CS|TAMS 0x00000000efd00000| PB 0x00000000efd00000| Complete 
| 254|0x00000000efe00000, 0x00000000eff00000, 0x00000000eff00000|100%| E|CS|TAMS 0x00000000efe00000| PB 0x00000000efe00000| Complete 
| 255|0x00000000eff00000, 0x00000000f0000000, 0x00000000f0000000|100%| E|CS|TAMS 0x00000000eff00000| PB 0x00000000eff00000| Complete 

Card table byte_map: [0x000001e2e9920000,0x000001e2e9a20000] _byte_map_base: 0x000001e2e9220000

Marking Bits: (CMBitMap*) 0x000001e2d70ed290
 Bits: [0x000001e2e9a20000, 0x000001e2ea220000)

Polling page: 0x000001e2d4f50000

Metaspace:

Usage:
  Non-class:      9.60 MB used.
      Class:      1.48 MB used.
       Both:     11.09 MB used.

Virtual space:
  Non-class space:       64.00 MB reserved,       9.75 MB ( 15%) committed,  1 nodes.
      Class space:      320.00 MB reserved,       1.62 MB ( <1%) committed,  1 nodes.
             Both:      384.00 MB reserved,      11.38 MB (  3%) committed. 

Chunk freelists:
   Non-Class:  5.91 MB
       Class:  14.36 MB
        Both:  20.27 MB

MaxMetaspaceSize: 384.00 MB
CompressedClassSpaceSize: 320.00 MB
Initial GC threshold: 21.00 MB
Current GC threshold: 21.00 MB
CDS: on
 - commit_granule_bytes: 65536.
 - commit_granule_words: 8192.
 - virtual_space_node_default_size: 8388608.
 - enlarge_chunks_in_place: 1.
 - use_allocation_guard: 0.


Internal statistics:

num_allocs_failed_limit: 0.
num_arena_births: 308.
num_arena_deaths: 0.
num_vsnodes_births: 2.
num_vsnodes_deaths: 0.
num_space_committed: 182.
num_space_uncommitted: 0.
num_chunks_returned_to_freelist: 0.
num_chunks_taken_from_freelist: 641.
num_chunk_merges: 0.
num_chunk_splits: 417.
num_chunks_enlarged: 290.
num_inconsistent_stats: 0.

CodeHeap 'non-profiled nmethods': size=120000Kb used=1094Kb max_used=1094Kb free=118905Kb
 bounds [0x000001e2e1d90000, 0x000001e2e2000000, 0x000001e2e92c0000]
CodeHeap 'profiled nmethods': size=120000Kb used=4811Kb max_used=4811Kb free=115188Kb
 bounds [0x000001e2da2c0000, 0x000001e2da780000, 0x000001e2e17f0000]
CodeHeap 'non-nmethods': size=5760Kb used=1381Kb max_used=1395Kb free=4378Kb
 bounds [0x000001e2e17f0000, 0x000001e2e1a60000, 0x000001e2e1d90000]
CodeCache: size=245760Kb, used=7286Kb, max_used=7300Kb, free=238471Kb
 total_blobs=3076, nmethods=2533, adapters=447, full_count=0
Compilation: enabled, stopped_count=0, restarted_count=0

Compilation events (20 events):
Event: 60.262 Thread 0x000001e2f100eac0 2481       3       jdk.internal.org.objectweb.asm.MethodWriter::visitTryCatchBlock (67 bytes)
Event: 60.262 Thread 0x000001e2f100eac0 nmethod 2481 0x000001e2da755b10 code [0x000001e2da755d00, 0x000001e2da756378]
Event: 60.262 Thread 0x000001e2f100eac0 2482       3       jdk.internal.org.objectweb.asm.Handler::<init> (32 bytes)
Event: 60.262 Thread 0x000001e2f100eac0 nmethod 2482 0x000001e2da756590 code [0x000001e2da756740, 0x000001e2da756a18]
Event: 60.264 Thread 0x000001e2f100eac0 2483       3       sun.util.calendar.ZoneInfo::getTransitionIndex (156 bytes)
Event: 60.264 Thread 0x000001e2f100eac0 nmethod 2483 0x000001e2da756b10 code [0x000001e2da756ce0, 0x000001e2da757158]
Event: 60.264 Thread 0x000001e2f100eac0 2485       3       org.gradle.internal.dispatch.ReflectionDispatch::dispatch (9 bytes)
Event: 60.265 Thread 0x000001e2f100eac0 nmethod 2485 0x000001e2da757390 code [0x000001e2da757560, 0x000001e2da757828]
Event: 60.265 Thread 0x000001e2f100eac0 2486       3       org.gradle.internal.dispatch.ReflectionDispatch::dispatch (9 bytes)
Event: 60.265 Thread 0x000001e2f100eac0 nmethod 2486 0x000001e2da757990 code [0x000001e2da757b40, 0x000001e2da757ca0]
Event: 60.265 Thread 0x000001e2f100eac0 2484       3       java.lang.invoke.LambdaForm$MH/0x000001e281114c00::invoke (64 bytes)
Event: 60.265 Thread 0x000001e2f100eac0 nmethod 2484 0x000001e2da757d90 code [0x000001e2da758040, 0x000001e2da758eb8]
Event: 60.265 Thread 0x000001e2f100eac0 2487   !   3       org.gradle.internal.dispatch.MethodInvocation::invokeOn (40 bytes)
Event: 60.267 Thread 0x000001e2f100eac0 nmethod 2487 0x000001e2da759310 code [0x000001e2da7595e0, 0x000001e2da75a208]
Event: 60.267 Thread 0x000001e2f100eac0 2488       3       java.lang.invoke.DirectMethodHandle$Interface::checkReceiver (82 bytes)
Event: 60.268 Thread 0x000001e2f100eac0 nmethod 2488 0x000001e2da75a890 code [0x000001e2da75ac40, 0x000001e2da75c548]
Event: 60.268 Thread 0x000001e2f100eac0 2489       3       java.util.ArrayList$SubList::toArray (79 bytes)
Event: 60.268 Thread 0x000001e2f100eac0 nmethod 2489 0x000001e2da75cd10 code [0x000001e2da75cf20, 0x000001e2da75d5c8]
Event: 60.277 Thread 0x000001e2f100eac0 2490       1       java.util.concurrent.atomic.AtomicInteger::get (5 bytes)
Event: 60.278 Thread 0x000001e2f100eac0 nmethod 2490 0x000001e2e1e9fe10 code [0x000001e2e1e9ffa0, 0x000001e2e1ea0068]

GC Heap History (4 events):
Event: 8.192 GC heap before
{Heap before GC invocations=0 (full 0):
 garbage-first heap   total 262144K, used 26624K [0x00000000e0000000, 0x0000000100000000)
  region size 1024K, 23 young (23552K), 0 survivors (0K)
 Metaspace       used 2805K, committed 2944K, reserved 393216K
  class space    used 331K, committed 384K, reserved 327680K
}
Event: 9.091 GC heap after
{Heap after GC invocations=1 (full 0):
 garbage-first heap   total 262144K, used 11093K [0x00000000e0000000, 0x0000000100000000)
  region size 1024K, 3 young (3072K), 3 survivors (3072K)
 Metaspace       used 2805K, committed 2944K, reserved 393216K
  class space    used 331K, committed 384K, reserved 327680K
}
Event: 24.276 GC heap before
{Heap before GC invocations=1 (full 0):
 garbage-first heap   total 262144K, used 37717K [0x00000000e0000000, 0x0000000100000000)
  region size 1024K, 29 young (29696K), 3 survivors (3072K)
 Metaspace       used 4576K, committed 4800K, reserved 393216K
  class space    used 594K, committed 704K, reserved 327680K
}
Event: 24.279 GC heap after
{Heap after GC invocations=2 (full 0):
 garbage-first heap   total 262144K, used 12876K [0x00000000e0000000, 0x0000000100000000)
  region size 1024K, 2 young (2048K), 2 survivors (2048K)
 Metaspace       used 4576K, committed 4800K, reserved 393216K
  class space    used 594K, committed 704K, reserved 327680K
}

Dll operation events (20 events):
Event: 1.031 Attempting to load shared library C:\Users\harry\.vscode\extensions\redhat.java-1.56.0-win32-x64\jre\21.0.12.1-win32-x86_64\bin\nio.dll
Event: 1.034 Loaded shared library C:\Users\harry\.vscode\extensions\redhat.java-1.56.0-win32-x64\jre\21.0.12.1-win32-x86_64\bin\nio.dll
Event: 1.052 Attempting to load shared library C:\Users\harry\.vscode\extensions\redhat.java-1.56.0-win32-x64\jre\21.0.12.1-win32-x86_64\bin\zip.dll
Event: 1.052 Loaded shared library C:\Users\harry\.vscode\extensions\redhat.java-1.56.0-win32-x64\jre\21.0.12.1-win32-x86_64\bin\zip.dll
Event: 2.470 Attempting to load shared library C:\Users\harry\.vscode\extensions\redhat.java-1.56.0-win32-x64\jre\21.0.12.1-win32-x86_64\bin\jimage.dll
Event: 2.470 Loaded shared library C:\Users\harry\.vscode\extensions\redhat.java-1.56.0-win32-x64\jre\21.0.12.1-win32-x86_64\bin\jimage.dll
Event: 6.880 Attempting to load shared library C:\Users\harry\.vscode\extensions\redhat.java-1.56.0-win32-x64\jre\21.0.12.1-win32-x86_64\bin\verify.dll
Event: 7.264 Loaded shared library C:\Users\harry\.vscode\extensions\redhat.java-1.56.0-win32-x64\jre\21.0.12.1-win32-x86_64\bin\verify.dll
Event: 7.458 Attempting to load shared library C:\Users\harry\.gradle\native\660c5614fbf4a5f2a75b1949f50a0caf5cd603558e7d8a26e50b933a0cfb79d1\windows-amd64\native-platform.dll
Event: 7.464 Loaded shared library C:\Users\harry\.gradle\native\660c5614fbf4a5f2a75b1949f50a0caf5cd603558e7d8a26e50b933a0cfb79d1\windows-amd64\native-platform.dll
Event: 7.662 Attempting to load shared library C:\Users\harry\.gradle\native\0.2.8\x86_64-windows-gnu\gradle-fileevents.dll
Event: 7.668 Loaded shared library C:\Users\harry\.gradle\native\0.2.8\x86_64-windows-gnu\gradle-fileevents.dll
Event: 45.251 Attempting to load shared library C:\Users\harry\.vscode\extensions\redhat.java-1.56.0-win32-x64\jre\21.0.12.1-win32-x86_64\bin\management.dll
Event: 45.301 Loaded shared library C:\Users\harry\.vscode\extensions\redhat.java-1.56.0-win32-x64\jre\21.0.12.1-win32-x86_64\bin\management.dll
Event: 45.452 Attempting to load shared library C:\Users\harry\.vscode\extensions\redhat.java-1.56.0-win32-x64\jre\21.0.12.1-win32-x86_64\bin\management_ext.dll
Event: 45.505 Loaded shared library C:\Users\harry\.vscode\extensions\redhat.java-1.56.0-win32-x64\jre\21.0.12.1-win32-x86_64\bin\management_ext.dll
Event: 48.417 Attempting to load shared library C:\Users\harry\.vscode\extensions\redhat.java-1.56.0-win32-x64\jre\21.0.12.1-win32-x86_64\bin\extnet.dll
Event: 48.458 Loaded shared library C:\Users\harry\.vscode\extensions\redhat.java-1.56.0-win32-x64\jre\21.0.12.1-win32-x86_64\bin\extnet.dll
Event: 57.427 Attempting to load shared library C:\Users\harry\.vscode\extensions\redhat.java-1.56.0-win32-x64\jre\21.0.12.1-win32-x86_64\bin\sunmscapi.dll
Event: 57.618 Loaded shared library C:\Users\harry\.vscode\extensions\redhat.java-1.56.0-win32-x64\jre\21.0.12.1-win32-x86_64\bin\sunmscapi.dll

Deoptimization events (20 events):
Event: 57.707 Thread 0x000001e2f2243440 DEOPT PACKING pc=0x000001e2e1e15dbc sp=0x0000009b630fe270
Event: 57.707 Thread 0x000001e2f2243440 DEOPT UNPACKING pc=0x000001e2e1844422 sp=0x0000009b630fe208 mode 2
Event: 58.211 Thread 0x000001e2f2243440 Uncommon trap: trap_request=0xffffff45 fr.pc=0x000001e2e1e2ede4 relative=0x0000000000001e24
Event: 58.211 Thread 0x000001e2f2243440 Uncommon trap: reason=unstable_if action=reinterpret pc=0x000001e2e1e2ede4 method=sun.nio.fs.WindowsPathParser.nextNonSlash(Ljava/lang/String;II)I @ 2 c2
Event: 58.211 Thread 0x000001e2f2243440 DEOPT PACKING pc=0x000001e2e1e2ede4 sp=0x0000009b630fe850
Event: 58.211 Thread 0x000001e2f2243440 DEOPT UNPACKING pc=0x000001e2e1844422 sp=0x0000009b630fe7f0 mode 2
Event: 60.031 Thread 0x000001e2f2e66860 DEOPT PACKING pc=0x000001e2da707b0c sp=0x0000009b632fddc0
Event: 60.031 Thread 0x000001e2f2e66860 DEOPT UNPACKING pc=0x000001e2e1844bc2 sp=0x0000009b632fd318 mode 0
Event: 60.032 Thread 0x000001e2f2e66860 DEOPT PACKING pc=0x000001e2da707b0c sp=0x0000009b632fddf0
Event: 60.032 Thread 0x000001e2f2e66860 DEOPT UNPACKING pc=0x000001e2e1844bc2 sp=0x0000009b632fd348 mode 0
Event: 60.034 Thread 0x000001e2f2e66860 DEOPT PACKING pc=0x000001e2da707b0c sp=0x0000009b632fddf0
Event: 60.034 Thread 0x000001e2f2e66860 DEOPT UNPACKING pc=0x000001e2e1844bc2 sp=0x0000009b632fd348 mode 0
Event: 60.081 Thread 0x000001e2f2e66860 Uncommon trap: trap_request=0xffffff45 fr.pc=0x000001e2e1e67b9c relative=0x000000000000017c
Event: 60.081 Thread 0x000001e2f2e66860 Uncommon trap: reason=unstable_if action=reinterpret pc=0x000001e2e1e67b9c method=java.util.concurrent.locks.ReentrantLock$NonfairSync.initialTryLock()Z @ 25 c2
Event: 60.081 Thread 0x000001e2f2e66860 DEOPT PACKING pc=0x000001e2e1e67b9c sp=0x0000009b632fe780
Event: 60.081 Thread 0x000001e2f2e66860 DEOPT UNPACKING pc=0x000001e2e1844422 sp=0x0000009b632fe720 mode 2
Event: 60.182 Thread 0x000001e2f340c830 Uncommon trap: trap_request=0xffffff6e fr.pc=0x000001e2e1e35f38 relative=0x00000000000003f8
Event: 60.182 Thread 0x000001e2f340c830 Uncommon trap: reason=loop_limit_check action=maybe_recompile pc=0x000001e2e1e35f38 method=java.lang.StringLatin1.indexOf([BI[BII)I @ 37 c2
Event: 60.182 Thread 0x000001e2f340c830 DEOPT PACKING pc=0x000001e2e1e35f38 sp=0x0000009b635feb20
Event: 60.182 Thread 0x000001e2f340c830 DEOPT UNPACKING pc=0x000001e2e1844422 sp=0x0000009b635feaa8 mode 2

Classes loaded (20 events):
Event: 60.215 Loading class java/util/concurrent/CountDownLatch
Event: 60.215 Loading class java/util/concurrent/CountDownLatch done
Event: 60.215 Loading class java/util/concurrent/CountDownLatch$Sync
Event: 60.215 Loading class java/util/concurrent/CountDownLatch$Sync done
Event: 60.223 Loading class java/util/Collections$UnmodifiableMap$UnmodifiableEntrySet
Event: 60.223 Loading class java/util/Collections$UnmodifiableMap$UnmodifiableEntrySet done
Event: 60.223 Loading class java/util/Collections$UnmodifiableMap$UnmodifiableEntrySet$1
Event: 60.223 Loading class java/util/Collections$UnmodifiableMap$UnmodifiableEntrySet$1 done
Event: 60.223 Loading class java/util/Collections$UnmodifiableMap$UnmodifiableEntrySet$UnmodifiableEntry
Event: 60.223 Loading class java/util/Collections$UnmodifiableMap$UnmodifiableEntrySet$UnmodifiableEntry done
Event: 60.224 Loading class jdk/internal/event/ThreadSleepEvent
Event: 60.224 Loading class jdk/internal/event/ThreadSleepEvent done
Event: 60.231 Loading class java/lang/invoke/DirectMethodHandle$StaticAccessor
Event: 60.231 Loading class java/lang/invoke/DirectMethodHandle$StaticAccessor done
Event: 60.235 Loading class java/math/MathContext
Event: 60.235 Loading class java/math/MathContext done
Event: 60.235 Loading class java/math/BigDecimal
Event: 60.236 Loading class java/math/BigDecimal done
Event: 60.245 Loading class java/lang/ThreadLocal$SuppliedThreadLocal
Event: 60.245 Loading class java/lang/ThreadLocal$SuppliedThreadLocal done

Classes unloaded (0 events):
No events

Classes redefined (0 events):
No events

Internal exceptions (20 events):
Event: 12.246 Thread 0x000001e2d70c0e90 Exception <a 'java/lang/NoSuchMethodError'{0x00000000efabad28}: 'java.lang.Object java.lang.invoke.DirectMethodHandle$Holder.invokeVirtual(java.lang.Object, java.lang.Object, java.lang.Object, java.lang.Object)'> (0x00000000efabad28) 
thrown [s\src\hotspot\share\interpreter\linkResolver.cpp, line 773]
Event: 12.366 Thread 0x000001e2d70c0e90 Exception <a 'java/lang/NoSuchMethodError'{0x00000000ef8b0598}: 'java.lang.Object java.lang.invoke.DirectMethodHandle$Holder.invokeInterface(java.lang.Object, java.lang.Object, java.lang.Object)'> (0x00000000ef8b0598) 
thrown [s\src\hotspot\share\interpreter\linkResolver.cpp, line 773]
Event: 41.779 Thread 0x000001e2d70c0e90 Exception <a 'java/lang/NoSuchMethodError'{0x00000000eeac1a40}: 'void java.lang.invoke.DirectMethodHandle$Holder.invokeVirtual(java.lang.Object, java.lang.Object, java.lang.Object, java.lang.Object)'> (0x00000000eeac1a40) 
thrown [s\src\hotspot\share\interpreter\linkResolver.cpp, line 773]
Event: 41.779 Thread 0x000001e2d70c0e90 Exception <a 'java/lang/NoSuchMethodError'{0x00000000eeac57b0}: 'void java.lang.invoke.DirectMethodHandle$Holder.invokeSpecial(java.lang.Object, java.lang.Object, java.lang.Object, java.lang.Object, java.lang.Object)'> (0x00000000eeac57b0) 
thrown [s\src\hotspot\share\interpreter\linkResolver.cpp, line 773]
Event: 43.459 Thread 0x000001e2d70c0e90 Exception <a 'java/lang/NoSuchMethodError'{0x00000000ee0efea8}: 'int java.lang.invoke.DelegatingMethodHandle$Holder.reinvoke_L(java.lang.Object)'> (0x00000000ee0efea8) 
thrown [s\src\hotspot\share\interpreter\linkResolver.cpp, line 773]
Event: 43.927 Thread 0x000001e2d70c0e90 Exception <a 'java/lang/NoSuchMethodError'{0x00000000edd8dbd8}: 'java.lang.Object java.lang.invoke.DirectMethodHandle$Holder.invokeVirtual(java.lang.Object, java.lang.Object, java.lang.Object, java.lang.Object, java.lang.Object)'> (0x00000000edd8dbd8) 
thrown [s\src\hotspot\share\interpreter\linkResolver.cpp, line 773]
Event: 43.931 Thread 0x000001e2d70c0e90 Exception <a 'java/lang/NoSuchMethodError'{0x00000000edda3280}: 'java.lang.Object java.lang.invoke.Invokers$Holder.invokeExact_MT(java.lang.Object, java.lang.Object, java.lang.Object, java.lang.Object, java.lang.Object, java.lang.Object)'> (0x00000000edda3280) 
thrown [s\src\hotspot\share\interpreter\linkResolver.cpp, line 773]
Event: 43.939 Thread 0x000001e2d70c0e90 Exception <a 'java/lang/NoSuchMethodError'{0x00000000eddfa6b8}: 'java.lang.Object java.lang.invoke.DirectMethodHandle$Holder.invokeVirtual(java.lang.Object, java.lang.Object, java.lang.Object, java.lang.Object, java.lang.Object, java.lang.Object)'> (0x00000000eddfa6b8) 
thrown [s\src\hotspot\share\interpreter\linkResolver.cpp, line 773]
Event: 45.671 Thread 0x000001e2d70c0e90 Exception <a 'java/lang/NoSuchMethodError'{0x00000000eda19f78}: 'java.lang.Object java.lang.invoke.DelegatingMethodHandle$Holder.reinvoke_L(java.lang.Object, java.lang.Object, java.lang.Object, java.lang.Object, java.lang.Object, java.lang.Object, java.lang.Object, java.lang.Object, java.lang.Object, java.lang.Object, java.lang.Object, java.lang.Object, java.lang.Object, java.lang.Object)'> (0x00000000eda19f78) 
thrown [s\src\hotspot\share\interpreter\linkResolver.cpp, line 773]
Event: 45.677 Thread 0x000001e2d70c0e90 Exception <a 'java/lang/NoSuchMethodError'{0x00000000eda66bd8}: 'java.lang.Object java.lang.invoke.DirectMethodHandle$Holder.invokeStatic(java.lang.Object, java.lang.Object, java.lang.Object, java.lang.Object, java.lang.Object, java.lang.Object, java.lang.Object, java.lang.Object, java.lang.Object, java.lang.Object, java.lang.Object, java.lang.Object, java.lang.Object)'> (0x00000000eda66bd8) 
thrown [s\src\hotspot\share\interpreter\linkResolver.cpp, line 773]
Event: 45.681 Thread 0x000001e2d70c0e90 Exception <a 'java/lang/NoSuchMethodError'{0x00000000eda86430}: 'java.lang.Object java.lang.invoke.DirectMethodHandle$Holder.invokeStatic(java.lang.Object, java.lang.Object, java.lang.Object, java.lang.Object, java.lang.Object, java.lang.Object, java.lang.Object, java.lang.Object, java.lang.Object, java.lang.Object, java.lang.Object, java.lang.Object, java.lang.Object, java.lang.Object)'> (0x00000000eda86430) 
thrown [s\src\hotspot\share\interpreter\linkResolver.cpp, line 773]
Event: 45.684 Thread 0x000001e2d70c0e90 Exception <a 'java/lang/NoSuchMethodError'{0x00000000edaa6a00}: 'java.lang.Object java.lang.invoke.DirectMethodHandle$Holder.invokeStatic(java.lang.Object, java.lang.Object, java.lang.Object, java.lang.Object, java.lang.Object, java.lang.Object, java.lang.Object, java.lang.Object, java.lang.Object, java.lang.Object, java.lang.Object, java.lang.Object, java.lang.Object, java.lang.Object, java.lang.Object)'> (0x00000000edaa6a00) 
thrown [s\src\hotspot\share\interpreter\linkResolver.cpp, line 773]
Event: 45.686 Thread 0x000001e2d70c0e90 Exception <a 'java/lang/NoSuchMethodError'{0x00000000edac95d0}: 'java.lang.Object java.lang.invoke.DirectMethodHandle$Holder.invokeStatic(java.lang.Object, java.lang.Object, java.lang.Object, java.lang.Object, java.lang.Object, java.lang.Object, java.lang.Object, java.lang.Object, java.lang.Object, java.lang.Object, java.lang.Object, java.lang.Object, java.lang.Object, java.lang.Object, java.lang.Object, java.lang.Object)'> (0x00000000edac95d0) 
thrown [s\src\hotspot\share\interpreter\linkResolver.cpp, lin
Event: 49.306 Thread 0x000001e2d70c0e90 Exception <a 'java/lang/NoSuchMethodError'{0x00000000ed555e50}: 'java.lang.Object java.lang.invoke.DirectMethodHandle$Holder.invokeVirtual(java.lang.Object, java.lang.Object, java.lang.Object, java.lang.Object, java.lang.Object, java.lang.Object, java.lang.Object, java.lang.Object, java.lang.Object)'> (0x00000000ed555e50) 
thrown [s\src\hotspot\share\interpreter\linkResolver.cpp, line 773]
Event: 49.566 Thread 0x000001e2d70c0e90 Exception <a 'java/lang/NoSuchMethodError'{0x00000000ed4e5b90}: 'java.lang.Object java.lang.invoke.DirectMethodHandle$Holder.invokeStaticInit(java.lang.Object, int, int, int, int)'> (0x00000000ed4e5b90) 
thrown [s\src\hotspot\share\interpreter\linkResolver.cpp, line 773]
Event: 50.076 Thread 0x000001e2d70c0e90 Exception <a 'java/lang/NoSuchMethodError'{0x00000000ed3b4650}: 'java.lang.Object java.lang.invoke.DirectMethodHandle$Holder.invokeStaticInit(java.lang.Object, java.lang.Object, int, int, int, int)'> (0x00000000ed3b4650) 
thrown [s\src\hotspot\share\interpreter\linkResolver.cpp, line 773]
Event: 54.435 Thread 0x000001e2d70c0e90 Exception <a 'java/io/IOException'{0x00000000ed0ca2b0}> (0x00000000ed0ca2b0) 
thrown [s\src\hotspot\share\prims\jni.cpp, line 520]
Event: 54.481 Thread 0x000001e2d70c0e90 Implicit null exception at 0x000001e2e1ddd124 to 0x000001e2e1ddd784
Event: 54.500 Thread 0x000001e2d70c0e90 Exception <a 'java/lang/NoSuchMethodError'{0x00000000ecf484a0}: 'java.lang.Object java.lang.invoke.DirectMethodHandle$Holder.newInvokeSpecial(java.lang.Object, java.lang.Object, java.lang.Object, java.lang.Object, java.lang.Object)'> (0x00000000ecf484a0) 
thrown [s\src\hotspot\share\interpreter\linkResolver.cpp, line 773]
Event: 54.732 Thread 0x000001e2d70c0e90 Exception <a 'java/lang/NoSuchMethodError'{0x00000000ecf6ae78}: 'void java.lang.invoke.DirectMethodHandle$Holder.invokeSpecial(java.lang.Object, java.lang.Object, java.lang.Object)'> (0x00000000ecf6ae78) 
thrown [s\src\hotspot\share\interpreter\linkResolver.cpp, line 773]

ZGC Phase Switch (0 events):
No events

VM Operations (20 events):
Event: 48.771 Executing safepoint VM operation: Cleanup
Event: 49.178 Executing safepoint VM operation: Cleanup done
Event: 49.538 Executing non-safepoint VM operation: HandshakeAllThreads (Deoptimize)
Event: 49.538 Executing non-safepoint VM operation: HandshakeAllThreads (Deoptimize) done
Event: 50.013 Executing non-safepoint VM operation: HandshakeAllThreads (Deoptimize)
Event: 50.013 Executing non-safepoint VM operation: HandshakeAllThreads (Deoptimize) done
Event: 51.028 Executing safepoint VM operation: Cleanup
Event: 51.028 Executing safepoint VM operation: Cleanup done
Event: 54.069 Executing safepoint VM operation: Cleanup
Event: 54.069 Executing safepoint VM operation: Cleanup done
Event: 55.084 Executing safepoint VM operation: Cleanup
Event: 55.084 Executing safepoint VM operation: Cleanup done
Event: 57.095 Executing safepoint VM operation: Cleanup
Event: 57.095 Executing safepoint VM operation: Cleanup done
Event: 57.627 Executing non-safepoint VM operation: HandshakeAllThreads (Deoptimize)
Event: 57.627 Executing non-safepoint VM operation: HandshakeAllThreads (Deoptimize) done
Event: 58.634 Executing safepoint VM operation: Cleanup
Event: 58.634 Executing safepoint VM operation: Cleanup done
Event: 59.636 Executing safepoint VM operation: Cleanup
Event: 59.636 Executing safepoint VM operation: Cleanup done

Memory protections (0 events):
No events

Nmethod flushes (0 events):
No events

Events (20 events):
Event: 0.890 Thread 0x000001e2d70c0e90 Thread added: 0x000001e2f119c7f0
Event: 1.150 Thread 0x000001e2d70c0e90 Thread added: 0x000001e2f12404e0
Event: 2.464 Thread 0x000001e2f100eac0 Thread added: 0x000001e2f125d9f0
Event: 2.495 Thread 0x000001e2f100eac0 Thread added: 0x000001e2f125b2c0
Event: 3.503 Thread 0x000001e2f125b2c0 Thread exited: 0x000001e2f125b2c0
Event: 3.660 Thread 0x000001e2f125d9f0 Thread exited: 0x000001e2f125d9f0
Event: 7.354 Thread 0x000001e2f100eac0 Thread added: 0x000001e2f12f2c50
Event: 7.554 Thread 0x000001e2f12f2c50 Thread exited: 0x000001e2f12f2c50
Event: 12.156 Thread 0x000001e2f100eac0 Thread added: 0x000001e2f12f57f0
Event: 12.944 Thread 0x000001e2f12f57f0 Thread exited: 0x000001e2f12f57f0
Event: 45.660 Thread 0x000001e2d70c0e90 Thread added: 0x000001e2f221c080
Event: 50.190 Thread 0x000001e2d70c0e90 Thread added: 0x000001e2f2243440
Event: 54.733 Thread 0x000001e2d70c0e90 Thread added: 0x000001e2f11e8a30
Event: 58.297 Thread 0x000001e2f2243440 Thread added: 0x000001e2f2e66860
Event: 58.427 Thread 0x000001e2f2e66860 Thread added: 0x000001e2f30f1d10
Event: 59.700 Thread 0x000001e2f2e66860 Thread added: 0x000001e2f340c1c0
Event: 60.081 Thread 0x000001e2f2e66860 Thread added: 0x000001e2f340c830
Event: 60.223 Thread 0x000001e2f340c830 Thread added: 0x000001e2f3094580
Event: 60.242 Thread 0x000001e2f340c830 Thread added: 0x000001e2f3096650
Event: 60.260 Thread 0x000001e2f340c830 Thread added: 0x000001e2f3096ce0


Dynamic libraries:
0x00007ff7749f0000 - 0x00007ff7749fe000 	C:\Users\harry\.vscode\extensions\redhat.java-1.56.0-win32-x64\jre\21.0.12.1-win32-x86_64\bin\java.exe
0x00007ff9e0ce0000 - 0x00007ff9e0f47000 	C:\WINDOWS\SYSTEM32\ntdll.dll
0x00007ff9dfa40000 - 0x00007ff9dfb0b000 	C:\WINDOWS\System32\KERNEL32.DLL
0x00007ff9de340000 - 0x00007ff9de742000 	C:\WINDOWS\System32\KERNELBASE.dll
0x00007ff9de750000 - 0x00007ff9de89c000 	C:\WINDOWS\System32\ucrtbase.dll
0x00007ff9a5c60000 - 0x00007ff9a5c78000 	C:\Users\harry\.vscode\extensions\redhat.java-1.56.0-win32-x64\jre\21.0.12.1-win32-x86_64\bin\jli.dll
0x00007ff9dfe40000 - 0x00007ff9e000f000 	C:\WINDOWS\System32\USER32.dll
0x00007ff9ddfa0000 - 0x00007ff9ddfc7000 	C:\WINDOWS\System32\win32u.dll
0x00007ff9deb00000 - 0x00007ff9deb2b000 	C:\WINDOWS\System32\GDI32.dll
0x00007ff9ddfd0000 - 0x00007ff9de0f9000 	C:\WINDOWS\System32\gdi32full.dll
0x00007ff9de100000 - 0x00007ff9de1a3000 	C:\WINDOWS\System32\msvcp_win.dll
0x00007ff9a6bc0000 - 0x00007ff9a6bde000 	C:\Users\harry\.vscode\extensions\redhat.java-1.56.0-win32-x64\jre\21.0.12.1-win32-x86_64\bin\VCRUNTIME140.dll
0x00007ff9c4d40000 - 0x00007ff9c4fd0000 	C:\WINDOWS\WinSxS\amd64_microsoft.windows.common-controls_6595b64144ccf1df_6.0.26100.9278_none_3e0d1ba8e3303201\COMCTL32.dll
0x00007ff9dfc40000 - 0x00007ff9dfce9000 	C:\WINDOWS\System32\msvcrt.dll
0x00007ff9dfbe0000 - 0x00007ff9dfc11000 	C:\WINDOWS\System32\IMM32.DLL
0x00007ff9cdd30000 - 0x00007ff9cdd3c000 	C:\Users\harry\.vscode\extensions\redhat.java-1.56.0-win32-x64\jre\21.0.12.1-win32-x86_64\bin\vcruntime140_1.dll
0x00007ff951d10000 - 0x00007ff951d9d000 	C:\Users\harry\.vscode\extensions\redhat.java-1.56.0-win32-x64\jre\21.0.12.1-win32-x86_64\bin\msvcp140.dll
0x00007ff950b70000 - 0x00007ff951912000 	C:\Users\harry\.vscode\extensions\redhat.java-1.56.0-win32-x64\jre\21.0.12.1-win32-x86_64\bin\server\jvm.dll
0x00007ff9dfb10000 - 0x00007ff9dfbcc000 	C:\WINDOWS\System32\ADVAPI32.dll
0x00007ff9dec60000 - 0x00007ff9ded09000 	C:\WINDOWS\System32\sechost.dll
0x00007ff9deb30000 - 0x00007ff9dec48000 	C:\WINDOWS\System32\RPCRT4.dll
0x00007ff9df9b0000 - 0x00007ff9dfa30000 	C:\WINDOWS\System32\WS2_32.dll
0x00007ff9ddd60000 - 0x00007ff9dddbe000 	C:\WINDOWS\SYSTEM32\POWRPROF.dll
0x00007ff9d5760000 - 0x00007ff9d5796000 	C:\WINDOWS\SYSTEM32\WINMM.dll
0x00007ff9d0430000 - 0x00007ff9d043b000 	C:\WINDOWS\SYSTEM32\VERSION.dll
0x00007ff9ddd40000 - 0x00007ff9ddd55000 	C:\WINDOWS\SYSTEM32\UMPDC.dll
0x00007ff9dcb90000 - 0x00007ff9dcbab000 	C:\WINDOWS\SYSTEM32\kernel.appcore.dll
0x00007ff9cc4e0000 - 0x00007ff9cc4ea000 	C:\Users\harry\.vscode\extensions\redhat.java-1.56.0-win32-x64\jre\21.0.12.1-win32-x86_64\bin\jimage.dll
0x00007ff9db4a0000 - 0x00007ff9db6ec000 	C:\WINDOWS\SYSTEM32\DBGHELP.DLL
0x00007ff9df620000 - 0x00007ff9df9a5000 	C:\WINDOWS\System32\combase.dll
0x00007ff9e0020000 - 0x00007ff9e00f9000 	C:\WINDOWS\System32\OLEAUT32.dll
0x00007ff9c3ed0000 - 0x00007ff9c3f0b000 	C:\WINDOWS\SYSTEM32\dbgcore.DLL
0x00007ff9ddee0000 - 0x00007ff9ddf8c000 	C:\WINDOWS\System32\bcryptPrimitives.dll
0x00007ff9c8aa0000 - 0x00007ff9c8aaf000 	C:\Users\harry\.vscode\extensions\redhat.java-1.56.0-win32-x64\jre\21.0.12.1-win32-x86_64\bin\instrument.dll
0x00007ff9a5a30000 - 0x00007ff9a5a50000 	C:\Users\harry\.vscode\extensions\redhat.java-1.56.0-win32-x64\jre\21.0.12.1-win32-x86_64\bin\java.dll
0x00007ff9e0280000 - 0x00007ff9e0a18000 	C:\WINDOWS\System32\SHELL32.dll
0x00007ff9db900000 - 0x00007ff9dc1ae000 	C:\WINDOWS\SYSTEM32\windows.storage.dll
0x00007ff9dea00000 - 0x00007ff9deafb000 	C:\WINDOWS\System32\SHCORE.dll
0x00007ff9e0100000 - 0x00007ff9e0166000 	C:\WINDOWS\System32\shlwapi.dll
0x00007ff9dde00000 - 0x00007ff9dde29000 	C:\WINDOWS\SYSTEM32\profapi.dll
0x00007ff99e720000 - 0x00007ff99e738000 	C:\Users\harry\.vscode\extensions\redhat.java-1.56.0-win32-x64\jre\21.0.12.1-win32-x86_64\bin\zip.dll
0x00007ff9c3ec0000 - 0x00007ff9c3ed0000 	C:\Users\harry\.vscode\extensions\redhat.java-1.56.0-win32-x64\jre\21.0.12.1-win32-x86_64\bin\net.dll
0x00007ff9cf500000 - 0x00007ff9cf62a000 	C:\WINDOWS\SYSTEM32\WINHTTP.dll
0x00007ff9dd170000 - 0x00007ff9dd1dc000 	C:\WINDOWS\system32\mswsock.dll
0x00007ff99a580000 - 0x00007ff99a596000 	C:\Users\harry\.vscode\extensions\redhat.java-1.56.0-win32-x64\jre\21.0.12.1-win32-x86_64\bin\nio.dll
0x00007ff9ccca0000 - 0x00007ff9cccb0000 	C:\Users\harry\.vscode\extensions\redhat.java-1.56.0-win32-x64\jre\21.0.12.1-win32-x86_64\bin\verify.dll
0x00007ff9b34f0000 - 0x00007ff9b3517000 	C:\Users\harry\.gradle\native\660c5614fbf4a5f2a75b1949f50a0caf5cd603558e7d8a26e50b933a0cfb79d1\windows-amd64\native-platform.dll
0x00007ff98b1a0000 - 0x00007ff98b217000 	C:\Users\harry\.gradle\native\0.2.8\x86_64-windows-gnu\gradle-fileevents.dll
0x00007ff9c1be0000 - 0x00007ff9c1bea000 	C:\Users\harry\.vscode\extensions\redhat.java-1.56.0-win32-x64\jre\21.0.12.1-win32-x86_64\bin\management.dll
0x00007ff9c1bd0000 - 0x00007ff9c1bdc000 	C:\Users\harry\.vscode\extensions\redhat.java-1.56.0-win32-x64\jre\21.0.12.1-win32-x86_64\bin\management_ext.dll
0x00007ff9e0190000 - 0x00007ff9e0198000 	C:\WINDOWS\System32\PSAPI.DLL
0x00007ff9dc4d0000 - 0x00007ff9dc503000 	C:\WINDOWS\SYSTEM32\IPHLPAPI.DLL
0x00007ff9dec50000 - 0x00007ff9dec5a000 	C:\WINDOWS\System32\NSI.dll
0x00007ff9bf1c0000 - 0x00007ff9bf1c9000 	C:\Users\harry\.vscode\extensions\redhat.java-1.56.0-win32-x64\jre\21.0.12.1-win32-x86_64\bin\extnet.dll
0x00007ff9dd460000 - 0x00007ff9dd47b000 	C:\WINDOWS\SYSTEM32\CRYPTSP.dll
0x00007ff9dcae0000 - 0x00007ff9dcb19000 	C:\WINDOWS\system32\rsaenh.dll
0x00007ff9dd220000 - 0x00007ff9dd254000 	C:\WINDOWS\SYSTEM32\USERENV.dll
0x00007ff9dddd0000 - 0x00007ff9dddfa000 	C:\WINDOWS\SYSTEM32\bcrypt.dll
0x00007ff9dd480000 - 0x00007ff9dd48c000 	C:\WINDOWS\SYSTEM32\CRYPTBASE.dll
0x00007ff995dd0000 - 0x00007ff995dde000 	C:\Users\harry\.vscode\extensions\redhat.java-1.56.0-win32-x64\jre\21.0.12.1-win32-x86_64\bin\sunmscapi.dll
0x00007ff9de1b0000 - 0x00007ff9de32e000 	C:\WINDOWS\System32\CRYPT32.dll
0x00007ff9dd6a0000 - 0x00007ff9dd6d0000 	C:\WINDOWS\SYSTEM32\ncrypt.dll
0x00007ff9dd650000 - 0x00007ff9dd68f000 	C:\WINDOWS\SYSTEM32\NTASN1.dll
0x00007ff9c5990000 - 0x00007ff9c5998000 	C:\WINDOWS\system32\wshunix.dll

JVMTI agents:
C:\Users\harry\.gradle\wrapper\dists\gradle-9.7.1-bin\1w1c7tv4s851m17nbqdsro2tv\gradle-9.7.1\lib\agents\gradle-instrumentation-agent-9.7.1.jar path:C:\Users\harry\.vscode\extensions\redhat.java-1.56.0-win32-x64\jre\21.0.12.1-win32-x86_64\bin\instrument.dll, loaded, initialized, instrumentlib options:none

dbghelp: loaded successfully - version: 4.0.5 - missing functions: none
symbol engine: initialized successfully - sym options: 0x614 - pdb path: .;C:\Users\harry\.vscode\extensions\redhat.java-1.56.0-win32-x64\jre\21.0.12.1-win32-x86_64\bin;C:\WINDOWS\SYSTEM32;C:\WINDOWS\WinSxS\amd64_microsoft.windows.common-controls_6595b64144ccf1df_6.0.26100.9278_none_3e0d1ba8e3303201;C:\Users\harry\.vscode\extensions\redhat.java-1.56.0-win32-x64\jre\21.0.12.1-win32-x86_64\bin\server;C:\Users\harry\.gradle\native\660c5614fbf4a5f2a75b1949f50a0caf5cd603558e7d8a26e50b933a0cfb79d1\windows-amd64;C:\Users\harry\.gradle\native\0.2.8\x86_64-windows-gnu

VM Arguments:
jvm_args: -Dfile.encoding=UTF-8 --add-opens=java.base/java.lang=ALL-UNNAMED --add-opens=java.base/java.lang.invoke=ALL-UNNAMED --add-opens=java.base/java.util=ALL-UNNAMED --add-opens=java.prefs/java.util.prefs=ALL-UNNAMED --add-exports=jdk.compiler/com.sun.tools.javac.api=ALL-UNNAMED --add-exports=jdk.compiler/com.sun.tools.javac.util=ALL-UNNAMED --add-opens=java.base/java.nio.charset=ALL-UNNAMED --add-opens=java.base/java.net=ALL-UNNAMED --add-opens=java.base/java.util.concurrent=ALL-UNNAMED --add-opens=java.base/java.util.concurrent.atomic=ALL-UNNAMED --add-opens=java.xml/javax.xml.namespace=ALL-UNNAMED --add-opens=java.base/java.time=ALL-UNNAMED -XX:MaxMetaspaceSize=384m -XX:+HeapDumpOnOutOfMemoryError -Xms256m -Xmx512m -Dfile.encoding=UTF-8 -Duser.country=KR -Duser.language=ko -Duser.variant -javaagent:C:\Users\harry\.gradle\wrapper\dists\gradle-9.7.1-bin\1w1c7tv4s851m17nbqdsro2tv\gradle-9.7.1\lib\agents\gradle-instrumentation-agent-9.7.1.jar 
java_command: org.gradle.launcher.daemon.bootstrap.GradleDaemon 9.7.1
java_class_path (initial): C:\Users\harry\.gradle\wrapper\dists\gradle-9.7.1-bin\1w1c7tv4s851m17nbqdsro2tv\gradle-9.7.1\lib\gradle-daemon-main-9.7.1.jar
Launcher Type: SUN_STANDARD

[Global flags]
     intx CICompilerCount                          = 4                                         {product} {ergonomic}
   size_t CompressedClassSpaceSize                 = 335544320                                 {product} {ergonomic}
     uint ConcGCThreads                            = 3                                         {product} {ergonomic}
     uint G1ConcRefinementThreads                  = 10                                        {product} {ergonomic}
   size_t G1HeapRegionSize                         = 1048576                                   {product} {ergonomic}
    uintx GCDrainStackTargetSize                   = 64                                        {product} {ergonomic}
     bool HeapDumpOnOutOfMemoryError               = true                                   {manageable} {command line}
   size_t InitialHeapSize                          = 268435456                                 {product} {command line}
   size_t MarkStackSize                            = 4194304                                   {product} {ergonomic}
   size_t MaxHeapSize                              = 536870912                                 {product} {command line}
   size_t MaxMetaspaceSize                         = 402653184                                 {product} {command line}
   size_t MaxNewSize                               = 321912832                                 {product} {ergonomic}
   size_t MinHeapDeltaBytes                        = 1048576                                   {product} {ergonomic}
   size_t MinHeapSize                              = 268435456                                 {product} {command line}
    uintx NonNMethodCodeHeapSize                   = 5839372                                {pd product} {ergonomic}
    uintx NonProfiledCodeHeapSize                  = 122909434                              {pd product} {ergonomic}
    uintx ProfiledCodeHeapSize                     = 122909434                              {pd product} {ergonomic}
    uintx ReservedCodeCacheSize                    = 251658240                              {pd product} {ergonomic}
     bool SegmentedCodeCache                       = true                                      {product} {ergonomic}
   size_t SoftMaxHeapSize                          = 536870912                              {manageable} {ergonomic}
     bool UseCompressedOops                        = true                           {product lp64_product} {ergonomic}
     bool UseG1GC                                  = true                                      {product} {ergonomic}
     bool UseLargePagesIndividualAllocation        = false                                  {pd product} {ergonomic}

Logging:
Log output configuration:
 #0: stdout all=warning uptime,level,tags foldmultilines=false
 #1: stderr all=off uptime,level,tags foldmultilines=false

Release file:
JAVA_VERSION="21.0.12.1" 
MODULES="java.base java.compiler java.datatransfer java.xml java.prefs java.desktop java.instrument java.logging java.management java.security.sasl java.naming java.rmi java.management.rmi java.net.http java.scripting java.security.jgss java.transaction.xa java.sql java.sql.rowset java.xml.crypto java.se java.smartcardio jdk.accessibility jdk.internal.jvmstat jdk.attach jdk.charsets jdk.internal.opt jdk.zipfs jdk.compiler jdk.crypto.ec jdk.crypto.cryptoki jdk.crypto.mscapi jdk.dynalink jdk.internal.ed jdk.editpad jdk.hotspot.agent jdk.httpserver jdk.internal.le jdk.internal.vm.ci jdk.internal.vm.compiler jdk.internal.vm.compiler.management jdk.jartool jdk.javadoc jdk.jcmd jdk.management jdk.management.agent jdk.jconsole jdk.jdeps jdk.jdwp.agent jdk.jdi jdk.jfr jdk.jshell jdk.jsobject jdk.jstatd jdk.localedata jdk.management.jfr jdk.naming.dns jdk.naming.rmi jdk.net jdk.nio.mapmode jdk.random jdk.sctp jdk.security.auth jdk.security.jgss jdk.unsupported jdk.unsupported.desktop jdk.xml.dom" 

Environment Variables:
JAVA_TOOL_OPTIONS=-Dfile.encoding=UTF-8
PATH=C:\Program Files\Common Files\Oracle\Java\javapath;C:\Program Files (x86)\VMware\VMware Workstation\bin\;C:\WINDOWS\system32;C:\WINDOWS;C:\WINDOWS\System32\Wbem;C:\WINDOWS\System32\WindowsPowerShell\v1.0\;C:\WINDOWS\System32\OpenSSH\;C:\Program Files\nodejs\;C:\Program Files\Git\cmd;C:\apache-maven-3.9.12-bin\apache-maven-3.9.12\bin;C:\Program Files\Microsoft SQL Server\Client SDK\ODBC\170\Tools\Binn\;C:\Program Files\Microsoft SQL Server\160\DTS\Binn\;C:\Program Files (x86)\cloudflared\;C:\Users\harry\.local\bin;C:\Users\harry\AppData\Local\Microsoft\WindowsApps;C:\Users\harry\AppData\Local\Programs\Microsoft VS Code\bin;C:\Users\harry\AppData\Roaming\npm;C:\Users\harry\AppData\Local\GitHubDesktop\bin;C:\Users\harry\.lmstudio\bin;C:\Program Files\JetBrains\IntelliJ IDEA 2026.2.1\bin;C:\Users\harry\AppData\Local\Programs\DockerDesktop\resources\bin
USERNAME=harry
OS=Windows_NT
PROCESSOR_IDENTIFIER=Intel64 Family 6 Model 186 Stepping 3, GenuineIntel
TMP=C:\Users\harry\AppData\Local\Temp
TEMP=C:\Users\harry\AppData\Local\Temp




Periodic native trim disabled

---------------  S Y S T E M  ---------------

OS:
 Windows 11 , 64 bit Build 26100 (10.0.26100.9444)
OS uptime: 0 days 1:38 hours
Hyper-V role detected

CPU: total 12 (initial active 12) (6 cores per cpu, 2 threads per core) family 6 model 186 stepping 3 microcode 0x411f, cx8, cmov, fxsr, ht, mmx, 3dnowpref, sse, sse2, sse3, ssse3, sse4.1, sse4.2, popcnt, lzcnt, tsc, tscinvbit, avx, avx2, aes, erms, clmul, bmi1, bmi2, adx, sha, fma, vzeroupper, clflush, clflushopt, clwb, hv, serialize, rdtscp, rdpid, fsrm, f16c, cet_ibt, cet_ss
Processor Information for processor 0
  Max Mhz: 1300, Current Mhz: 1300, Mhz Limit: 1300
Processor Information for processor 1
  Max Mhz: 1300, Current Mhz: 1300, Mhz Limit: 1300
Processor Information for processor 2
  Max Mhz: 1300, Current Mhz: 1300, Mhz Limit: 1300
Processor Information for processor 3
  Max Mhz: 1300, Current Mhz: 1300, Mhz Limit: 1300
Processor Information for processor 4
  Max Mhz: 1300, Current Mhz: 900, Mhz Limit: 897
Processor Information for processor 5
  Max Mhz: 1300, Current Mhz: 900, Mhz Limit: 897
Processor Information for processor 6
  Max Mhz: 1300, Current Mhz: 900, Mhz Limit: 897
Processor Information for processor 7
  Max Mhz: 1300, Current Mhz: 900, Mhz Limit: 897
Processor Information for processor 8
  Max Mhz: 1300, Current Mhz: 900, Mhz Limit: 897
Processor Information for processor 9
  Max Mhz: 1300, Current Mhz: 900, Mhz Limit: 897
Processor Information for processor 10
  Max Mhz: 1300, Current Mhz: 900, Mhz Limit: 897
Processor Information for processor 11
  Max Mhz: 1300, Current Mhz: 900, Mhz Limit: 897

Memory: 4k page, system-wide physical 16067M (439M free)
TotalPageFile size 65219M (AvailPageFile size 2264M)
current process WorkingSet (physical memory assigned to process): 139M, peak: 140M
current process commit charge ("private bytes"): 390M, peak: 390M

vm_info: OpenJDK 64-Bit Server VM (21.0.12.1+1-LTS) for windows-amd64 JRE (21.0.12.1+1-LTS), built on 2026-08-18T00:00:00Z by "admin" with MS VC++ 17.12 (VS2022)

END.
