#
# There is insufficient memory for the Java Runtime Environment to continue.
# Native memory allocation (mmap) failed to map 65536 bytes. Error detail: Failed to commit metaspace.
# Possible reasons:
#   The system is out of physical RAM or swap space
#   This process is running with CompressedOops enabled, and the Java Heap may be blocking the growth of the native heap
# Possible solutions:
#   Reduce memory load on the system
#   Increase physical memory or swap space
#   Check if swap backing store is full
#   Decrease Java heap size (-Xmx/-Xms)
#   Decrease number of Java threads
#   Decrease Java thread stack sizes (-Xss)
#   Set larger code cache with -XX:ReservedCodeCacheSize=
#   JVM is running with Unscaled Compressed Oops mode in which the Java heap is
#     placed in the first 4GB address space. The Java Heap base address is the
#     maximum limit for the native heap growth. Please use -XX:HeapBaseMinAddress
#     to set the Java Heap base and to place the Java Heap above 4GB virtual address.
# This output file may be truncated or incomplete.
#
#  Out of Memory Error (virtualSpaceNode.cpp:113), pid=45028, tid=45632
#
# JRE version: OpenJDK Runtime Environment Temurin-21.0.12.1+1 (21.0.12.1+1) (build 21.0.12.1+1-LTS)
# Java VM: OpenJDK 64-Bit Server VM Temurin-21.0.12.1+1 (21.0.12.1+1-LTS, mixed mode, sharing, tiered, compressed oops, compressed class ptrs, g1 gc, windows-amd64)
# No core dump will be written. Minidumps are not enabled by default on client versions of Windows
#

---------------  S U M M A R Y ------------

Command Line: -Dfile.encoding=UTF-8 --add-opens=java.base/java.lang=ALL-UNNAMED --add-opens=java.base/java.lang.invoke=ALL-UNNAMED --add-opens=java.base/java.util=ALL-UNNAMED --add-opens=java.prefs/java.util.prefs=ALL-UNNAMED --add-exports=jdk.compiler/com.sun.tools.javac.api=ALL-UNNAMED --add-exports=jdk.compiler/com.sun.tools.javac.util=ALL-UNNAMED --add-opens=java.base/java.nio.charset=ALL-UNNAMED --add-opens=java.base/java.net=ALL-UNNAMED --add-opens=java.base/java.util.concurrent=ALL-UNNAMED --add-opens=java.base/java.util.concurrent.atomic=ALL-UNNAMED --add-opens=java.xml/javax.xml.namespace=ALL-UNNAMED --add-opens=java.base/java.time=ALL-UNNAMED -XX:MaxMetaspaceSize=384m -XX:+HeapDumpOnOutOfMemoryError -Xms256m -Xmx512m -Dfile.encoding=UTF-8 -Duser.country=KR -Duser.language=ko -Duser.variant -javaagent:C:\Users\harry\.gradle\wrapper\dists\gradle-9.7.1-bin\1w1c7tv4s851m17nbqdsro2tv\gradle-9.7.1\lib\agents\gradle-instrumentation-agent-9.7.1.jar org.gradle.launcher.daemon.bootstrap.GradleDaemon 9.7.1

Host: 13th Gen Intel(R) Core(TM) i5-1335U, 12 cores, 15G,  Windows 11 , 64 bit Build 26100 (10.0.26100.9444)
Time: Thu Sep 17 10:03:30 2026 elapsed time: 33.991886 seconds (0d 0h 0m 33s)

---------------  T H R E A D  ---------------

Current thread (0x000001a02dc7cc00):  JavaThread "Daemon worker"        [_thread_in_vm, id=45632, stack(0x00000006b2300000,0x00000006b2400000) (1024K)]

Stack: [0x00000006b2300000,0x00000006b2400000]
Native frames: (J=compiled Java code, j=interpreted, Vv=VM code, C=native code)
V  [jvm.dll+0x6d83e9]
V  [jvm.dll+0x8b5736]
V  [jvm.dll+0x8b7cee]
V  [jvm.dll+0x8b83d3]
V  [jvm.dll+0x284596]
V  [jvm.dll+0x8b147e]
V  [jvm.dll+0x679ad4]
V  [jvm.dll+0x1e849b]
V  [jvm.dll+0x1e825e]
V  [jvm.dll+0x67c3d2]
V  [jvm.dll+0x67c202]
V  [jvm.dll+0x67a4ae]
V  [jvm.dll+0x26f8e7]
V  [jvm.dll+0x21532d]
V  [jvm.dll+0x21a148]
V  [jvm.dll+0x20f80e]
V  [jvm.dll+0x5b6a7f]
V  [jvm.dll+0x82f606]
V  [jvm.dll+0x4792f8]
V  [jvm.dll+0x47f128]
C  [java.dll+0x17ec]

Java frames: (J=compiled Java code, j=interpreted, Vv=VM code)
J 716  java.lang.ClassLoader.defineClass1(Ljava/lang/ClassLoader;Ljava/lang/String;[BIILjava/security/ProtectionDomain;Ljava/lang/String;)Ljava/lang/Class; java.base@21.0.12.1 (0 bytes) @ 0x000001a007b1b691 [0x000001a007b1b5c0+0x00000000000000d1]
J 1151 c1 java.lang.ClassLoader.defineClass(Ljava/lang/String;[BIILjava/security/ProtectionDomain;)Ljava/lang/Class; java.base@21.0.12.1 (43 bytes) @ 0x000001a0001df174 [0x000001a0001dee20+0x0000000000000354]
J 990 c1 java.security.SecureClassLoader.defineClass(Ljava/lang/String;[BIILjava/security/CodeSource;)Ljava/lang/Class; java.base@21.0.12.1 (16 bytes) @ 0x000001a0001a649c [0x000001a0001a63c0+0x00000000000000dc]
J 2772 c2 java.lang.ClassLoader.loadClass(Ljava/lang/String;Z)Ljava/lang/Class; java.base@21.0.12.1 (121 bytes) @ 0x000001a007c01850 [0x000001a007bff940+0x0000000000001f10]
J 729 c1 java.lang.ClassLoader.loadClass(Ljava/lang/String;)Ljava/lang/Class; java.base@21.0.12.1 (7 bytes) @ 0x000001a000125cd4 [0x000001a000125bc0+0x0000000000000114]
v  ~StubRoutines::call_stub 0x000001a00753100d
J 2115  java.lang.Class.getDeclaredConstructors0(Z)[Ljava/lang/reflect/Constructor; java.base@21.0.12.1 (0 bytes) @ 0x000001a007baff13 [0x000001a007bafec0+0x0000000000000053]
j  java.lang.Class.privateGetDeclaredConstructors(Z)[Ljava/lang/reflect/Constructor;+52 java.base@21.0.12.1
j  java.lang.Class.getDeclaredConstructors()[Ljava/lang/reflect/Constructor;+20 java.base@21.0.12.1
j  org.gradle.internal.service.InjectUtil.selectConstructor(Ljava/lang/Class;)Ljava/lang/reflect/Constructor;+32
j  org.gradle.internal.service.DefaultServiceRegistry$ConstructorService.<init>(Lorg/gradle/internal/service/DefaultServiceRegistry;Lorg/gradle/internal/service/ServiceAccessScope;Lorg/gradle/internal/service/ServiceAccessToken;Ljava/util/List;Ljava/lang/Class;)V+87
j  org.gradle.internal.service.DefaultServiceRegistry$ConstructorService.<init>(Lorg/gradle/internal/service/DefaultServiceRegistry;Lorg/gradle/internal/service/ServiceAccessScope;Lorg/gradle/internal/service/ServiceAccessToken;Ljava/lang/Class;Ljava/lang/Class;)V+11
j  org.gradle.internal.service.DefaultServiceRegistry$ConstructorService.<init>(Lorg/gradle/internal/service/DefaultServiceRegistry;Lorg/gradle/internal/service/ServiceAccessScope;Lorg/gradle/internal/service/ServiceAccessToken;Ljava/lang/Class;)V+8
j  org.gradle.internal.service.DefaultServiceRegistry$ConstructorService.<init>(Lorg/gradle/internal/service/DefaultServiceRegistry;Lorg/gradle/internal/service/ServiceAccessScope;Lorg/gradle/internal/service/ServiceAccessToken;Ljava/lang/Class;Lorg/gradle/internal/service/DefaultServiceRegistry$1;)V+6
j  org.gradle.internal.service.DefaultServiceRegistry$1.add(Ljava/lang/Class;)V+24
j  org.gradle.composite.internal.CompositeBuildServices$CompositeBuildTreeScopeServices.configure(Lorg/gradle/internal/service/ServiceRegistration;)V+3
j  java.lang.invoke.DirectMethodHandle$Holder.invokeVirtual(Ljava/lang/Object;Ljava/lang/Object;Ljava/lang/Object;)V+11 java.base@21.0.12.1
j  java.lang.invoke.LambdaForm$MH+0x000001a0141b8800.invoke(Ljava/lang/Object;Ljava/lang/Object;Ljava/lang/Object;)Ljava/lang/Object;+52 java.base@21.0.12.1
J 2080 c1 jdk.internal.reflect.DirectMethodHandleAccessor.invoke(Ljava/lang/Object;[Ljava/lang/Object;)Ljava/lang/Object; java.base@21.0.12.1 (92 bytes) @ 0x000001a0003e2cbc [0x000001a0003e10c0+0x0000000000001bfc]
J 2079 c1 java.lang.reflect.Method.invoke(Ljava/lang/Object;[Ljava/lang/Object;)Ljava/lang/Object; java.base@21.0.12.1 (108 bytes) @ 0x000001a0003e0854 [0x000001a0003e0340+0x0000000000000514]
j  org.gradle.internal.reflect.JavaMethod.invoke(Ljava/lang/Object;[Ljava/lang/Object;)Ljava/lang/Object;+6
j  org.gradle.internal.service.ReflectionBasedServiceMethod.invoke(Ljava/lang/Object;[Ljava/lang/Object;)Ljava/lang/Object;+6
j  org.gradle.internal.service.DefaultServiceRegistry.applyConfigureMethod(Lorg/gradle/internal/service/ServiceAccessToken;Lorg/gradle/internal/service/ServiceMethod;Ljava/lang/Object;)V+150
j  org.gradle.internal.service.DefaultServiceRegistry.findProviderMethods(Lorg/gradle/internal/service/ServiceRegistrationProvider;Lorg/gradle/internal/service/ServiceAccessToken;)V+217
j  org.gradle.internal.service.DefaultServiceRegistry.addProvider(Lorg/gradle/internal/service/ServiceRegistrationProvider;)Lorg/gradle/internal/service/DefaultServiceRegistry;+20
j  org.gradle.internal.service.DefaultServiceRegistry$1.addProvider(Lorg/gradle/internal/service/ServiceRegistrationProvider;)V+5
j  org.gradle.composite.internal.CompositeBuildServices.registerBuildTreeServices(Lorg/gradle/internal/service/ServiceRegistration;)V+8
j  org.gradle.internal.buildtree.BuildTreeScopeServices.configure(Lorg/gradle/internal/service/ServiceRegistration;Ljava/util/List;)V+54
j  java.lang.invoke.LambdaForm$DMH+0x000001a0140b4400.invokeVirtual(Ljava/lang/Object;Ljava/lang/Object;Ljava/lang/Object;Ljava/lang/Object;)V+14 java.base@21.0.12.1
j  java.lang.invoke.LambdaForm$MH+0x000001a0140b9000.invoke(Ljava/lang/Object;Ljava/lang/Object;Ljava/lang/Object;Ljava/lang/Object;)Ljava/lang/Object;+73 java.base@21.0.12.1
J 2080 c1 jdk.internal.reflect.DirectMethodHandleAccessor.invoke(Ljava/lang/Object;[Ljava/lang/Object;)Ljava/lang/Object; java.base@21.0.12.1 (92 bytes) @ 0x000001a0003e2664 [0x000001a0003e10c0+0x00000000000015a4]
J 2079 c1 java.lang.reflect.Method.invoke(Ljava/lang/Object;[Ljava/lang/Object;)Ljava/lang/Object; java.base@21.0.12.1 (108 bytes) @ 0x000001a0003e0854 [0x000001a0003e0340+0x0000000000000514]
j  org.gradle.internal.reflect.JavaMethod.invoke(Ljava/lang/Object;[Ljava/lang/Object;)Ljava/lang/Object;+6
j  org.gradle.internal.service.ReflectionBasedServiceMethod.invoke(Ljava/lang/Object;[Ljava/lang/Object;)Ljava/lang/Object;+6
j  org.gradle.internal.service.DefaultServiceRegistry.applyConfigureMethod(Lorg/gradle/internal/service/ServiceAccessToken;Lorg/gradle/internal/service/ServiceMethod;Ljava/lang/Object;)V+150
j  org.gradle.internal.service.DefaultServiceRegistry.findProviderMethods(Lorg/gradle/internal/service/ServiceRegistrationProvider;Lorg/gradle/internal/service/ServiceAccessToken;)V+217
j  org.gradle.internal.service.DefaultServiceRegistry.addProvider(Lorg/gradle/internal/service/ServiceRegistrationProvider;)Lorg/gradle/internal/service/DefaultServiceRegistry;+20
j  org.gradle.internal.service.ServiceRegistryBuilder.build()Lorg/gradle/internal/service/CloseableServiceRegistry;+93
j  org.gradle.internal.buildtree.BuildTreeState.<init>(Lorg/gradle/internal/service/ServiceRegistry;Lorg/gradle/internal/buildtree/BuildActionModelRequirements;Lorg/gradle/internal/buildtree/BuildModelParameters;Lorg/gradle/internal/scopeids/id/BuildInvocationScopeId;)V+36
j  org.gradle.launcher.exec.DefaultBuildTreeActionExecutor.runBuildTreeLifecycle(Lorg/gradle/internal/invocation/BuildAction;Lorg/gradle/internal/service/ServiceRegistry;)Lorg/gradle/internal/buildtree/BuildActionRunner$Result;+62
j  org.gradle.launcher.exec.DefaultBuildTreeActionExecutor.access$100(Lorg/gradle/launcher/exec/DefaultBuildTreeActionExecutor;Lorg/gradle/internal/invocation/BuildAction;Lorg/gradle/internal/service/ServiceRegistry;)Lorg/gradle/internal/buildtree/BuildActionRunner$Result;+3
j  org.gradle.launcher.exec.DefaultBuildTreeActionExecutor$2.call(Lorg/gradle/internal/operations/BuildOperationContext;)Lorg/gradle/internal/buildtree/BuildActionRunner$Result;+22
j  org.gradle.launcher.exec.DefaultBuildTreeActionExecutor$2.call(Lorg/gradle/internal/operations/BuildOperationContext;)Ljava/lang/Object;+2
j  org.gradle.internal.operations.DefaultBuildOperationRunner$CallableBuildOperationWorker.execute(Lorg/gradle/internal/operations/CallableBuildOperation;Lorg/gradle/internal/operations/BuildOperationContext;)V+3
j  org.gradle.internal.operations.DefaultBuildOperationRunner$CallableBuildOperationWorker.execute(Lorg/gradle/internal/operations/BuildOperation;Lorg/gradle/internal/operations/BuildOperationContext;)V+6
j  org.gradle.internal.operations.DefaultBuildOperationRunner$2.execute(Lorg/gradle/internal/operations/BuildOperationDescriptor;Lorg/gradle/internal/operations/BuildOperationState;Lorg/gradle/internal/operations/BuildOperationState;Lorg/gradle/internal/operations/DefaultBuildOperationRunner$ReadableBuildOperationContext;Lorg/gradle/internal/operations/DefaultBuildOperationRunner$BuildOperationExecutionListener;)Lorg/gradle/internal/operations/BuildOperation;+22
j  org.gradle.internal.operations.DefaultBuildOperationRunner$2.execute(Lorg/gradle/internal/operations/BuildOperationDescriptor;Lorg/gradle/internal/operations/BuildOperationState;Lorg/gradle/internal/operations/BuildOperationState;Lorg/gradle/internal/operations/DefaultBuildOperationRunner$ReadableBuildOperationContext;Lorg/gradle/internal/operations/DefaultBuildOperationRunner$BuildOperationExecutionListener;)Ljava/lang/Object;+8
j  org.gradle.internal.operations.DefaultBuildOperationRunner.execute(Lorg/gradle/internal/operations/BuildOperationDescriptor$Builder;Lorg/gradle/internal/operations/DefaultBuildOperationRunner$BuildOperationExecution;)Ljava/lang/Object;+141
j  org.gradle.internal.operations.DefaultBuildOperationRunner.execute(Lorg/gradle/internal/operations/BuildOperation;Lorg/gradle/internal/operations/BuildOperationWorker;)V+17
j  org.gradle.internal.operations.DefaultBuildOperationRunner.call(Lorg/gradle/internal/operations/CallableBuildOperation;)Ljava/lang/Object;+12
j  org.gradle.launcher.exec.DefaultBuildTreeActionExecutor.runAsBuildOperation(Lorg/gradle/internal/invocation/BuildAction;Lorg/gradle/internal/service/ServiceRegistry;)Lorg/gradle/internal/buildtree/BuildActionRunner$Result;+23
j  org.gradle.launcher.exec.DefaultBuildTreeActionExecutor.lambda$runBuildTreeAction$0(Lorg/gradle/internal/invocation/BuildAction;Lorg/gradle/internal/service/ServiceRegistry;)Lorg/gradle/internal/buildtree/BuildActionRunner$Result;+3
j  org.gradle.launcher.exec.DefaultBuildTreeActionExecutor$$Lambda+0x000001a0142b47d0.create()Ljava/lang/Object;+12
j  org.gradle.internal.work.DefaultWorkerLeaseService.lambda$runAndReleaseLocks$0(Lorg/gradle/internal/Factory;Ljava/util/Collection;)Ljava/lang/Object;+1
j  org.gradle.internal.work.DefaultWorkerLeaseService$$Lambda+0x000001a0142b63b0.create()Ljava/lang/Object;+12
j  org.gradle.internal.work.ResourceLockStatistics$1.measure(Ljava/lang/String;Ljava/lang/Iterable;Lorg/gradle/internal/Factory;)Ljava/lang/Object;+1
j  org.gradle.internal.work.DefaultWorkerLeaseService.runAndReleaseLocks(Ljava/util/Collection;Lorg/gradle/internal/Factory;)Ljava/lang/Object;+16
j  org.gradle.internal.work.DefaultWorkerLeaseService.withLocksAcquired(Ljava/util/Collection;Lorg/gradle/internal/Factory;)Ljava/lang/Object;+8
j  org.gradle.internal.work.DefaultWorkerLeaseService.withLocks(Ljava/util/Collection;Lorg/gradle/internal/Factory;)Ljava/lang/Object;+25
j  org.gradle.internal.work.DefaultWorkerLeaseService.runAsWorkerThread(Lorg/gradle/internal/Factory;)Ljava/lang/Object;+33
j  org.gradle.launcher.exec.DefaultBuildTreeActionExecutor.runBuildTreeAction(Lorg/gradle/internal/invocation/BuildAction;Lorg/gradle/internal/service/ServiceRegistry;)Lorg/gradle/internal/buildtree/BuildActionRunner$Result;+12
j  org.gradle.tooling.internal.provider.continuous.ContinuousBuildActionExecutor.execute(Lorg/gradle/internal/invocation/BuildAction;Lorg/gradle/internal/session/BuildSessionContext;)Lorg/gradle/internal/buildtree/BuildActionRunner$Result;+63
j  org.gradle.tooling.internal.provider.SubscribableBuildActionExecutor.execute(Lorg/gradle/internal/invocation/BuildAction;Lorg/gradle/internal/session/BuildSessionContext;)Lorg/gradle/internal/buildtree/BuildActionRunner$Result;+30
j  org.gradle.internal.session.DefaultBuildSessionContext.execute(Lorg/gradle/internal/invocation/BuildAction;)Lorg/gradle/internal/buildtree/BuildActionRunner$Result;+64
j  org.gradle.internal.buildprocess.execution.BuildSessionLifecycleBuildActionExecutor$ActionImpl.apply(Lorg/gradle/internal/session/BuildSessionContext;)Lorg/gradle/launcher/exec/BuildActionResult;+6
j  org.gradle.internal.buildprocess.execution.BuildSessionLifecycleBuildActionExecutor$ActionImpl.apply(Ljava/lang/Object;)Ljava/lang/Object;+5
j  org.gradle.internal.session.BuildSessionState.run(Ljava/util/function/Function;)Ljava/lang/Object;+5
j  org.gradle.internal.buildprocess.execution.BuildSessionLifecycleBuildActionExecutor.execute(Lorg/gradle/internal/invocation/BuildAction;Lorg/gradle/launcher/exec/BuildActionParameters;Lorg/gradle/initialization/BuildRequestContext;)Lorg/gradle/launcher/exec/BuildActionResult;+105
j  org.gradle.internal.buildprocess.execution.BuildSessionLifecycleBuildActionExecutor.execute(Lorg/gradle/internal/invocation/BuildAction;Ljava/lang/Object;Ljava/lang/Object;)Lorg/gradle/launcher/exec/BuildActionResult;+10
j  org.gradle.internal.buildprocess.execution.StartParamsValidatingActionExecutor.execute(Lorg/gradle/internal/invocation/BuildAction;Lorg/gradle/launcher/exec/BuildActionParameters;Lorg/gradle/initialization/BuildRequestContext;)Lorg/gradle/launcher/exec/BuildActionResult;+142
j  org.gradle.internal.buildprocess.execution.StartParamsValidatingActionExecutor.execute(Lorg/gradle/internal/invocation/BuildAction;Ljava/lang/Object;Ljava/lang/Object;)Lorg/gradle/launcher/exec/BuildActionResult;+10
j  org.gradle.internal.buildprocess.execution.SessionFailureReportingActionExecutor.execute(Lorg/gradle/internal/invocation/BuildAction;Lorg/gradle/launcher/exec/BuildActionParameters;Lorg/gradle/initialization/BuildRequestContext;)Lorg/gradle/launcher/exec/BuildActionResult;+7
j  org.gradle.internal.buildprocess.execution.SessionFailureReportingActionExecutor.execute(Lorg/gradle/internal/invocation/BuildAction;Ljava/lang/Object;Ljava/lang/Object;)Lorg/gradle/launcher/exec/BuildActionResult;+10
j  org.gradle.internal.buildprocess.execution.SetupLoggingActionExecutor.execute(Lorg/gradle/internal/invocation/BuildAction;Lorg/gradle/launcher/exec/BuildActionParameters;Lorg/gradle/initialization/BuildRequestContext;)Lorg/gradle/launcher/exec/BuildActionResult;+50
j  org.gradle.internal.buildprocess.execution.SetupLoggingActionExecutor.execute(Lorg/gradle/internal/invocation/BuildAction;Ljava/lang/Object;Ljava/lang/Object;)Lorg/gradle/launcher/exec/BuildActionResult;+10
j  org.gradle.launcher.daemon.server.exec.ExecuteBuild.doBuild(Lorg/gradle/launcher/daemon/server/api/DaemonCommandExecution;Lorg/gradle/launcher/daemon/protocol/Build;)V+147
j  org.gradle.launcher.daemon.server.exec.BuildCommandOnly.execute(Lorg/gradle/launcher/daemon/server/api/DaemonCommandExecution;)V+49
j  org.gradle.launcher.daemon.server.api.DaemonCommandExecution.proceed()Z+23
j  org.gradle.launcher.daemon.server.exec.WatchForDisconnection.execute(Lorg/gradle/launcher/daemon/server/api/DaemonCommandExecution;)V+19
j  org.gradle.launcher.daemon.server.api.DaemonCommandExecution.proceed()Z+23
j  org.gradle.launcher.daemon.server.exec.ResetDeprecationLogger.execute(Lorg/gradle/launcher/daemon/server/api/DaemonCommandExecution;)V+7
j  org.gradle.launcher.daemon.server.api.DaemonCommandExecution.proceed()Z+23
j  org.gradle.launcher.daemon.server.exec.RequestStopIfSingleUsedDaemon.execute(Lorg/gradle/launcher/daemon/server/api/DaemonCommandExecution;)V+33
j  org.gradle.launcher.daemon.server.api.DaemonCommandExecution.proceed()Z+23
j  org.gradle.launcher.daemon.server.exec.ForwardClientInput.lambda$execute$0(Lorg/gradle/launcher/daemon/server/api/DaemonCommandExecution;Lorg/gradle/internal/daemon/clientinput/StdinHandler;)Ljava/lang/Object;+11
j  org.gradle.launcher.daemon.server.exec.ForwardClientInput$$Lambda+0x000001a014197b90.apply(Ljava/lang/Object;)Ljava/lang/Object;+8
j  org.gradle.internal.daemon.clientinput.ClientInputForwarder.forwardInput(Ljava/util/function/Function;)Ljava/lang/Object;+46
j  org.gradle.launcher.daemon.server.exec.ForwardClientInput.execute(Lorg/gradle/launcher/daemon/server/api/DaemonCommandExecution;)V+10
j  org.gradle.launcher.daemon.server.api.DaemonCommandExecution.proceed()Z+23
j  org.gradle.launcher.daemon.server.exec.LogAndCheckHealth.execute(Lorg/gradle/launcher/daemon/server/api/DaemonCommandExecution;)V+51
j  org.gradle.launcher.daemon.server.api.DaemonCommandExecution.proceed()Z+23
j  org.gradle.launcher.daemon.server.exec.ApplyClientEnvironmentVariables.doBuild(Lorg/gradle/launcher/daemon/server/api/DaemonCommandExecution;Lorg/gradle/launcher/daemon/protocol/Build;)V+133
j  org.gradle.launcher.daemon.server.exec.BuildCommandOnly.execute(Lorg/gradle/launcher/daemon/server/api/DaemonCommandExecution;)V+49
j  org.gradle.launcher.daemon.server.api.DaemonCommandExecution.proceed()Z+23
j  org.gradle.launcher.daemon.server.exec.LogToClient.doBuild(Lorg/gradle/launcher/daemon/server/api/DaemonCommandExecution;Lorg/gradle/launcher/daemon/protocol/Build;)V+87
j  org.gradle.launcher.daemon.server.exec.BuildCommandOnly.execute(Lorg/gradle/launcher/daemon/server/api/DaemonCommandExecution;)V+49
j  org.gradle.launcher.daemon.server.api.DaemonCommandExecution.proceed()Z+23
j  org.gradle.launcher.daemon.server.exec.EstablishBuildEnvironment.doBuild(Lorg/gradle/launcher/daemon/server/api/DaemonCommandExecution;Lorg/gradle/launcher/daemon/protocol/Build;)V+225
j  org.gradle.launcher.daemon.server.exec.BuildCommandOnly.execute(Lorg/gradle/launcher/daemon/server/api/DaemonCommandExecution;)V+49
j  org.gradle.launcher.daemon.server.api.DaemonCommandExecution.proceed()Z+23
j  org.gradle.launcher.daemon.server.exec.StartBuildOrRespondWithBusy$1.run()V+44
j  org.gradle.launcher.daemon.server.DaemonStateCoordinator.lambda$runCommand$0(Ljava/lang/Runnable;)V+1
j  org.gradle.launcher.daemon.server.DaemonStateCoordinator$$Lambda+0x000001a014196720.run()V+8
j  org.gradle.internal.concurrent.ExecutorPolicy$CatchAndRecordFailures.onExecute(Ljava/lang/Runnable;)V+1
j  org.gradle.internal.concurrent.AbstractManagedExecutor$1.run()V+25
j  java.util.concurrent.ThreadPoolExecutor.runWorker(Ljava/util/concurrent/ThreadPoolExecutor$Worker;)V+92 java.base@21.0.12.1
j  java.util.concurrent.ThreadPoolExecutor$Worker.run()V+5 java.base@21.0.12.1
j  java.lang.Thread.runWith(Ljava/lang/Object;Ljava/lang/Runnable;)V+5 java.base@21.0.12.1
j  java.lang.Thread.run()V+19 java.base@21.0.12.1
v  ~StubRoutines::call_stub 0x000001a00753100d

Compiled method (n/a) 34240  716     n 0       java.lang.ClassLoader::defineClass1 (native)
 total in heap  [0x000001a007b1b410,0x000001a007b1b9a8] = 1432
 relocation     [0x000001a007b1b570,0x000001a007b1b5a8] = 56
 main code      [0x000001a007b1b5c0,0x000001a007b1b9a1] = 993
 stub code      [0x000001a007b1b9a1,0x000001a007b1b9a8] = 7

[Constant Pool (empty)]

[MachCode]
[Entry Point]
  # {method} {0x000001a013434c38} 'defineClass1' '(Ljava/lang/ClassLoader;Ljava/lang/String;[BIILjava/security/ProtectionDomain;Ljava/lang/String;)Ljava/lang/Class;' in 'java/lang/ClassLoader'
  # parm0:    rdx:rdx   = 'java/lang/ClassLoader'
  # parm1:    r8:r8     = 'java/lang/String'
  # parm2:    r9:r9     = '[B'
  # parm3:    rdi       = int
  # parm4:    rsi       = int
  # parm5:    rcx:rcx   = 'java/security/ProtectionDomain'
  # parm6:    [sp+0xa0]   = 'java/lang/String'  (sp of caller)
  0x000001a007b1b5c0: 448b 5208 | 49bb 0000 | 0013 a001 | 0000 4d03 | d349 3bc2 | 0f84 0600 

  0x000001a007b1b5d8: ;   {runtime_call ic_miss_stub}
  0x000001a007b1b5d8: 0000 e9a1 | 31a6 ff90 
[Verified Entry Point]
  0x000001a007b1b5e0: 8984 2400 | 80ff ff55 | 488b ec48 | 81ec 9000 | 0000 6690 | 4181 7f20 | 0100 0000 

  0x000001a007b1b5fc: ;   {runtime_call StubRoutines (final stubs)}
  0x000001a007b1b5fc: 7405 e89d | aea4 ff48 | 837d 1000 | 488d 4510 | 480f 4445 | 1048 8944 | 2440 4889 | 4c24 7048 
  0x000001a007b1b61c: 83f9 0048 | 8d44 2470 | 480f 4444 | 2470 4889 | 4424 3848 | 8974 2430 | 4889 7c24 | 284c 894c 
  0x000001a007b1b63c: 2458 4983 | f900 488d | 4424 5848 | 0f44 4424 | 5848 8944 | 2420 4c89 | 4424 5049 | 83f8 004c 
  0x000001a007b1b65c: 8d4c 2450 | 4c0f 444c | 2450 4889 | 5424 4848 | 83fa 004c | 8d44 2448 | 4c0f 4444 

  0x000001a007b1b678: ;   {oop(a 'java/lang/Class'{0x00000000e06cc040} = 'java/lang/ClassLoader')}
  0x000001a007b1b678: 2448 49be | 40c0 6ce0 | 0000 0000 | 4c89 7424 | 784c 8d74 | 2478 498b | d6c5 f877 

  0x000001a007b1b694: ;   {internal_word}
  0x000001a007b1b694: 49ba 91b6 | b107 a001 | 0000 4d89 | 97a8 0300 | 0049 89a7 | a003 0000 

  0x000001a007b1b6ac: ;   {external_word}
  0x000001a007b1b6ac: 49ba 066d | 385e ff7f | 0000 4180 | 3a00 0f84 | 4e00 0000 | 5241 5041 

  0x000001a007b1b6c4: ;   {metadata({method} {0x000001a013434c38} 'defineClass1' '(Ljava/lang/ClassLoader;Ljava/lang/String;[BIILjava/security/ProtectionDomain;Ljava/lang/String;)Ljava/lang/Class;' in 'java/lang/ClassLoader')}
  0x000001a007b1b6c4: 5148 ba30 | 4c43 13a0 | 0100 0049 | 8bcf 4883 | ec20 40f6 | c40f 0f84 | 1900 0000 | 4883 ec08 
  0x000001a007b1b6e4: ;   {runtime_call}
  0x000001a007b1b6e4: 48b8 e0ea | e15d ff7f | 0000 ffd0 | 4883 c408 | e90c 0000 

  0x000001a007b1b6f8: ;   {runtime_call}
  0x000001a007b1b6f8: 0048 b8e0 | eae1 5dff | 7f00 00ff | d048 83c4 | 2041 5941 | 585a 498d | 8fc0 0300 | 0041 c787 
  0x000001a007b1b718: 4c04 0000 | 0400 0000 

  0x000001a007b1b720: ;   {runtime_call}
  0x000001a007b1b720: 48b8 ac16 | 30be ff7f | 0000 ffd0 | c5f8 7741 | c787 4c04 | 0000 0500 | 0000 f083 | 4424 c000 
  0x000001a007b1b740: 493b af50 | 0400 000f | 870e 0000 | 0041 83bf | 4804 0000 | 000f 842b | 0000 00c5 | f877 4889 
  0x000001a007b1b760: 45f8 498b | cf4c 8be4 | 4883 ec20 | 4883 e4f0 

  0x000001a007b1b770: ;   {runtime_call}
  0x000001a007b1b770: 48b8 0058 | ad5d ff7f | 0000 ffd0 | 498b e44d | 33e4 488b | 45f8 41c7 | 874c 0400 | 0008 0000 
  0x000001a007b1b790: 0041 83bf | c804 0000 | 020f 84d5 

  0x000001a007b1b79c: ;   {external_word}
  0x000001a007b1b79c: 0100 0049 | ba06 6d38 | 5eff 7f00 | 0041 803a | 000f 844c | 0000 0048 

  0x000001a007b1b7b4: ;   {metadata({method} {0x000001a013434c38} 'defineClass1' '(Ljava/lang/ClassLoader;Ljava/lang/String;[BIILjava/security/ProtectionDomain;Ljava/lang/String;)Ljava/lang/Class;' in 'java/lang/ClassLoader')}
  0x000001a007b1b7b4: 8945 f848 | ba30 4c43 | 13a0 0100 | 0049 8bcf | 4883 ec20 | 40f6 c40f | 0f84 1900 | 0000 4883 
  0x000001a007b1b7d4: ;   {runtime_call}
  0x000001a007b1b7d4: ec08 48b8 | e0ea e15d | ff7f 0000 | ffd0 4883 | c408 e90c 

  0x000001a007b1b7e8: ;   {runtime_call}
  0x000001a007b1b7e8: 0000 0048 | b8e0 eae1 | 5dff 7f00 | 00ff d048 | 83c4 2048 | 8b45 f849 | c787 a003 | 0000 0000 
  0x000001a007b1b808: 0000 49c7 | 87a8 0300 | 0000 0000 | 00c5 f877 | 4885 c00f | 8430 0100 | 00a8 030f | 8508 0000 
  0x000001a007b1b828: 0048 8b00 | e920 0100 | 00a8 010f | 8509 0000 | 0048 8b40 | fee9 0f01 | 0000 488b | 40ff 4180 
  0x000001a007b1b848: 7f40 000f | 8400 0100 | 0048 83f8 | 000f 84f6 | 0000 0049 | 8b4f 2848 | 83f9 000f | 8414 0000 
  0x000001a007b1b868: 0048 83e9 | 0849 894f | 2849 034f | 3848 8901 | e9d4 0000 | 0048 83ec | 7048 8904 | 2448 894c 
  0x000001a007b1b888: 2408 4889 | 5424 104c | 8944 2418 | 4c89 4c24 | 204c 8954 | 2428 4c89 | 5c24 30c5 | fb11 4424 
  0x000001a007b1b8a8: 40c5 fb11 | 4c24 48c5 | fb11 5424 | 50c5 fb11 | 5c24 58c5 | fb11 6424 | 60c5 fb11 | 6c24 6849 
  0x000001a007b1b8c8: 8bd7 488b | c848 83ec | 2040 f6c4 | 0f0f 8419 | 0000 0048 

  0x000001a007b1b8dc: ;   {runtime_call}
  0x000001a007b1b8dc: 83ec 0848 | b820 a4a0 | 5dff 7f00 | 00ff d048 | 83c4 08e9 | 0c00 0000 

  0x000001a007b1b8f4: ;   {runtime_call}
  0x000001a007b1b8f4: 48b8 20a4 | a05d ff7f | 0000 ffd0 | 4883 c420 | c5fb 106c | 2468 c5fb | 1064 2460 | c5fb 105c 
  0x000001a007b1b914: 2458 c5fb | 1054 2450 | c5fb 104c | 2448 c5fb | 1044 2440 | 4c8b 5c24 | 304c 8b54 | 2428 4c8b 
  0x000001a007b1b934: 4c24 204c | 8b44 2418 | 488b 5424 | 1048 8b4c | 2408 488b | 0424 4883 | c470 c5f8 | 7749 8b8f 
  0x000001a007b1b954: 3004 0000 | c781 0001 | 0000 0000 | 0000 c949 | 837f 0800 | 0f85 0100 

  0x000001a007b1b96c: ;   {runtime_call StubRoutines (initial stubs)}
  0x000001a007b1b96c: 0000 c3e9 | 8c55 a1ff | c5f8 7748 | 8945 f84c | 8be4 4883 | ec20 4883 

  0x000001a007b1b984: ;   {runtime_call}
  0x000001a007b1b984: e4f0 48b8 | 3022 e25d | ff7f 0000 | ffd0 498b | e44d 33e4 | 488b 45f8 | e9fe fdff | fff4 f4f4 
  0x000001a007b1b9a4: f4f4 f4f4 
[/MachCode]


Compiled method (c1) 34258 1151       3       java.lang.ClassLoader::defineClass (43 bytes)
 total in heap  [0x000001a0001dec10,0x000001a0001df560] = 2384
 relocation     [0x000001a0001ded70,0x000001a0001dee10] = 160
 main code      [0x000001a0001dee20,0x000001a0001df2b8] = 1176
 stub code      [0x000001a0001df2b8,0x000001a0001df330] = 120
 metadata       [0x000001a0001df330,0x000001a0001df360] = 48
 scopes data    [0x000001a0001df360,0x000001a0001df450] = 240
 scopes pcs     [0x000001a0001df450,0x000001a0001df530] = 224
 dependencies   [0x000001a0001df530,0x000001a0001df538] = 8
 nul chk table  [0x000001a0001df538,0x000001a0001df560] = 40

[Constant Pool (empty)]

[MachCode]
[Entry Point]
  # {method} {0x000001a013434fb8} 'defineClass' '(Ljava/lang/String;[BIILjava/security/ProtectionDomain;)Ljava/lang/Class;' in 'java/lang/ClassLoader'
  # this:     rdx:rdx   = 'java/lang/ClassLoader'
  # parm0:    r8:r8     = 'java/lang/String'
  # parm1:    r9:r9     = '[B'
  # parm2:    rdi       = int
  # parm3:    rsi       = int
  # parm4:    rcx:rcx   = 'java/security/ProtectionDomain'
  #           [sp+0xc0]  (sp of caller)
  0x000001a0001dee20: 448b 5208 | 49bb 0000 | 0013 a001 | 0000 4d03 | d34c 3bd0 

  0x000001a0001dee34: ;   {runtime_call ic_miss_stub}
  0x000001a0001dee34: 0f85 46f9 | 3907 660f | 1f44 0000 
[Verified Entry Point]
  0x000001a0001dee40: 8984 2400 | 80ff ff55 | 4881 ecb0 | 0000 0090 | 4181 7f20 | 0100 0000 

  0x000001a0001dee58: ;   {runtime_call StubRoutines (final stubs)}
  0x000001a0001dee58: 7405 e841 | 7638 0748 | 8954 2478 

  0x000001a0001dee64: ;   {metadata(method data for {method} {0x000001a013434fb8} 'defineClass' '(Ljava/lang/String;[BIILjava/security/ProtectionDomain;)Ljava/lang/Class;' in 'java/lang/ClassLoader')}
  0x000001a0001dee64: 48bb 2811 | 1928 a001 | 0000 8b83 | cc00 0000 | 83c0 0289 | 83cc 0000 | 0025 fe07 | 0000 85c0 
  0x000001a0001dee84: 0f84 5003 | 0000 89b4 | 2494 0000 | 0089 bc24 | 9000 0000 | 4c89 8c24 | 8800 0000 

  0x000001a0001deea0: ;   {metadata(method data for {method} {0x000001a013434fb8} 'defineClass' '(Ljava/lang/String;[BIILjava/security/ProtectionDomain;)Ljava/lang/Class;' in 'java/lang/ClassLoader')}
  0x000001a0001deea0: 488b da48 | b828 1119 | 28a0 0100 | 0048 8380 | 1001 0000 | 0149 8bd8 | 4c8b c34c | 8bc9 488b 
  0x000001a0001deec0: ca48 8bd1 | 4889 9c24 | 8000 0000 

  0x000001a0001deecc: ;   {optimized virtual_call}
  0x000001a0001deecc: 6666 90e8 

  0x000001a0001deed0: ; ImmutableOopMap {[120]=Oop [128]=Oop [136]=Oop }
                      ;*invokevirtual preDefineClass {reexecute=0 rethrow=0 return_oop=0}
                      ; - java.lang.ClassLoader::defineClass@4
  0x000001a0001deed0: 4ca6 fcff 

  0x000001a0001deed4: ;   {other}
  0x000001a0001deed4: 0f1f 8400 | c402 0000 | 4889 8424 | 9800 0000 | 488b 5424 

  0x000001a0001deee8: ;   {metadata(method data for {method} {0x000001a013434fb8} 'defineClass' '(Ljava/lang/String;[BIILjava/security/ProtectionDomain;)Ljava/lang/Class;' in 'java/lang/ClassLoader')}
  0x000001a0001deee8: 7849 b828 | 1119 28a0 | 0100 0049 | 8380 4801 

  0x000001a0001deef8: ;   {metadata(method data for {method} {0x000001a013434ca0} 'defineClassSourceLocation' '(Ljava/security/ProtectionDomain;)Ljava/lang/String;' in 'java/lang/ClassLoader')}
  0x000001a0001deef8: 0000 0149 | b898 2f19 | 28a0 0100 | 0041 8b90 | cc00 0000 | 83c2 0241 | 8990 cc00 | 0000 81e2 
  0x000001a0001def18: feff 1f00 | 85d2 0f84 | d702 0000 

  0x000001a0001def24: ; implicit exception: dispatches to 0x000001a0001df21c
  0x000001a0001def24: 483b 004c 

  0x000001a0001def28: ;   {metadata(method data for {method} {0x000001a013434ca0} 'defineClassSourceLocation' '(Ljava/security/ProtectionDomain;)Ljava/lang/String;' in 'java/lang/ClassLoader')}
  0x000001a0001def28: 8bc0 48ba | 982f 1928 | a001 0000 | 4883 8210 | 0100 0001 | 448b 4010 

  0x000001a0001def40: ;   {metadata(method data for {method} {0x000001a013434ca0} 'defineClassSourceLocation' '(Ljava/security/ProtectionDomain;)Ljava/lang/String;' in 'java/lang/ClassLoader')}
  0x000001a0001def40: 4d85 c048 | ba98 2f19 | 28a0 0100 | 0048 c7c6 | 5801 0000 | 7507 48c7 | c648 0100 | 0048 8b3c 
  0x000001a0001def60: 3248 8d7f | 0148 893c | 320f 850f 

  0x000001a0001def6c: ;   {oop(nullptr)}
  0x000001a0001def6c: 0000 0048 | bb00 0000 | 0000 0000 | 00e9 a101 | 0000 493b | 0049 8bd0 

  0x000001a0001def84: ;   {metadata(method data for {method} {0x000001a013434ca0} 'defineClassSourceLocation' '(Ljava/security/ProtectionDomain;)Ljava/lang/String;' in 'java/lang/ClassLoader')}
  0x000001a0001def84: 48be 982f | 1928 a001 | 0000 4883 | 8668 0100 | 0001 418b | 500c 4885 

  0x000001a0001def9c: ;   {metadata(method data for {method} {0x000001a013434ca0} 'defineClassSourceLocation' '(Ljava/security/ProtectionDomain;)Ljava/lang/String;' in 'java/lang/ClassLoader')}
  0x000001a0001def9c: d248 be98 | 2f19 28a0 | 0100 0048 | c7c7 b001 | 0000 7507 | 48c7 c7a0 | 0100 0048 | 8b1c 3e48 
  0x000001a0001defbc: 8d5b 0148 | 891c 3e0f | 850f 0000 

  0x000001a0001defc8: ;   {oop(nullptr)}
  0x000001a0001defc8: 0048 bb00 | 0000 0000 | 0000 00e9 | 4701 0000 

  0x000001a0001defd8: ;   {metadata(method data for {method} {0x000001a013434ca0} 'defineClassSourceLocation' '(Ljava/security/ProtectionDomain;)Ljava/lang/String;' in 'java/lang/ClassLoader')}
  0x000001a0001defd8: 48be 982f | 1928 a001 | 0000 4883 | 86c0 0100 | 0001 483b | 024c 8bc2 

  0x000001a0001deff0: ;   {metadata(method data for {method} {0x000001a013434ca0} 'defineClassSourceLocation' '(Ljava/security/ProtectionDomain;)Ljava/lang/String;' in 'java/lang/ClassLoader')}
  0x000001a0001deff0: 48be 982f | 1928 a001 | 0000 4883 | 86f8 0100 

  0x000001a0001df000: ;   {metadata(method data for {method} {0x000001a01301abf0} 'toString' '()Ljava/lang/String;' in 'java/net/URL')}
  0x000001a0001df000: 0001 49b8 | 2063 0e28 | a001 0000 | 418b b0cc | 0000 0083 | c602 4189 | b0cc 0000 | 0081 e6fe 
  0x000001a0001df020: ff1f 0085 | f60f 8400 | 0200 004c 

  0x000001a0001df02c: ;   {metadata(method data for {method} {0x000001a01301abf0} 'toString' '()Ljava/lang/String;' in 'java/net/URL')}
  0x000001a0001df02c: 8bc2 48be | 2063 0e28 | a001 0000 | 4883 8610 | 0100 0001 

  0x000001a0001df040: ;   {metadata(method data for {method} {0x000001a013428840} 'toExternalForm' '()Ljava/lang/String;' in 'java/net/URL')}
  0x000001a0001df040: 49b8 a864 | 0e28 a001 | 0000 418b | b0cc 0000 | 0083 c602 | 4189 b0cc | 0000 0081 | e6fe ff1f 
  0x000001a0001df060: 0085 f60f | 84e3 0100 | 008b 7238 

  0x000001a0001df06c: ; implicit exception: dispatches to 0x000001a0001df26d
  0x000001a0001df06c: 483b 064c 

  0x000001a0001df070: ;   {metadata(method data for {method} {0x000001a013428840} 'toExternalForm' '()Ljava/lang/String;' in 'java/net/URL')}
  0x000001a0001df070: 8bc6 48bf | a864 0e28 | a001 0000 | 458b 4008 | 49ba 0000 | 0013 a001 | 0000 4d03 | c24c 3b87 
  0x000001a0001df090: 2001 0000 | 750d 4883 | 8728 0100 | 0001 e960 | 0000 004c | 3b87 3001 | 0000 750d | 4883 8738 
  0x000001a0001df0b0: 0100 0001 | e94a 0000 | 0048 83bf | 2001 0000 | 0075 174c | 8987 2001 | 0000 48c7 | 8728 0100 
  0x000001a0001df0d0: 0001 0000 | 00e9 2900 | 0000 4883 | bf30 0100 | 0000 7517 | 4c89 8730 | 0100 0048 | c787 3801 
  0x000001a0001df0f0: 0000 0100 | 0000 e908 | 0000 0048 | 8387 1001 | 0000 014c | 8bc2 488b | d666 0f1f 

  0x000001a0001df10c: ;   {optimized virtual_call}
  0x000001a0001df10c: 4400 00e8 

  0x000001a0001df110: ; ImmutableOopMap {[120]=Oop [128]=Oop [136]=Oop [152]=Oop }
                      ;*invokevirtual toExternalForm {reexecute=0 rethrow=0 return_oop=0}
                      ; - java.net.URL::toExternalForm@5
                      ; - java.net.URL::toString@1
                      ; - java.lang.ClassLoader::defineClassSourceLocation@22
                      ; - java.lang.ClassLoader::defineClass@12
  0x000001a0001df110: 8ce1 f5ff 

  0x000001a0001df114: ;   {other}
  0x000001a0001df114: 0f1f 8400 | 0405 0001 | 488b d848 | 8b84 2498 | 0000 008b | b424 9400 | 0000 8bbc | 2490 0000 
  0x000001a0001df134: 004c 8b8c | 2488 0000 | 004c 8b84 | 2480 0000 | 0048 8b54 

  0x000001a0001df148: ;   {metadata(method data for {method} {0x000001a013434fb8} 'defineClass' '(Ljava/lang/String;[BIILjava/security/ProtectionDomain;)Ljava/lang/Class;' in 'java/lang/ClassLoader')}
  0x000001a0001df148: 2478 48b9 | 2811 1928 | a001 0000 | 4883 8180 | 0100 0001 | 4c8b da49 | 8bd3 488b | c848 891c 
  0x000001a0001df168: 2466 0f1f 

  0x000001a0001df16c: ;   {static_call}
  0x000001a0001df16c: 4400 00e8 

  0x000001a0001df170: ; ImmutableOopMap {[120]=Oop [152]=Oop }
                      ;*invokestatic defineClass1 {reexecute=0 rethrow=0 return_oop=0}
                      ; - java.lang.ClassLoader::defineClass@27
  0x000001a0001df170: 6cc4 9307 

  0x000001a0001df174: ;   {other}
  0x000001a0001df174: 0f1f 8400 | 6405 0002 | 488b 5424 

  0x000001a0001df180: ;   {metadata(method data for {method} {0x000001a013434fb8} 'defineClass' '(Ljava/lang/String;[BIILjava/security/ProtectionDomain;)Ljava/lang/Class;' in 'java/lang/ClassLoader')}
  0x000001a0001df180: 7849 b828 | 1119 28a0 | 0100 0049 | 8380 9001 | 0000 014c | 8bc0 4c8b | 8c24 9800 | 0000 488b 
  0x000001a0001df1a0: 5424 7848 | 8984 24a0 | 0000 000f 

  0x000001a0001df1ac: ;   {optimized virtual_call}
  0x000001a0001df1ac: 1f40 00e8 

  0x000001a0001df1b0: ; ImmutableOopMap {[160]=Oop }
                      ;*invokevirtual postDefineClass {reexecute=0 rethrow=0 return_oop=0}
                      ; - java.lang.ClassLoader::defineClass@37
  0x000001a0001df1b0: 6c42 0000 

  0x000001a0001df1b4: ;   {other}
  0x000001a0001df1b4: 0f1f 8400 | a405 0003 | 488b 8424 | a000 0000 | 4881 c4b0 | 0000 005d 

  0x000001a0001df1cc: ;   {poll_return}
  0x000001a0001df1cc: 493b a750 | 0400 000f | 8799 0000 

  0x000001a0001df1d8: ;   {metadata({method} {0x000001a013434fb8} 'defineClass' '(Ljava/lang/String;[BIILjava/security/ProtectionDomain;)Ljava/lang/Class;' in 'java/lang/ClassLoader')}
  0x000001a0001df1d8: 00c3 49ba | b04f 4313 | a001 0000 | 4c89 5424 | 0848 c704 | 24ff ffff 

  0x000001a0001df1f0: ;   {runtime_call counter_overflow Runtime1 stub}
  0x000001a0001df1f0: ffe8 8a69 

  0x000001a0001df1f4: ; ImmutableOopMap {rdx=Oop r8=Oop r9=Oop rcx=Oop [120]=Oop }
                      ;*synchronization entry
                      ; - java.lang.ClassLoader::defineClass@-1
  0x000001a0001df1f4: 4707 e98f 

  0x000001a0001df1f8: ;   {metadata({method} {0x000001a013434ca0} 'defineClassSourceLocation' '(Ljava/security/ProtectionDomain;)Ljava/lang/String;' in 'java/lang/ClassLoader')}
  0x000001a0001df1f8: fcff ff49 | ba98 4c43 | 13a0 0100 | 004c 8954 | 2408 48c7 | 0424 ffff 

  0x000001a0001df210: ;   {runtime_call counter_overflow Runtime1 stub}
  0x000001a0001df210: ffff e869 

  0x000001a0001df214: ; ImmutableOopMap {rax=Oop [120]=Oop [128]=Oop [136]=Oop [152]=Oop }
                      ;*synchronization entry
                      ; - java.lang.ClassLoader::defineClassSourceLocation@-1
                      ; - java.lang.ClassLoader::defineClass@12
  0x000001a0001df214: 6947 07e9 | 08fd ffff 

  0x000001a0001df21c: ;   {runtime_call throw_null_pointer_exception Runtime1 stub}
  0x000001a0001df21c: e85f 1847 

  0x000001a0001df220: ; ImmutableOopMap {rax=Oop [120]=Oop [128]=Oop [136]=Oop [152]=Oop }
                      ;*invokevirtual getCodeSource {reexecute=0 rethrow=0 return_oop=0}
                      ; - java.lang.ClassLoader::defineClassSourceLocation@1
                      ; - java.lang.ClassLoader::defineClass@12
                      ;   {runtime_call throw_null_pointer_exception Runtime1 stub}
  0x000001a0001df220: 07e8 5a18 

  0x000001a0001df224: ; ImmutableOopMap {rax=Oop r8=Oop [120]=Oop [128]=Oop [136]=Oop [152]=Oop }
                      ;*invokevirtual getLocation {reexecute=0 rethrow=0 return_oop=0}
                      ; - java.lang.ClassLoader::defineClassSourceLocation@12
                      ; - java.lang.ClassLoader::defineClass@12
                      ;   {runtime_call throw_null_pointer_exception Runtime1 stub}
  0x000001a0001df224: 4707 e855 

  0x000001a0001df228: ; ImmutableOopMap {rdx=Oop [120]=Oop [128]=Oop [136]=Oop [152]=Oop }
                      ;*invokevirtual toString {reexecute=0 rethrow=0 return_oop=0}
                      ; - java.lang.ClassLoader::defineClassSourceLocation@22
                      ; - java.lang.ClassLoader::defineClass@12
                      ;   {metadata({method} {0x000001a01301abf0} 'toString' '()Ljava/lang/String;' in 'java/net/URL')}
  0x000001a0001df228: 1847 0749 | bae8 ab01 | 13a0 0100 | 004c 8954 | 2408 48c7 | 0424 ffff 

  0x000001a0001df240: ;   {runtime_call counter_overflow Runtime1 stub}
  0x000001a0001df240: ffff e839 

  0x000001a0001df244: ; ImmutableOopMap {rdx=Oop [120]=Oop [128]=Oop [136]=Oop [152]=Oop }
                      ;*synchronization entry
                      ; - java.net.URL::toString@-1
                      ; - java.lang.ClassLoader::defineClassSourceLocation@22
                      ; - java.lang.ClassLoader::defineClass@12
  0x000001a0001df244: 6947 07e9 | dffd ffff 

  0x000001a0001df24c: ;   {metadata({method} {0x000001a013428840} 'toExternalForm' '()Ljava/lang/String;' in 'java/net/URL')}
  0x000001a0001df24c: 49ba 3888 | 4213 a001 | 0000 4c89 | 5424 0848 | c704 24ff 

  0x000001a0001df260: ;   {runtime_call counter_overflow Runtime1 stub}
  0x000001a0001df260: ffff ffe8 

  0x000001a0001df264: ; ImmutableOopMap {rdx=Oop [120]=Oop [128]=Oop [136]=Oop [152]=Oop }
                      ;*synchronization entry
                      ; - java.net.URL::toExternalForm@-1
                      ; - java.net.URL::toString@1
                      ; - java.lang.ClassLoader::defineClassSourceLocation@22
                      ; - java.lang.ClassLoader::defineClass@12
  0x000001a0001df264: 1869 4707 | e9fc fdff 

  0x000001a0001df26c: ;   {runtime_call throw_null_pointer_exception Runtime1 stub}
  0x000001a0001df26c: ffe8 0e18 

  0x000001a0001df270: ; ImmutableOopMap {rdx=Oop rsi=Oop [120]=Oop [128]=Oop [136]=Oop [152]=Oop }
                      ;*invokevirtual toExternalForm {reexecute=0 rethrow=0 return_oop=0}
                      ; - java.net.URL::toExternalForm@5
                      ; - java.net.URL::toString@1
                      ; - java.lang.ClassLoader::defineClassSourceLocation@22
                      ; - java.lang.ClassLoader::defineClass@12
                      ;   {internal_word}
  0x000001a0001df270: 4707 49ba | ccf1 1d00 | a001 0000 | 4d89 9768 

  0x000001a0001df280: ;   {runtime_call SafepointBlob}
  0x000001a0001df280: 0400 00e9 | f861 3a07 | 498b 8700 | 0500 0049 | c787 0005 | 0000 0000 | 0000 49c7 | 8708 0500 
  0x000001a0001df2a0: 0000 0000 | 0048 81c4 | b000 0000 

  0x000001a0001df2ac: ;   {runtime_call unwind_exception Runtime1 stub}
  0x000001a0001df2ac: 5de9 ce08 | 4707 f4f4 | f4f4 f4f4 
[Stub Code]
  0x000001a0001df2b8: ;   {no_reloc}
  0x000001a0001df2b8: 0f1f 4400 

  0x000001a0001df2bc: ;   {static_stub}
  0x000001a0001df2bc: 0048 bb00 | 0000 0000 

  0x000001a0001df2c4: ;   {runtime_call nmethod}
  0x000001a0001df2c4: 0000 00e9 | fbff ffff 

  0x000001a0001df2cc: ;   {static_stub}
  0x000001a0001df2cc: 48bb 0000 | 0000 0000 

  0x000001a0001df2d4: ;   {runtime_call nmethod}
  0x000001a0001df2d4: 0000 e9fb 

  0x000001a0001df2d8: ;   {static_stub}
  0x000001a0001df2d8: ffff ff48 | bb00 0000 | 0000 0000 

  0x000001a0001df2e4: ;   {runtime_call nmethod}
  0x000001a0001df2e4: 00e9 fbff 

  0x000001a0001df2e8: ;   {static_stub}
  0x000001a0001df2e8: ffff 48bb | d84b 4313 | a001 0000 

  0x000001a0001df2f4: ;   {runtime_call I2C/C2I adapters}
  0x000001a0001df2f4: e972 bb39 

  0x000001a0001df2f8: ;   {runtime_call handle_exception_from_callee Runtime1 stub}
  0x000001a0001df2f8: 07e8 8235 

  0x000001a0001df2fc: ;   {external_word}
  0x000001a0001df2fc: 4707 48b9 | 5063 0e5e | ff7f 0000 | 4883 e4f0 

  0x000001a0001df30c: ;   {runtime_call}
  0x000001a0001df30c: 48b8 c0c9 | d05d ff7f | 0000 ffd0 

  0x000001a0001df318: ;   {section_word}
  0x000001a0001df318: f449 ba19 | f31d 00a0 | 0100 0041 

  0x000001a0001df324: ;   {runtime_call DeoptimizationBlob}
  0x000001a0001df324: 52e9 f653 | 3a07 f4f4 | f4f4 f4f4 
[/MachCode]


Compiled method (c1) 34288  990       3       java.security.SecureClassLoader::defineClass (16 bytes)
 total in heap  [0x000001a0001a6210,0x000001a0001a6610] = 1024
 relocation     [0x000001a0001a6370,0x000001a0001a63c0] = 80
 main code      [0x000001a0001a63c0,0x000001a0001a6518] = 344
 stub code      [0x000001a0001a6518,0x000001a0001a6568] = 80
 metadata       [0x000001a0001a6568,0x000001a0001a6570] = 8
 scopes data    [0x000001a0001a6570,0x000001a0001a65b8] = 72
 scopes pcs     [0x000001a0001a65b8,0x000001a0001a6608] = 80
 dependencies   [0x000001a0001a6608,0x000001a0001a6610] = 8

[Constant Pool (empty)]

[MachCode]
[Entry Point]
  # {method} {0x000001a01304e0e8} 'defineClass' '(Ljava/lang/String;[BIILjava/security/CodeSource;)Ljava/lang/Class;' in 'java/security/SecureClassLoader'
  # this:     rdx:rdx   = 'java/security/SecureClassLoader'
  # parm0:    r8:r8     = 'java/lang/String'
  # parm1:    r9:r9     = '[B'
  # parm2:    rdi       = int
  # parm3:    rsi       = int
  # parm4:    rcx:rcx   = 'java/security/CodeSource'
  #           [sp+0x80]  (sp of caller)
  0x000001a0001a63c0: 448b 5208 | 49bb 0000 | 0013 a001 | 0000 4d03 | d34c 3bd0 

  0x000001a0001a63d4: ;   {runtime_call ic_miss_stub}
  0x000001a0001a63d4: 0f85 a683 | 3d07 660f | 1f44 0000 
[Verified Entry Point]
  0x000001a0001a63e0: 8984 2400 | 80ff ff55 | 4883 ec70 | 4181 7f20 | 0100 0000 

  0x000001a0001a63f4: ;   {runtime_call StubRoutines (final stubs)}
  0x000001a0001a63f4: 7405 e8a5 

  0x000001a0001a63f8: ;   {metadata(method data for {method} {0x000001a01304e0e8} 'defineClass' '(Ljava/lang/String;[BIILjava/security/CodeSource;)Ljava/lang/Class;' in 'java/security/SecureClassLoader')}
  0x000001a0001a63f8: 003c 0748 | bb40 fe17 | 28a0 0100 | 008b 83cc | 0000 0083 | c002 8983 | cc00 0000 | 25fe 0700 
  0x000001a0001a6418: 0085 c00f | 8496 0000 | 0089 7424 | 5c89 7c24 | 584c 894c | 2450 4c89 | 4424 4848 

  0x000001a0001a6434: ;   {metadata(method data for {method} {0x000001a01304e0e8} 'defineClass' '(Ljava/lang/String;[BIILjava/security/CodeSource;)Ljava/lang/Class;' in 'java/security/SecureClassLoader')}
  0x000001a0001a6434: 8bda 48b8 | 40fe 1728 | a001 0000 | 4883 8010 | 0100 0001 | 4c8b c148 | 8bc2 488b | d048 8944 
  0x000001a0001a6454: ;   {optimized virtual_call}
  0x000001a0001a6454: 2440 90e8 

  0x000001a0001a6458: ; ImmutableOopMap {[64]=Oop [72]=Oop [80]=Oop }
                      ;*invokevirtual getProtectionDomain {reexecute=0 rethrow=0 return_oop=0}
                      ; - java.security.SecureClassLoader::defineClass@9
  0x000001a0001a6458: 447f 0300 

  0x000001a0001a645c: ;   {other}
  0x000001a0001a645c: 0f1f 8400 | 4c02 0000 | 488b 5424 

  0x000001a0001a6468: ;   {metadata(method data for {method} {0x000001a01304e0e8} 'defineClass' '(Ljava/lang/String;[BIILjava/security/CodeSource;)Ljava/lang/Class;' in 'java/security/SecureClassLoader')}
  0x000001a0001a6468: 4049 b840 | fe17 28a0 | 0100 0049 | 8380 4801 | 0000 014c | 8b44 2448 | 4c8b 4c24 | 508b 7c24 
  0x000001a0001a6488: 588b 7424 | 5c48 8bc8 | 488b 5424 

  0x000001a0001a6494: ;   {optimized virtual_call}
  0x000001a0001a6494: 4066 90e8 

  0x000001a0001a6498: ; ImmutableOopMap {}
                      ;*invokevirtual defineClass {reexecute=0 rethrow=0 return_oop=0}
                      ; - java.security.SecureClassLoader::defineClass@12
  0x000001a0001a6498: a489 0300 

  0x000001a0001a649c: ;   {other}
  0x000001a0001a649c: 0f1f 8400 | 8c02 0001 | 4883 c470 

  0x000001a0001a64a8: ;   {poll_return}
  0x000001a0001a64a8: 5d49 3ba7 | 5004 0000 | 0f87 2200 

  0x000001a0001a64b4: ;   {metadata({method} {0x000001a01304e0e8} 'defineClass' '(Ljava/lang/String;[BIILjava/security/CodeSource;)Ljava/lang/Class;' in 'java/security/SecureClassLoader')}
  0x000001a0001a64b4: 0000 c349 | bae0 e004 | 13a0 0100 | 004c 8954 | 2408 48c7 | 0424 ffff 

  0x000001a0001a64cc: ;   {runtime_call counter_overflow Runtime1 stub}
  0x000001a0001a64cc: ffff e8ad 

  0x000001a0001a64d0: ; ImmutableOopMap {rdx=Oop r8=Oop r9=Oop rcx=Oop }
                      ;*synchronization entry
                      ; - java.security.SecureClassLoader::defineClass@-1
  0x000001a0001a64d0: f64a 07e9 | 49ff ffff 

  0x000001a0001a64d8: ;   {internal_word}
  0x000001a0001a64d8: 49ba a964 | 1a00 a001 | 0000 4d89 | 9768 0400 

  0x000001a0001a64e8: ;   {runtime_call SafepointBlob}
  0x000001a0001a64e8: 00e9 92ef | 3d07 498b | 8700 0500 | 0049 c787 | 0005 0000 | 0000 0000 | 49c7 8708 | 0500 0000 
  0x000001a0001a6508: 0000 0048 | 83c4 705d 

  0x000001a0001a6510: ;   {runtime_call unwind_exception Runtime1 stub}
  0x000001a0001a6510: e96b 964a | 07f4 f4f4 
[Stub Code]
  0x000001a0001a6518: ;   {no_reloc}
  0x000001a0001a6518: 48bb 30e0 | 0413 a001 

  0x000001a0001a6520: ;   {runtime_call I2C/C2I adapters}
  0x000001a0001a6520: 0000 e9c0 

  0x000001a0001a6524: ;   {static_stub}
  0x000001a0001a6524: da3d 0748 | bbb0 4f43 | 13a0 0100 

  0x000001a0001a6530: ;   {runtime_call I2C/C2I adapters}
  0x000001a0001a6530: 00e9 bfc0 

  0x000001a0001a6534: ;   {runtime_call handle_exception_from_callee Runtime1 stub}
  0x000001a0001a6534: 3c07 e845 

  0x000001a0001a6538: ;   {external_word}
  0x000001a0001a6538: c34a 0748 | b950 630e | 5eff 7f00 | 0048 83e4 

  0x000001a0001a6548: ;   {runtime_call}
  0x000001a0001a6548: f048 b8c0 | c9d0 5dff | 7f00 00ff 

  0x000001a0001a6554: ;   {section_word}
  0x000001a0001a6554: d0f4 49ba | 5665 1a00 | a001 0000 

  0x000001a0001a6560: ;   {runtime_call DeoptimizationBlob}
  0x000001a0001a6560: 4152 e9b9 | e13d 07f4 
[/MachCode]


---------------  P R O C E S S  ---------------

Threads class SMR info:
_java_thread_list=0x000001a02fa8f3d0, length=26, elements={
0x000001a07cda18c0, 0x000001a012c00080, 0x000001a012c01900, 0x000001a012c04470,
0x000001a012c07c00, 0x000001a012c08660, 0x000001a012c090c0, 0x000001a012c09e50,
0x000001a012c0f620, 0x000001a012d2baf0, 0x000001a012dbbfe0, 0x000001a02d850800,
0x000001a02ddae900, 0x000001a02c9b1760, 0x000001a012dfc780, 0x000001a02ca452c0,
0x000001a02c78a930, 0x000001a02dc7cc00, 0x000001a02dbb3e40, 0x000001a02dbb1d70,
0x000001a02dbb2400, 0x000001a02dbb44d0, 0x000001a02dbb2a90, 0x000001a02dbb16e0,
0x000001a02dbb37b0, 0x000001a02dbb1050
}

Java Threads: ( => current thread )
  0x000001a07cda18c0 JavaThread "main"                              [_thread_blocked, id=36872, stack(0x00000006b0600000,0x00000006b0700000) (1024K)]
  0x000001a012c00080 JavaThread "Reference Handler"          daemon [_thread_blocked, id=45784, stack(0x00000006b0e00000,0x00000006b0f00000) (1024K)]
  0x000001a012c01900 JavaThread "Finalizer"                  daemon [_thread_blocked, id=45788, stack(0x00000006b0f00000,0x00000006b1000000) (1024K)]
  0x000001a012c04470 JavaThread "Signal Dispatcher"          daemon [_thread_blocked, id=45792, stack(0x00000006b1000000,0x00000006b1100000) (1024K)]
  0x000001a012c07c00 JavaThread "Attach Listener"            daemon [_thread_blocked, id=45796, stack(0x00000006b1100000,0x00000006b1200000) (1024K)]
  0x000001a012c08660 JavaThread "Service Thread"             daemon [_thread_blocked, id=45800, stack(0x00000006b1200000,0x00000006b1300000) (1024K)]
  0x000001a012c090c0 JavaThread "Monitor Deflation Thread"   daemon [_thread_blocked, id=45804, stack(0x00000006b1300000,0x00000006b1400000) (1024K)]
  0x000001a012c09e50 JavaThread "C2 CompilerThread0"         daemon [_thread_blocked, id=45808, stack(0x00000006b1400000,0x00000006b1500000) (1024K)]
  0x000001a012c0f620 JavaThread "C1 CompilerThread0"         daemon [_thread_in_vm, id=45812, stack(0x00000006b1500000,0x00000006b1600000) (1024K)]
  0x000001a012d2baf0 JavaThread "Common-Cleaner"             daemon [_thread_blocked, id=44588, stack(0x00000006b1600000,0x00000006b1700000) (1024K)]
  0x000001a012dbbfe0 JavaThread "Notification Thread"        daemon [_thread_blocked, id=45192, stack(0x00000006b1700000,0x00000006b1800000) (1024K)]
  0x000001a02d850800 JavaThread "Daemon health stats"               [_thread_blocked, id=42256, stack(0x00000006b1d00000,0x00000006b1e00000) (1024K)]
  0x000001a02ddae900 JavaThread "Incoming local TCP Connector on port 64911"        [_thread_in_native, id=42004, stack(0x00000006b1e00000,0x00000006b1f00000) (1024K)]
  0x000001a02c9b1760 JavaThread "Daemon periodic checks"            [_thread_blocked, id=35868, stack(0x00000006b1f00000,0x00000006b2000000) (1024K)]
  0x000001a012dfc780 JavaThread "Daemon"                            [_thread_blocked, id=46304, stack(0x00000006b2000000,0x00000006b2100000) (1024K)]
  0x000001a02ca452c0 JavaThread "Handler for socket connection from /127.0.0.1:64911 to /127.0.0.1:64918"        [_thread_in_native, id=43720, stack(0x00000006b2100000,0x00000006b2200000) (1024K)]
  0x000001a02c78a930 JavaThread "Cancel handler"                    [_thread_blocked, id=33240, stack(0x00000006b2200000,0x00000006b2300000) (1024K)]
=>0x000001a02dc7cc00 JavaThread "Daemon worker"                     [_thread_in_vm, id=45632, stack(0x00000006b2300000,0x00000006b2400000) (1024K)]
  0x000001a02dbb3e40 JavaThread "Asynchronous log dispatcher for DefaultDaemonConnection: socket connection from /127.0.0.1:64911 to /127.0.0.1:64918"        [_thread_blocked, id=45872, stack(0x00000006b2400000,0x00000006b2500000) (1024K)]
  0x000001a02dbb1d70 JavaThread "Stdin handler"                     [_thread_blocked, id=44356, stack(0x00000006b2500000,0x00000006b2600000) (1024K)]
  0x000001a02dbb2400 JavaThread "Daemon client event forwarder"        [_thread_blocked, id=32836, stack(0x00000006b2600000,0x00000006b2700000) (1024K)]
  0x000001a02dbb44d0 JavaThread "Cache worker for journal cache (C:\Users\harry\.gradle\caches\journal-1)"        [_thread_blocked, id=34760, stack(0x00000006b2700000,0x00000006b2800000) (1024K)]
  0x000001a02dbb2a90 JavaThread "File lock request listener"        [_thread_in_native, id=42204, stack(0x00000006b2800000,0x00000006b2900000) (1024K)]
  0x000001a02dbb16e0 JavaThread "Cache worker for file hash cache (C:\Users\harry\.gradle\caches\9.7.1\fileHashes)"        [_thread_blocked, id=31484, stack(0x00000006b2900000,0x00000006b2a00000) (1024K)]
  0x000001a02dbb37b0 JavaThread "File lock release action executor"        [_thread_blocked, id=31464, stack(0x00000006b2a00000,0x00000006b2b00000) (1024K)]
  0x000001a02dbb1050 JavaThread "File lock release action executor Thread 2"        [_thread_blocked, id=31460, stack(0x00000006b2b00000,0x00000006b2c00000) (1024K)]
Total: 26

Other Threads:
  0x000001a012bd18c0 VMThread "VM Thread"                           [id=45664, stack(0x00000006b0d00000,0x00000006b0e00000) (1024K)]
  0x000001a012bc48c0 WatcherThread "VM Periodic Task Thread"        [id=45660, stack(0x00000006b0c00000,0x00000006b0d00000) (1024K)]
  0x000001a07cdcd6a0 WorkerThread "GC Thread#0"                     [id=45496, stack(0x00000006b0700000,0x00000006b0800000) (1024K)]
  0x000001a02c853880 WorkerThread "GC Thread#1"                     [id=45100, stack(0x00000006b1800000,0x00000006b1900000) (1024K)]
  0x000001a02caab060 WorkerThread "GC Thread#2"                     [id=46648, stack(0x00000006b1900000,0x00000006b1a00000) (1024K)]
  0x000001a02caab410 WorkerThread "GC Thread#3"                     [id=46704, stack(0x00000006b1a00000,0x00000006b1b00000) (1024K)]
  0x000001a02caab7c0 WorkerThread "GC Thread#4"                     [id=46504, stack(0x00000006b1b00000,0x00000006b1c00000) (1024K)]
  0x000001a02caabb70 WorkerThread "GC Thread#5"                     [id=46500, stack(0x00000006b1c00000,0x00000006b1d00000) (1024K)]
  0x000001a07cdd25a0 ConcurrentGCThread "G1 Main Marker"            [id=45500, stack(0x00000006b0800000,0x00000006b0900000) (1024K)]
  0x000001a07cdd2fd0 WorkerThread "G1 Conc#0"                       [id=45504, stack(0x00000006b0900000,0x00000006b0a00000) (1024K)]
  0x000001a012a8e640 ConcurrentGCThread "G1 Refine#0"               [id=45520, stack(0x00000006b0a00000,0x00000006b0b00000) (1024K)]
  0x000001a012a8efd0 ConcurrentGCThread "G1 Service"                [id=45524, stack(0x00000006b0b00000,0x00000006b0c00000) (1024K)]
Total: 12

Threads with active compile tasks:
C1 CompilerThread0  34301 2971       3       java.util.concurrent.locks.LockSupport::setBlocker (12 bytes)
Total: 1

VM state: not at safepoint (normal execution)

VM Mutex/Monitor currently owned by a thread:  ([mutex/lock_event])
[0x00007fff5e39d530] Metaspace_lock - owner thread: 0x000001a02dc7cc00

Heap address: 0x00000000e0000000, size: 512 MB, Compressed Oops mode: 32-bit

CDS archive(s) mapped at: [0x000001a013000000-0x000001a013ba0000-0x000001a013ba0000), size 12189696, SharedBaseAddress: 0x000001a013000000, ArchiveRelocationMode: 1.
Compressed class space mapped at: 0x000001a014000000-0x000001a028000000, reserved size: 335544320
Narrow klass base: 0x000001a013000000, Narrow klass shift: 0, Narrow klass range: 0x100000000

GC Precious Log:
 CardTable entry size: 512
 Card Set container configuration: InlinePtr #cards 5 size 8 Array Of Cards #cards 12 size 40 Howl #buckets 4 coarsen threshold 1843 Howl Bitmap #cards 512 size 80 coarsen threshold 460 Card regions per heap region 1 cards per card region 2048
 CPUs: 12 total, 12 available
 Memory: 16067M
 Large Page Support: Disabled
 NUMA Support: Disabled
 Compressed Oops: Enabled (32-bit)
 Heap Region Size: 1M
 Heap Min Capacity: 256M
 Heap Initial Capacity: 256M
 Heap Max Capacity: 512M
 Pre-touch: Disabled
 Parallel Workers: 10
 Concurrent Workers: 3
 Concurrent Refinement Workers: 10
 Periodic GC: Disabled

Heap:
 garbage-first heap   total 262144K, used 112790K [0x00000000e0000000, 0x0000000100000000)
  region size 1024K, 99 young (101376K), 2 survivors (2048K)
 Metaspace       used 18484K, committed 19008K, reserved 393216K
  class space    used 2584K, committed 2880K, reserved 327680K

Heap Regions: E=young(eden), S=young(survivor), O=old, HS=humongous(starts), HC=humongous(continues), CS=collection set, F=free, TAMS=top-at-mark-start, PB=parsable bottom
|   0|0x00000000e0000000, 0x00000000e0100000, 0x00000000e0100000|100%|HS|  |TAMS 0x00000000e0000000| PB 0x00000000e0000000| Complete 
|   1|0x00000000e0100000, 0x00000000e0200000, 0x00000000e0200000|100%|HC|  |TAMS 0x00000000e0100000| PB 0x00000000e0100000| Complete 
|   2|0x00000000e0200000, 0x00000000e0300000, 0x00000000e0300000|100%|HC|  |TAMS 0x00000000e0200000| PB 0x00000000e0200000| Complete 
|   3|0x00000000e0300000, 0x00000000e0400000, 0x00000000e0400000|100%|HC|  |TAMS 0x00000000e0300000| PB 0x00000000e0300000| Complete 
|   4|0x00000000e0400000, 0x00000000e0500000, 0x00000000e0500000|100%| O|  |TAMS 0x00000000e0400000| PB 0x00000000e0400000| Untracked 
|   5|0x00000000e0500000, 0x00000000e0600000, 0x00000000e0600000|100%| O|  |TAMS 0x00000000e0500000| PB 0x00000000e0500000| Untracked 
|   6|0x00000000e0600000, 0x00000000e0700000, 0x00000000e0700000|100%| O|  |TAMS 0x00000000e0600000| PB 0x00000000e0600000| Untracked 
|   7|0x00000000e0700000, 0x00000000e0800000, 0x00000000e0800000|100%| O|  |TAMS 0x00000000e0700000| PB 0x00000000e0700000| Untracked 
|   8|0x00000000e0800000, 0x00000000e0900000, 0x00000000e0900000|100%| O|  |TAMS 0x00000000e0800000| PB 0x00000000e0800000| Untracked 
|   9|0x00000000e0900000, 0x00000000e0a00000, 0x00000000e0a00000|100%| O|  |TAMS 0x00000000e0900000| PB 0x00000000e0900000| Untracked 
|  10|0x00000000e0a00000, 0x00000000e0acf8c8, 0x00000000e0b00000| 81%| O|  |TAMS 0x00000000e0a00000| PB 0x00000000e0a00000| Untracked 
|  11|0x00000000e0b00000, 0x00000000e0c00000, 0x00000000e0c00000|100%|HS|  |TAMS 0x00000000e0b00000| PB 0x00000000e0b00000| Complete 
|  12|0x00000000e0c00000, 0x00000000e0d00000, 0x00000000e0d00000|100%|HS|  |TAMS 0x00000000e0c00000| PB 0x00000000e0c00000| Complete 
|  13|0x00000000e0d00000, 0x00000000e0d00000, 0x00000000e0e00000|  0%| F|  |TAMS 0x00000000e0d00000| PB 0x00000000e0d00000| Untracked 
|  14|0x00000000e0e00000, 0x00000000e0e00000, 0x00000000e0f00000|  0%| F|  |TAMS 0x00000000e0e00000| PB 0x00000000e0e00000| Untracked 
|  15|0x00000000e0f00000, 0x00000000e0f00000, 0x00000000e1000000|  0%| F|  |TAMS 0x00000000e0f00000| PB 0x00000000e0f00000| Untracked 
|  16|0x00000000e1000000, 0x00000000e1000000, 0x00000000e1100000|  0%| F|  |TAMS 0x00000000e1000000| PB 0x00000000e1000000| Untracked 
|  17|0x00000000e1100000, 0x00000000e1100000, 0x00000000e1200000|  0%| F|  |TAMS 0x00000000e1100000| PB 0x00000000e1100000| Untracked 
|  18|0x00000000e1200000, 0x00000000e1200000, 0x00000000e1300000|  0%| F|  |TAMS 0x00000000e1200000| PB 0x00000000e1200000| Untracked 
|  19|0x00000000e1300000, 0x00000000e1300000, 0x00000000e1400000|  0%| F|  |TAMS 0x00000000e1300000| PB 0x00000000e1300000| Untracked 
|  20|0x00000000e1400000, 0x00000000e1400000, 0x00000000e1500000|  0%| F|  |TAMS 0x00000000e1400000| PB 0x00000000e1400000| Untracked 
|  21|0x00000000e1500000, 0x00000000e1500000, 0x00000000e1600000|  0%| F|  |TAMS 0x00000000e1500000| PB 0x00000000e1500000| Untracked 
|  22|0x00000000e1600000, 0x00000000e1600000, 0x00000000e1700000|  0%| F|  |TAMS 0x00000000e1600000| PB 0x00000000e1600000| Untracked 
|  23|0x00000000e1700000, 0x00000000e1700000, 0x00000000e1800000|  0%| F|  |TAMS 0x00000000e1700000| PB 0x00000000e1700000| Untracked 
|  24|0x00000000e1800000, 0x00000000e1800000, 0x00000000e1900000|  0%| F|  |TAMS 0x00000000e1800000| PB 0x00000000e1800000| Untracked 
|  25|0x00000000e1900000, 0x00000000e1900000, 0x00000000e1a00000|  0%| F|  |TAMS 0x00000000e1900000| PB 0x00000000e1900000| Untracked 
|  26|0x00000000e1a00000, 0x00000000e1a00000, 0x00000000e1b00000|  0%| F|  |TAMS 0x00000000e1a00000| PB 0x00000000e1a00000| Untracked 
|  27|0x00000000e1b00000, 0x00000000e1b00000, 0x00000000e1c00000|  0%| F|  |TAMS 0x00000000e1b00000| PB 0x00000000e1b00000| Untracked 
|  28|0x00000000e1c00000, 0x00000000e1c00000, 0x00000000e1d00000|  0%| F|  |TAMS 0x00000000e1c00000| PB 0x00000000e1c00000| Untracked 
|  29|0x00000000e1d00000, 0x00000000e1d00000, 0x00000000e1e00000|  0%| F|  |TAMS 0x00000000e1d00000| PB 0x00000000e1d00000| Untracked 
|  30|0x00000000e1e00000, 0x00000000e1e00000, 0x00000000e1f00000|  0%| F|  |TAMS 0x00000000e1e00000| PB 0x00000000e1e00000| Untracked 
|  31|0x00000000e1f00000, 0x00000000e1f00000, 0x00000000e2000000|  0%| F|  |TAMS 0x00000000e1f00000| PB 0x00000000e1f00000| Untracked 
|  32|0x00000000e2000000, 0x00000000e2000000, 0x00000000e2100000|  0%| F|  |TAMS 0x00000000e2000000| PB 0x00000000e2000000| Untracked 
|  33|0x00000000e2100000, 0x00000000e2100000, 0x00000000e2200000|  0%| F|  |TAMS 0x00000000e2100000| PB 0x00000000e2100000| Untracked 
|  34|0x00000000e2200000, 0x00000000e2200000, 0x00000000e2300000|  0%| F|  |TAMS 0x00000000e2200000| PB 0x00000000e2200000| Untracked 
|  35|0x00000000e2300000, 0x00000000e2300000, 0x00000000e2400000|  0%| F|  |TAMS 0x00000000e2300000| PB 0x00000000e2300000| Untracked 
|  36|0x00000000e2400000, 0x00000000e2400000, 0x00000000e2500000|  0%| F|  |TAMS 0x00000000e2400000| PB 0x00000000e2400000| Untracked 
|  37|0x00000000e2500000, 0x00000000e2500000, 0x00000000e2600000|  0%| F|  |TAMS 0x00000000e2500000| PB 0x00000000e2500000| Untracked 
|  38|0x00000000e2600000, 0x00000000e2600000, 0x00000000e2700000|  0%| F|  |TAMS 0x00000000e2600000| PB 0x00000000e2600000| Untracked 
|  39|0x00000000e2700000, 0x00000000e2700000, 0x00000000e2800000|  0%| F|  |TAMS 0x00000000e2700000| PB 0x00000000e2700000| Untracked 
|  40|0x00000000e2800000, 0x00000000e2800000, 0x00000000e2900000|  0%| F|  |TAMS 0x00000000e2800000| PB 0x00000000e2800000| Untracked 
|  41|0x00000000e2900000, 0x00000000e2900000, 0x00000000e2a00000|  0%| F|  |TAMS 0x00000000e2900000| PB 0x00000000e2900000| Untracked 
|  42|0x00000000e2a00000, 0x00000000e2a00000, 0x00000000e2b00000|  0%| F|  |TAMS 0x00000000e2a00000| PB 0x00000000e2a00000| Untracked 
|  43|0x00000000e2b00000, 0x00000000e2b00000, 0x00000000e2c00000|  0%| F|  |TAMS 0x00000000e2b00000| PB 0x00000000e2b00000| Untracked 
|  44|0x00000000e2c00000, 0x00000000e2c00000, 0x00000000e2d00000|  0%| F|  |TAMS 0x00000000e2c00000| PB 0x00000000e2c00000| Untracked 
|  45|0x00000000e2d00000, 0x00000000e2d00000, 0x00000000e2e00000|  0%| F|  |TAMS 0x00000000e2d00000| PB 0x00000000e2d00000| Untracked 
|  46|0x00000000e2e00000, 0x00000000e2e00000, 0x00000000e2f00000|  0%| F|  |TAMS 0x00000000e2e00000| PB 0x00000000e2e00000| Untracked 
|  47|0x00000000e2f00000, 0x00000000e2f00000, 0x00000000e3000000|  0%| F|  |TAMS 0x00000000e2f00000| PB 0x00000000e2f00000| Untracked 
|  48|0x00000000e3000000, 0x00000000e3000000, 0x00000000e3100000|  0%| F|  |TAMS 0x00000000e3000000| PB 0x00000000e3000000| Untracked 
|  49|0x00000000e3100000, 0x00000000e3100000, 0x00000000e3200000|  0%| F|  |TAMS 0x00000000e3100000| PB 0x00000000e3100000| Untracked 
|  50|0x00000000e3200000, 0x00000000e3200000, 0x00000000e3300000|  0%| F|  |TAMS 0x00000000e3200000| PB 0x00000000e3200000| Untracked 
|  51|0x00000000e3300000, 0x00000000e3300000, 0x00000000e3400000|  0%| F|  |TAMS 0x00000000e3300000| PB 0x00000000e3300000| Untracked 
|  52|0x00000000e3400000, 0x00000000e3400000, 0x00000000e3500000|  0%| F|  |TAMS 0x00000000e3400000| PB 0x00000000e3400000| Untracked 
|  53|0x00000000e3500000, 0x00000000e3500000, 0x00000000e3600000|  0%| F|  |TAMS 0x00000000e3500000| PB 0x00000000e3500000| Untracked 
|  54|0x00000000e3600000, 0x00000000e3600000, 0x00000000e3700000|  0%| F|  |TAMS 0x00000000e3600000| PB 0x00000000e3600000| Untracked 
|  55|0x00000000e3700000, 0x00000000e3700000, 0x00000000e3800000|  0%| F|  |TAMS 0x00000000e3700000| PB 0x00000000e3700000| Untracked 
|  56|0x00000000e3800000, 0x00000000e3800000, 0x00000000e3900000|  0%| F|  |TAMS 0x00000000e3800000| PB 0x00000000e3800000| Untracked 
|  57|0x00000000e3900000, 0x00000000e3900000, 0x00000000e3a00000|  0%| F|  |TAMS 0x00000000e3900000| PB 0x00000000e3900000| Untracked 
|  58|0x00000000e3a00000, 0x00000000e3a00000, 0x00000000e3b00000|  0%| F|  |TAMS 0x00000000e3a00000| PB 0x00000000e3a00000| Untracked 
|  59|0x00000000e3b00000, 0x00000000e3b00000, 0x00000000e3c00000|  0%| F|  |TAMS 0x00000000e3b00000| PB 0x00000000e3b00000| Untracked 
|  60|0x00000000e3c00000, 0x00000000e3c00000, 0x00000000e3d00000|  0%| F|  |TAMS 0x00000000e3c00000| PB 0x00000000e3c00000| Untracked 
|  61|0x00000000e3d00000, 0x00000000e3d00000, 0x00000000e3e00000|  0%| F|  |TAMS 0x00000000e3d00000| PB 0x00000000e3d00000| Untracked 
|  62|0x00000000e3e00000, 0x00000000e3e00000, 0x00000000e3f00000|  0%| F|  |TAMS 0x00000000e3e00000| PB 0x00000000e3e00000| Untracked 
|  63|0x00000000e3f00000, 0x00000000e3f00000, 0x00000000e4000000|  0%| F|  |TAMS 0x00000000e3f00000| PB 0x00000000e3f00000| Untracked 
|  64|0x00000000e4000000, 0x00000000e4000000, 0x00000000e4100000|  0%| F|  |TAMS 0x00000000e4000000| PB 0x00000000e4000000| Untracked 
|  65|0x00000000e4100000, 0x00000000e4100000, 0x00000000e4200000|  0%| F|  |TAMS 0x00000000e4100000| PB 0x00000000e4100000| Untracked 
|  66|0x00000000e4200000, 0x00000000e4200000, 0x00000000e4300000|  0%| F|  |TAMS 0x00000000e4200000| PB 0x00000000e4200000| Untracked 
|  67|0x00000000e4300000, 0x00000000e4300000, 0x00000000e4400000|  0%| F|  |TAMS 0x00000000e4300000| PB 0x00000000e4300000| Untracked 
|  68|0x00000000e4400000, 0x00000000e4400000, 0x00000000e4500000|  0%| F|  |TAMS 0x00000000e4400000| PB 0x00000000e4400000| Untracked 
|  69|0x00000000e4500000, 0x00000000e4500000, 0x00000000e4600000|  0%| F|  |TAMS 0x00000000e4500000| PB 0x00000000e4500000| Untracked 
|  70|0x00000000e4600000, 0x00000000e4600000, 0x00000000e4700000|  0%| F|  |TAMS 0x00000000e4600000| PB 0x00000000e4600000| Untracked 
|  71|0x00000000e4700000, 0x00000000e4700000, 0x00000000e4800000|  0%| F|  |TAMS 0x00000000e4700000| PB 0x00000000e4700000| Untracked 
|  72|0x00000000e4800000, 0x00000000e4800000, 0x00000000e4900000|  0%| F|  |TAMS 0x00000000e4800000| PB 0x00000000e4800000| Untracked 
|  73|0x00000000e4900000, 0x00000000e4900000, 0x00000000e4a00000|  0%| F|  |TAMS 0x00000000e4900000| PB 0x00000000e4900000| Untracked 
|  74|0x00000000e4a00000, 0x00000000e4a00000, 0x00000000e4b00000|  0%| F|  |TAMS 0x00000000e4a00000| PB 0x00000000e4a00000| Untracked 
|  75|0x00000000e4b00000, 0x00000000e4b00000, 0x00000000e4c00000|  0%| F|  |TAMS 0x00000000e4b00000| PB 0x00000000e4b00000| Untracked 
|  76|0x00000000e4c00000, 0x00000000e4c00000, 0x00000000e4d00000|  0%| F|  |TAMS 0x00000000e4c00000| PB 0x00000000e4c00000| Untracked 
|  77|0x00000000e4d00000, 0x00000000e4d00000, 0x00000000e4e00000|  0%| F|  |TAMS 0x00000000e4d00000| PB 0x00000000e4d00000| Untracked 
|  78|0x00000000e4e00000, 0x00000000e4e00000, 0x00000000e4f00000|  0%| F|  |TAMS 0x00000000e4e00000| PB 0x00000000e4e00000| Untracked 
|  79|0x00000000e4f00000, 0x00000000e4f00000, 0x00000000e5000000|  0%| F|  |TAMS 0x00000000e4f00000| PB 0x00000000e4f00000| Untracked 
|  80|0x00000000e5000000, 0x00000000e5000000, 0x00000000e5100000|  0%| F|  |TAMS 0x00000000e5000000| PB 0x00000000e5000000| Untracked 
|  81|0x00000000e5100000, 0x00000000e5100000, 0x00000000e5200000|  0%| F|  |TAMS 0x00000000e5100000| PB 0x00000000e5100000| Untracked 
|  82|0x00000000e5200000, 0x00000000e5200000, 0x00000000e5300000|  0%| F|  |TAMS 0x00000000e5200000| PB 0x00000000e5200000| Untracked 
|  83|0x00000000e5300000, 0x00000000e5300000, 0x00000000e5400000|  0%| F|  |TAMS 0x00000000e5300000| PB 0x00000000e5300000| Untracked 
|  84|0x00000000e5400000, 0x00000000e5400000, 0x00000000e5500000|  0%| F|  |TAMS 0x00000000e5400000| PB 0x00000000e5400000| Untracked 
|  85|0x00000000e5500000, 0x00000000e5500000, 0x00000000e5600000|  0%| F|  |TAMS 0x00000000e5500000| PB 0x00000000e5500000| Untracked 
|  86|0x00000000e5600000, 0x00000000e5600000, 0x00000000e5700000|  0%| F|  |TAMS 0x00000000e5600000| PB 0x00000000e5600000| Untracked 
|  87|0x00000000e5700000, 0x00000000e5700000, 0x00000000e5800000|  0%| F|  |TAMS 0x00000000e5700000| PB 0x00000000e5700000| Untracked 
|  88|0x00000000e5800000, 0x00000000e5800000, 0x00000000e5900000|  0%| F|  |TAMS 0x00000000e5800000| PB 0x00000000e5800000| Untracked 
|  89|0x00000000e5900000, 0x00000000e5900000, 0x00000000e5a00000|  0%| F|  |TAMS 0x00000000e5900000| PB 0x00000000e5900000| Untracked 
|  90|0x00000000e5a00000, 0x00000000e5a00000, 0x00000000e5b00000|  0%| F|  |TAMS 0x00000000e5a00000| PB 0x00000000e5a00000| Untracked 
|  91|0x00000000e5b00000, 0x00000000e5b00000, 0x00000000e5c00000|  0%| F|  |TAMS 0x00000000e5b00000| PB 0x00000000e5b00000| Untracked 
|  92|0x00000000e5c00000, 0x00000000e5c00000, 0x00000000e5d00000|  0%| F|  |TAMS 0x00000000e5c00000| PB 0x00000000e5c00000| Untracked 
|  93|0x00000000e5d00000, 0x00000000e5d00000, 0x00000000e5e00000|  0%| F|  |TAMS 0x00000000e5d00000| PB 0x00000000e5d00000| Untracked 
|  94|0x00000000e5e00000, 0x00000000e5e00000, 0x00000000e5f00000|  0%| F|  |TAMS 0x00000000e5e00000| PB 0x00000000e5e00000| Untracked 
|  95|0x00000000e5f00000, 0x00000000e5f00000, 0x00000000e6000000|  0%| F|  |TAMS 0x00000000e5f00000| PB 0x00000000e5f00000| Untracked 
|  96|0x00000000e6000000, 0x00000000e6000000, 0x00000000e6100000|  0%| F|  |TAMS 0x00000000e6000000| PB 0x00000000e6000000| Untracked 
|  97|0x00000000e6100000, 0x00000000e6100000, 0x00000000e6200000|  0%| F|  |TAMS 0x00000000e6100000| PB 0x00000000e6100000| Untracked 
|  98|0x00000000e6200000, 0x00000000e6200000, 0x00000000e6300000|  0%| F|  |TAMS 0x00000000e6200000| PB 0x00000000e6200000| Untracked 
|  99|0x00000000e6300000, 0x00000000e6300000, 0x00000000e6400000|  0%| F|  |TAMS 0x00000000e6300000| PB 0x00000000e6300000| Untracked 
| 100|0x00000000e6400000, 0x00000000e6400000, 0x00000000e6500000|  0%| F|  |TAMS 0x00000000e6400000| PB 0x00000000e6400000| Untracked 
| 101|0x00000000e6500000, 0x00000000e6500000, 0x00000000e6600000|  0%| F|  |TAMS 0x00000000e6500000| PB 0x00000000e6500000| Untracked 
| 102|0x00000000e6600000, 0x00000000e6600000, 0x00000000e6700000|  0%| F|  |TAMS 0x00000000e6600000| PB 0x00000000e6600000| Untracked 
| 103|0x00000000e6700000, 0x00000000e6700000, 0x00000000e6800000|  0%| F|  |TAMS 0x00000000e6700000| PB 0x00000000e6700000| Untracked 
| 104|0x00000000e6800000, 0x00000000e6800000, 0x00000000e6900000|  0%| F|  |TAMS 0x00000000e6800000| PB 0x00000000e6800000| Untracked 
| 105|0x00000000e6900000, 0x00000000e6900000, 0x00000000e6a00000|  0%| F|  |TAMS 0x00000000e6900000| PB 0x00000000e6900000| Untracked 
| 106|0x00000000e6a00000, 0x00000000e6a00000, 0x00000000e6b00000|  0%| F|  |TAMS 0x00000000e6a00000| PB 0x00000000e6a00000| Untracked 
| 107|0x00000000e6b00000, 0x00000000e6b00000, 0x00000000e6c00000|  0%| F|  |TAMS 0x00000000e6b00000| PB 0x00000000e6b00000| Untracked 
| 108|0x00000000e6c00000, 0x00000000e6c00000, 0x00000000e6d00000|  0%| F|  |TAMS 0x00000000e6c00000| PB 0x00000000e6c00000| Untracked 
| 109|0x00000000e6d00000, 0x00000000e6d00000, 0x00000000e6e00000|  0%| F|  |TAMS 0x00000000e6d00000| PB 0x00000000e6d00000| Untracked 
| 110|0x00000000e6e00000, 0x00000000e6e00000, 0x00000000e6f00000|  0%| F|  |TAMS 0x00000000e6e00000| PB 0x00000000e6e00000| Untracked 
| 111|0x00000000e6f00000, 0x00000000e6f00000, 0x00000000e7000000|  0%| F|  |TAMS 0x00000000e6f00000| PB 0x00000000e6f00000| Untracked 
| 112|0x00000000e7000000, 0x00000000e7000000, 0x00000000e7100000|  0%| F|  |TAMS 0x00000000e7000000| PB 0x00000000e7000000| Untracked 
| 113|0x00000000e7100000, 0x00000000e7100000, 0x00000000e7200000|  0%| F|  |TAMS 0x00000000e7100000| PB 0x00000000e7100000| Untracked 
| 114|0x00000000e7200000, 0x00000000e7200000, 0x00000000e7300000|  0%| F|  |TAMS 0x00000000e7200000| PB 0x00000000e7200000| Untracked 
| 115|0x00000000e7300000, 0x00000000e7300000, 0x00000000e7400000|  0%| F|  |TAMS 0x00000000e7300000| PB 0x00000000e7300000| Untracked 
| 116|0x00000000e7400000, 0x00000000e7400000, 0x00000000e7500000|  0%| F|  |TAMS 0x00000000e7400000| PB 0x00000000e7400000| Untracked 
| 117|0x00000000e7500000, 0x00000000e7500000, 0x00000000e7600000|  0%| F|  |TAMS 0x00000000e7500000| PB 0x00000000e7500000| Untracked 
| 118|0x00000000e7600000, 0x00000000e7600000, 0x00000000e7700000|  0%| F|  |TAMS 0x00000000e7600000| PB 0x00000000e7600000| Untracked 
| 119|0x00000000e7700000, 0x00000000e7700000, 0x00000000e7800000|  0%| F|  |TAMS 0x00000000e7700000| PB 0x00000000e7700000| Untracked 
| 120|0x00000000e7800000, 0x00000000e7800000, 0x00000000e7900000|  0%| F|  |TAMS 0x00000000e7800000| PB 0x00000000e7800000| Untracked 
| 121|0x00000000e7900000, 0x00000000e7900000, 0x00000000e7a00000|  0%| F|  |TAMS 0x00000000e7900000| PB 0x00000000e7900000| Untracked 
| 122|0x00000000e7a00000, 0x00000000e7a00000, 0x00000000e7b00000|  0%| F|  |TAMS 0x00000000e7a00000| PB 0x00000000e7a00000| Untracked 
| 123|0x00000000e7b00000, 0x00000000e7b00000, 0x00000000e7c00000|  0%| F|  |TAMS 0x00000000e7b00000| PB 0x00000000e7b00000| Untracked 
| 124|0x00000000e7c00000, 0x00000000e7c00000, 0x00000000e7d00000|  0%| F|  |TAMS 0x00000000e7c00000| PB 0x00000000e7c00000| Untracked 
| 125|0x00000000e7d00000, 0x00000000e7d00000, 0x00000000e7e00000|  0%| F|  |TAMS 0x00000000e7d00000| PB 0x00000000e7d00000| Untracked 
| 126|0x00000000e7e00000, 0x00000000e7e00000, 0x00000000e7f00000|  0%| F|  |TAMS 0x00000000e7e00000| PB 0x00000000e7e00000| Untracked 
| 127|0x00000000e7f00000, 0x00000000e7f00000, 0x00000000e8000000|  0%| F|  |TAMS 0x00000000e7f00000| PB 0x00000000e7f00000| Untracked 
| 128|0x00000000e8000000, 0x00000000e8000000, 0x00000000e8100000|  0%| F|  |TAMS 0x00000000e8000000| PB 0x00000000e8000000| Untracked 
| 129|0x00000000e8100000, 0x00000000e8100000, 0x00000000e8200000|  0%| F|  |TAMS 0x00000000e8100000| PB 0x00000000e8100000| Untracked 
| 130|0x00000000e8200000, 0x00000000e8200000, 0x00000000e8300000|  0%| F|  |TAMS 0x00000000e8200000| PB 0x00000000e8200000| Untracked 
| 131|0x00000000e8300000, 0x00000000e8300000, 0x00000000e8400000|  0%| F|  |TAMS 0x00000000e8300000| PB 0x00000000e8300000| Untracked 
| 132|0x00000000e8400000, 0x00000000e8400000, 0x00000000e8500000|  0%| F|  |TAMS 0x00000000e8400000| PB 0x00000000e8400000| Untracked 
| 133|0x00000000e8500000, 0x00000000e8500000, 0x00000000e8600000|  0%| F|  |TAMS 0x00000000e8500000| PB 0x00000000e8500000| Untracked 
| 134|0x00000000e8600000, 0x00000000e8600000, 0x00000000e8700000|  0%| F|  |TAMS 0x00000000e8600000| PB 0x00000000e8600000| Untracked 
| 135|0x00000000e8700000, 0x00000000e8700000, 0x00000000e8800000|  0%| F|  |TAMS 0x00000000e8700000| PB 0x00000000e8700000| Untracked 
| 136|0x00000000e8800000, 0x00000000e8800000, 0x00000000e8900000|  0%| F|  |TAMS 0x00000000e8800000| PB 0x00000000e8800000| Untracked 
| 137|0x00000000e8900000, 0x00000000e8900000, 0x00000000e8a00000|  0%| F|  |TAMS 0x00000000e8900000| PB 0x00000000e8900000| Untracked 
| 138|0x00000000e8a00000, 0x00000000e8a00000, 0x00000000e8b00000|  0%| F|  |TAMS 0x00000000e8a00000| PB 0x00000000e8a00000| Untracked 
| 139|0x00000000e8b00000, 0x00000000e8b00000, 0x00000000e8c00000|  0%| F|  |TAMS 0x00000000e8b00000| PB 0x00000000e8b00000| Untracked 
| 140|0x00000000e8c00000, 0x00000000e8c00000, 0x00000000e8d00000|  0%| F|  |TAMS 0x00000000e8c00000| PB 0x00000000e8c00000| Untracked 
| 141|0x00000000e8d00000, 0x00000000e8d00000, 0x00000000e8e00000|  0%| F|  |TAMS 0x00000000e8d00000| PB 0x00000000e8d00000| Untracked 
| 142|0x00000000e8e00000, 0x00000000e8e00000, 0x00000000e8f00000|  0%| F|  |TAMS 0x00000000e8e00000| PB 0x00000000e8e00000| Untracked 
| 143|0x00000000e8f00000, 0x00000000e8f00000, 0x00000000e9000000|  0%| F|  |TAMS 0x00000000e8f00000| PB 0x00000000e8f00000| Untracked 
| 144|0x00000000e9000000, 0x00000000e9000000, 0x00000000e9100000|  0%| F|  |TAMS 0x00000000e9000000| PB 0x00000000e9000000| Untracked 
| 145|0x00000000e9100000, 0x00000000e9100000, 0x00000000e9200000|  0%| F|  |TAMS 0x00000000e9100000| PB 0x00000000e9100000| Untracked 
| 146|0x00000000e9200000, 0x00000000e9200000, 0x00000000e9300000|  0%| F|  |TAMS 0x00000000e9200000| PB 0x00000000e9200000| Untracked 
| 147|0x00000000e9300000, 0x00000000e9300000, 0x00000000e9400000|  0%| F|  |TAMS 0x00000000e9300000| PB 0x00000000e9300000| Untracked 
| 148|0x00000000e9400000, 0x00000000e9400000, 0x00000000e9500000|  0%| F|  |TAMS 0x00000000e9400000| PB 0x00000000e9400000| Untracked 
| 149|0x00000000e9500000, 0x00000000e9500000, 0x00000000e9600000|  0%| F|  |TAMS 0x00000000e9500000| PB 0x00000000e9500000| Untracked 
| 150|0x00000000e9600000, 0x00000000e9600000, 0x00000000e9700000|  0%| F|  |TAMS 0x00000000e9600000| PB 0x00000000e9600000| Untracked 
| 151|0x00000000e9700000, 0x00000000e9700000, 0x00000000e9800000|  0%| F|  |TAMS 0x00000000e9700000| PB 0x00000000e9700000| Untracked 
| 152|0x00000000e9800000, 0x00000000e9800000, 0x00000000e9900000|  0%| F|  |TAMS 0x00000000e9800000| PB 0x00000000e9800000| Untracked 
| 153|0x00000000e9900000, 0x00000000e9900000, 0x00000000e9a00000|  0%| F|  |TAMS 0x00000000e9900000| PB 0x00000000e9900000| Untracked 
| 154|0x00000000e9a00000, 0x00000000e9a00000, 0x00000000e9b00000|  0%| F|  |TAMS 0x00000000e9a00000| PB 0x00000000e9a00000| Untracked 
| 155|0x00000000e9b00000, 0x00000000e9b00000, 0x00000000e9c00000|  0%| F|  |TAMS 0x00000000e9b00000| PB 0x00000000e9b00000| Untracked 
| 156|0x00000000e9c00000, 0x00000000e9c00000, 0x00000000e9d00000|  0%| F|  |TAMS 0x00000000e9c00000| PB 0x00000000e9c00000| Untracked 
| 157|0x00000000e9d00000, 0x00000000e9e00000, 0x00000000e9e00000|100%| E|  |TAMS 0x00000000e9d00000| PB 0x00000000e9d00000| Complete 
| 158|0x00000000e9e00000, 0x00000000e9f00000, 0x00000000e9f00000|100%| E|CS|TAMS 0x00000000e9e00000| PB 0x00000000e9e00000| Complete 
| 159|0x00000000e9f00000, 0x00000000ea000000, 0x00000000ea000000|100%| E|CS|TAMS 0x00000000e9f00000| PB 0x00000000e9f00000| Complete 
| 160|0x00000000ea000000, 0x00000000ea100000, 0x00000000ea100000|100%| E|CS|TAMS 0x00000000ea000000| PB 0x00000000ea000000| Complete 
| 161|0x00000000ea100000, 0x00000000ea200000, 0x00000000ea200000|100%| E|CS|TAMS 0x00000000ea100000| PB 0x00000000ea100000| Complete 
| 162|0x00000000ea200000, 0x00000000ea300000, 0x00000000ea300000|100%| E|CS|TAMS 0x00000000ea200000| PB 0x00000000ea200000| Complete 
| 163|0x00000000ea300000, 0x00000000ea400000, 0x00000000ea400000|100%| E|CS|TAMS 0x00000000ea300000| PB 0x00000000ea300000| Complete 
| 164|0x00000000ea400000, 0x00000000ea500000, 0x00000000ea500000|100%| E|CS|TAMS 0x00000000ea400000| PB 0x00000000ea400000| Complete 
| 165|0x00000000ea500000, 0x00000000ea600000, 0x00000000ea600000|100%| E|CS|TAMS 0x00000000ea500000| PB 0x00000000ea500000| Complete 
| 166|0x00000000ea600000, 0x00000000ea700000, 0x00000000ea700000|100%| E|CS|TAMS 0x00000000ea600000| PB 0x00000000ea600000| Complete 
| 167|0x00000000ea700000, 0x00000000ea800000, 0x00000000ea800000|100%| E|CS|TAMS 0x00000000ea700000| PB 0x00000000ea700000| Complete 
| 168|0x00000000ea800000, 0x00000000ea900000, 0x00000000ea900000|100%| E|CS|TAMS 0x00000000ea800000| PB 0x00000000ea800000| Complete 
| 169|0x00000000ea900000, 0x00000000eaa00000, 0x00000000eaa00000|100%| E|CS|TAMS 0x00000000ea900000| PB 0x00000000ea900000| Complete 
| 170|0x00000000eaa00000, 0x00000000eab00000, 0x00000000eab00000|100%| E|CS|TAMS 0x00000000eaa00000| PB 0x00000000eaa00000| Complete 
| 171|0x00000000eab00000, 0x00000000eac00000, 0x00000000eac00000|100%| E|CS|TAMS 0x00000000eab00000| PB 0x00000000eab00000| Complete 
| 172|0x00000000eac00000, 0x00000000ead00000, 0x00000000ead00000|100%| E|CS|TAMS 0x00000000eac00000| PB 0x00000000eac00000| Complete 
| 173|0x00000000ead00000, 0x00000000eae00000, 0x00000000eae00000|100%| E|CS|TAMS 0x00000000ead00000| PB 0x00000000ead00000| Complete 
| 174|0x00000000eae00000, 0x00000000eaf00000, 0x00000000eaf00000|100%| E|CS|TAMS 0x00000000eae00000| PB 0x00000000eae00000| Complete 
| 175|0x00000000eaf00000, 0x00000000eb000000, 0x00000000eb000000|100%| E|CS|TAMS 0x00000000eaf00000| PB 0x00000000eaf00000| Complete 
| 176|0x00000000eb000000, 0x00000000eb100000, 0x00000000eb100000|100%| E|CS|TAMS 0x00000000eb000000| PB 0x00000000eb000000| Complete 
| 177|0x00000000eb100000, 0x00000000eb200000, 0x00000000eb200000|100%| E|CS|TAMS 0x00000000eb100000| PB 0x00000000eb100000| Complete 
| 178|0x00000000eb200000, 0x00000000eb300000, 0x00000000eb300000|100%| E|CS|TAMS 0x00000000eb200000| PB 0x00000000eb200000| Complete 
| 179|0x00000000eb300000, 0x00000000eb400000, 0x00000000eb400000|100%| E|CS|TAMS 0x00000000eb300000| PB 0x00000000eb300000| Complete 
| 180|0x00000000eb400000, 0x00000000eb500000, 0x00000000eb500000|100%| E|CS|TAMS 0x00000000eb400000| PB 0x00000000eb400000| Complete 
| 181|0x00000000eb500000, 0x00000000eb600000, 0x00000000eb600000|100%| E|CS|TAMS 0x00000000eb500000| PB 0x00000000eb500000| Complete 
| 182|0x00000000eb600000, 0x00000000eb700000, 0x00000000eb700000|100%| E|CS|TAMS 0x00000000eb600000| PB 0x00000000eb600000| Complete 
| 183|0x00000000eb700000, 0x00000000eb800000, 0x00000000eb800000|100%| E|CS|TAMS 0x00000000eb700000| PB 0x00000000eb700000| Complete 
| 184|0x00000000eb800000, 0x00000000eb900000, 0x00000000eb900000|100%| E|CS|TAMS 0x00000000eb800000| PB 0x00000000eb800000| Complete 
| 185|0x00000000eb900000, 0x00000000eba00000, 0x00000000eba00000|100%| E|CS|TAMS 0x00000000eb900000| PB 0x00000000eb900000| Complete 
| 186|0x00000000eba00000, 0x00000000ebb00000, 0x00000000ebb00000|100%| E|CS|TAMS 0x00000000eba00000| PB 0x00000000eba00000| Complete 
| 187|0x00000000ebb00000, 0x00000000ebc00000, 0x00000000ebc00000|100%| E|CS|TAMS 0x00000000ebb00000| PB 0x00000000ebb00000| Complete 
| 188|0x00000000ebc00000, 0x00000000ebd00000, 0x00000000ebd00000|100%| E|CS|TAMS 0x00000000ebc00000| PB 0x00000000ebc00000| Complete 
| 189|0x00000000ebd00000, 0x00000000ebe00000, 0x00000000ebe00000|100%| E|CS|TAMS 0x00000000ebd00000| PB 0x00000000ebd00000| Complete 
| 190|0x00000000ebe00000, 0x00000000ebf00000, 0x00000000ebf00000|100%| E|CS|TAMS 0x00000000ebe00000| PB 0x00000000ebe00000| Complete 
| 191|0x00000000ebf00000, 0x00000000ec000000, 0x00000000ec000000|100%| E|CS|TAMS 0x00000000ebf00000| PB 0x00000000ebf00000| Complete 
| 192|0x00000000ec000000, 0x00000000ec100000, 0x00000000ec100000|100%| E|CS|TAMS 0x00000000ec000000| PB 0x00000000ec000000| Complete 
| 193|0x00000000ec100000, 0x00000000ec200000, 0x00000000ec200000|100%| E|CS|TAMS 0x00000000ec100000| PB 0x00000000ec100000| Complete 
| 194|0x00000000ec200000, 0x00000000ec300000, 0x00000000ec300000|100%| E|CS|TAMS 0x00000000ec200000| PB 0x00000000ec200000| Complete 
| 195|0x00000000ec300000, 0x00000000ec400000, 0x00000000ec400000|100%| E|CS|TAMS 0x00000000ec300000| PB 0x00000000ec300000| Complete 
| 196|0x00000000ec400000, 0x00000000ec500000, 0x00000000ec500000|100%| E|CS|TAMS 0x00000000ec400000| PB 0x00000000ec400000| Complete 
| 197|0x00000000ec500000, 0x00000000ec600000, 0x00000000ec600000|100%| E|CS|TAMS 0x00000000ec500000| PB 0x00000000ec500000| Complete 
| 198|0x00000000ec600000, 0x00000000ec700000, 0x00000000ec700000|100%| E|CS|TAMS 0x00000000ec600000| PB 0x00000000ec600000| Complete 
| 199|0x00000000ec700000, 0x00000000ec800000, 0x00000000ec800000|100%| E|CS|TAMS 0x00000000ec700000| PB 0x00000000ec700000| Complete 
| 200|0x00000000ec800000, 0x00000000ec900000, 0x00000000ec900000|100%| E|CS|TAMS 0x00000000ec800000| PB 0x00000000ec800000| Complete 
| 201|0x00000000ec900000, 0x00000000eca00000, 0x00000000eca00000|100%| E|CS|TAMS 0x00000000ec900000| PB 0x00000000ec900000| Complete 
| 202|0x00000000eca00000, 0x00000000ecb00000, 0x00000000ecb00000|100%| E|CS|TAMS 0x00000000eca00000| PB 0x00000000eca00000| Complete 
| 203|0x00000000ecb00000, 0x00000000ecc00000, 0x00000000ecc00000|100%| E|CS|TAMS 0x00000000ecb00000| PB 0x00000000ecb00000| Complete 
| 204|0x00000000ecc00000, 0x00000000ecd00000, 0x00000000ecd00000|100%| E|CS|TAMS 0x00000000ecc00000| PB 0x00000000ecc00000| Complete 
| 205|0x00000000ecd00000, 0x00000000ece00000, 0x00000000ece00000|100%| E|CS|TAMS 0x00000000ecd00000| PB 0x00000000ecd00000| Complete 
| 206|0x00000000ece00000, 0x00000000ecf00000, 0x00000000ecf00000|100%| E|CS|TAMS 0x00000000ece00000| PB 0x00000000ece00000| Complete 
| 207|0x00000000ecf00000, 0x00000000ed000000, 0x00000000ed000000|100%| E|CS|TAMS 0x00000000ecf00000| PB 0x00000000ecf00000| Complete 
| 208|0x00000000ed000000, 0x00000000ed100000, 0x00000000ed100000|100%| E|CS|TAMS 0x00000000ed000000| PB 0x00000000ed000000| Complete 
| 209|0x00000000ed100000, 0x00000000ed200000, 0x00000000ed200000|100%| E|CS|TAMS 0x00000000ed100000| PB 0x00000000ed100000| Complete 
| 210|0x00000000ed200000, 0x00000000ed300000, 0x00000000ed300000|100%| E|CS|TAMS 0x00000000ed200000| PB 0x00000000ed200000| Complete 
| 211|0x00000000ed300000, 0x00000000ed400000, 0x00000000ed400000|100%| E|CS|TAMS 0x00000000ed300000| PB 0x00000000ed300000| Complete 
| 212|0x00000000ed400000, 0x00000000ed500000, 0x00000000ed500000|100%| E|CS|TAMS 0x00000000ed400000| PB 0x00000000ed400000| Complete 
| 213|0x00000000ed500000, 0x00000000ed600000, 0x00000000ed600000|100%| E|CS|TAMS 0x00000000ed500000| PB 0x00000000ed500000| Complete 
| 214|0x00000000ed600000, 0x00000000ed700000, 0x00000000ed700000|100%| E|CS|TAMS 0x00000000ed600000| PB 0x00000000ed600000| Complete 
| 215|0x00000000ed700000, 0x00000000ed800000, 0x00000000ed800000|100%| E|CS|TAMS 0x00000000ed700000| PB 0x00000000ed700000| Complete 
| 216|0x00000000ed800000, 0x00000000ed900000, 0x00000000ed900000|100%| E|CS|TAMS 0x00000000ed800000| PB 0x00000000ed800000| Complete 
| 217|0x00000000ed900000, 0x00000000eda00000, 0x00000000eda00000|100%| E|CS|TAMS 0x00000000ed900000| PB 0x00000000ed900000| Complete 
| 218|0x00000000eda00000, 0x00000000edb00000, 0x00000000edb00000|100%| E|CS|TAMS 0x00000000eda00000| PB 0x00000000eda00000| Complete 
| 219|0x00000000edb00000, 0x00000000edc00000, 0x00000000edc00000|100%| E|CS|TAMS 0x00000000edb00000| PB 0x00000000edb00000| Complete 
| 220|0x00000000edc00000, 0x00000000edd00000, 0x00000000edd00000|100%| E|CS|TAMS 0x00000000edc00000| PB 0x00000000edc00000| Complete 
| 221|0x00000000edd00000, 0x00000000ede00000, 0x00000000ede00000|100%| E|CS|TAMS 0x00000000edd00000| PB 0x00000000edd00000| Complete 
| 222|0x00000000ede00000, 0x00000000edf00000, 0x00000000edf00000|100%| E|CS|TAMS 0x00000000ede00000| PB 0x00000000ede00000| Complete 
| 223|0x00000000edf00000, 0x00000000ee000000, 0x00000000ee000000|100%| E|CS|TAMS 0x00000000edf00000| PB 0x00000000edf00000| Complete 
| 224|0x00000000ee000000, 0x00000000ee056138, 0x00000000ee100000| 33%| S|CS|TAMS 0x00000000ee000000| PB 0x00000000ee000000| Complete 
| 225|0x00000000ee100000, 0x00000000ee200000, 0x00000000ee200000|100%| S|CS|TAMS 0x00000000ee100000| PB 0x00000000ee100000| Complete 
| 226|0x00000000ee200000, 0x00000000ee300000, 0x00000000ee300000|100%| E|CS|TAMS 0x00000000ee200000| PB 0x00000000ee200000| Complete 
| 227|0x00000000ee300000, 0x00000000ee400000, 0x00000000ee400000|100%| E|CS|TAMS 0x00000000ee300000| PB 0x00000000ee300000| Complete 
| 228|0x00000000ee400000, 0x00000000ee500000, 0x00000000ee500000|100%| E|CS|TAMS 0x00000000ee400000| PB 0x00000000ee400000| Complete 
| 229|0x00000000ee500000, 0x00000000ee600000, 0x00000000ee600000|100%| E|CS|TAMS 0x00000000ee500000| PB 0x00000000ee500000| Complete 
| 230|0x00000000ee600000, 0x00000000ee700000, 0x00000000ee700000|100%| E|CS|TAMS 0x00000000ee600000| PB 0x00000000ee600000| Complete 
| 231|0x00000000ee700000, 0x00000000ee800000, 0x00000000ee800000|100%| E|CS|TAMS 0x00000000ee700000| PB 0x00000000ee700000| Complete 
| 232|0x00000000ee800000, 0x00000000ee900000, 0x00000000ee900000|100%| E|CS|TAMS 0x00000000ee800000| PB 0x00000000ee800000| Complete 
| 233|0x00000000ee900000, 0x00000000eea00000, 0x00000000eea00000|100%| E|CS|TAMS 0x00000000ee900000| PB 0x00000000ee900000| Complete 
| 234|0x00000000eea00000, 0x00000000eeb00000, 0x00000000eeb00000|100%| E|CS|TAMS 0x00000000eea00000| PB 0x00000000eea00000| Complete 
| 235|0x00000000eeb00000, 0x00000000eec00000, 0x00000000eec00000|100%| E|CS|TAMS 0x00000000eeb00000| PB 0x00000000eeb00000| Complete 
| 236|0x00000000eec00000, 0x00000000eed00000, 0x00000000eed00000|100%| E|CS|TAMS 0x00000000eec00000| PB 0x00000000eec00000| Complete 
| 237|0x00000000eed00000, 0x00000000eee00000, 0x00000000eee00000|100%| E|CS|TAMS 0x00000000eed00000| PB 0x00000000eed00000| Complete 
| 238|0x00000000eee00000, 0x00000000eef00000, 0x00000000eef00000|100%| E|CS|TAMS 0x00000000eee00000| PB 0x00000000eee00000| Complete 
| 239|0x00000000eef00000, 0x00000000ef000000, 0x00000000ef000000|100%| E|CS|TAMS 0x00000000eef00000| PB 0x00000000eef00000| Complete 
| 240|0x00000000ef000000, 0x00000000ef100000, 0x00000000ef100000|100%| E|CS|TAMS 0x00000000ef000000| PB 0x00000000ef000000| Complete 
| 241|0x00000000ef100000, 0x00000000ef200000, 0x00000000ef200000|100%| E|CS|TAMS 0x00000000ef100000| PB 0x00000000ef100000| Complete 
| 242|0x00000000ef200000, 0x00000000ef300000, 0x00000000ef300000|100%| E|CS|TAMS 0x00000000ef200000| PB 0x00000000ef200000| Complete 
| 243|0x00000000ef300000, 0x00000000ef400000, 0x00000000ef400000|100%| E|CS|TAMS 0x00000000ef300000| PB 0x00000000ef300000| Complete 
| 244|0x00000000ef400000, 0x00000000ef500000, 0x00000000ef500000|100%| E|CS|TAMS 0x00000000ef400000| PB 0x00000000ef400000| Complete 
| 245|0x00000000ef500000, 0x00000000ef600000, 0x00000000ef600000|100%| E|CS|TAMS 0x00000000ef500000| PB 0x00000000ef500000| Complete 
| 246|0x00000000ef600000, 0x00000000ef700000, 0x00000000ef700000|100%| E|CS|TAMS 0x00000000ef600000| PB 0x00000000ef600000| Complete 
| 247|0x00000000ef700000, 0x00000000ef800000, 0x00000000ef800000|100%| E|CS|TAMS 0x00000000ef700000| PB 0x00000000ef700000| Complete 
| 248|0x00000000ef800000, 0x00000000ef900000, 0x00000000ef900000|100%| E|CS|TAMS 0x00000000ef800000| PB 0x00000000ef800000| Complete 
| 249|0x00000000ef900000, 0x00000000efa00000, 0x00000000efa00000|100%| E|CS|TAMS 0x00000000ef900000| PB 0x00000000ef900000| Complete 
| 250|0x00000000efa00000, 0x00000000efb00000, 0x00000000efb00000|100%| E|CS|TAMS 0x00000000efa00000| PB 0x00000000efa00000| Complete 
| 251|0x00000000efb00000, 0x00000000efc00000, 0x00000000efc00000|100%| E|CS|TAMS 0x00000000efb00000| PB 0x00000000efb00000| Complete 
| 252|0x00000000efc00000, 0x00000000efd00000, 0x00000000efd00000|100%| E|CS|TAMS 0x00000000efc00000| PB 0x00000000efc00000| Complete 
| 253|0x00000000efd00000, 0x00000000efe00000, 0x00000000efe00000|100%| E|CS|TAMS 0x00000000efd00000| PB 0x00000000efd00000| Complete 
| 254|0x00000000efe00000, 0x00000000eff00000, 0x00000000eff00000|100%| E|CS|TAMS 0x00000000efe00000| PB 0x00000000efe00000| Complete 
| 255|0x00000000eff00000, 0x00000000f0000000, 0x00000000f0000000|100%| E|CS|TAMS 0x00000000eff00000| PB 0x00000000eff00000| Complete 

Card table byte_map: [0x000001a00f650000,0x000001a00f750000] _byte_map_base: 0x000001a00ef50000

Marking Bits: (CMBitMap*) 0x000001a07cdcdcc0
 Bits: [0x000001a00f750000, 0x000001a00ff50000)

Polling page: 0x000001a07ac70000

Metaspace:

Usage:
  Non-class:     15.53 MB used.
      Class:      2.52 MB used.
       Both:     18.05 MB used.

Virtual space:
  Non-class space:       64.00 MB reserved,      15.75 MB ( 25%) committed,  1 nodes.
      Class space:      320.00 MB reserved,       2.81 MB ( <1%) committed,  1 nodes.
             Both:      384.00 MB reserved,      18.56 MB (  5%) committed. 

Chunk freelists:
   Non-Class:  15.98 MB
       Class:  13.17 MB
        Both:  29.16 MB

MaxMetaspaceSize: 384.00 MB
CompressedClassSpaceSize: 320.00 MB
Initial GC threshold: 21.00 MB
Current GC threshold: 21.00 MB
CDS: on
 - commit_granule_bytes: 65536.
 - commit_granule_words: 8192.
 - virtual_space_node_default_size: 8388608.
 - enlarge_chunks_in_place: 1.
 - use_allocation_guard: 0.


Internal statistics:

num_allocs_failed_limit: 0.
num_arena_births: 668.
num_arena_deaths: 0.
num_vsnodes_births: 2.
num_vsnodes_deaths: 0.
num_space_committed: 297.
num_space_uncommitted: 0.
num_chunks_returned_to_freelist: 0.
num_chunks_taken_from_freelist: 1342.
num_chunk_merges: 0.
num_chunk_splits: 869.
num_chunks_enlarged: 592.
num_inconsistent_stats: 0.

CodeHeap 'non-profiled nmethods': size=120000Kb used=1450Kb max_used=1450Kb free=118549Kb
 bounds [0x000001a007ad0000, 0x000001a007d40000, 0x000001a00f000000]
CodeHeap 'profiled nmethods': size=120000Kb used=5781Kb max_used=5781Kb free=114218Kb
 bounds [0x000001a000000000, 0x000001a0005b0000, 0x000001a007530000]
CodeHeap 'non-nmethods': size=5760Kb used=1419Kb max_used=1455Kb free=4340Kb
 bounds [0x000001a007530000, 0x000001a0077a0000, 0x000001a007ad0000]
CodeCache: size=245760Kb, used=8650Kb, max_used=8686Kb, free=237107Kb
 total_blobs=3549, nmethods=2971, adapters=482, full_count=0
Compilation: enabled, stopped_count=0, restarted_count=0

Compilation events (20 events):
Event: 33.819 Thread 0x000001a012c0f620 2965       3       org.gradle.internal.service.DefaultServiceRegistry::isAssignableFromAnyType (41 bytes)
Event: 33.819 Thread 0x000001a012c0f620 nmethod 2965 0x000001a00059db90 code [0x000001a00059dda0, 0x000001a00059e330]
Event: 33.819 Thread 0x000001a012c0f620 2961       3       org.gradle.internal.service.DefaultServiceRegistry$CollectingVisitor::visit (25 bytes)
Event: 33.819 Thread 0x000001a012c0f620 nmethod 2961 0x000001a00059e510 code [0x000001a00059e6e0, 0x000001a00059e9c8]
Event: 33.819 Thread 0x000001a012c0f620 2962       3       org.gradle.internal.service.DefaultServiceRegistry$SingletonService::getAll (38 bytes)
Event: 33.820 Thread 0x000001a012c0f620 nmethod 2962 0x000001a00059eb10 code [0x000001a00059ed00, 0x000001a00059f130]
Event: 33.820 Thread 0x000001a012c0f620 2963       3       org.gradle.internal.collect.PersistentArrayTrie$1::hasNext (17 bytes)
Event: 33.820 Thread 0x000001a012c0f620 nmethod 2963 0x000001a00059f310 code [0x000001a00059f4a0, 0x000001a00059f608]
Event: 33.820 Thread 0x000001a012c0f620 2964       3       org.gradle.internal.collect.PersistentArrayTrie$1::next (63 bytes)
Event: 33.820 Thread 0x000001a012c0f620 nmethod 2964 0x000001a00059f690 code [0x000001a00059f860, 0x000001a00059fbf0]
Event: 33.828 Thread 0x000001a012c0f620 2966   !   3       org.gradle.internal.classloader.TransformingClassLoader::findClass (256 bytes)
Event: 33.828 Thread 0x000001a012c09e50 nmethod 2924 0x000001a007c36990 code [0x000001a007c36c00, 0x000001a007c37520]
Event: 33.828 Thread 0x000001a012c09e50 2935       4       java.lang.invoke.MethodHandleStatics::dumper (4 bytes)
Event: 33.828 Thread 0x000001a012c09e50 nmethod 2935 0x000001a007c37d10 code [0x000001a007c37ea0, 0x000001a007c37f10]
Event: 33.831 Thread 0x000001a012c0f620 nmethod 2966 0x000001a00059fd90 code [0x000001a0005a03e0, 0x000001a0005a3560]
Event: 33.831 Thread 0x000001a012c0f620 2967       3       org.gradle.initialization.MixInLegacyTypesClassLoader::shouldTransform (42 bytes)
Event: 33.831 Thread 0x000001a012c0f620 nmethod 2967 0x000001a0005a4b10 code [0x000001a0005a4ce0, 0x000001a0005a50d0]
Event: 33.835 Thread 0x000001a012c0f620 2968       3       java.lang.ThreadLocal$ThreadLocalMap::nextIndex (15 bytes)
Event: 33.835 Thread 0x000001a012c0f620 nmethod 2968 0x000001a0005a5290 code [0x000001a0005a5420, 0x000001a0005a5558]
Event: 33.864 Thread 0x000001a012c09e50 2969   !   4       java.util.concurrent.ConcurrentHashMap::transfer (849 bytes)

GC Heap History (4 events):
Event: 14.012 GC heap before
{Heap before GC invocations=0 (full 0):
 garbage-first heap   total 262144K, used 27648K [0x00000000e0000000, 0x0000000100000000)
  region size 1024K, 23 young (23552K), 0 survivors (0K)
 Metaspace       used 2479K, committed 2688K, reserved 393216K
  class space    used 286K, committed 384K, reserved 327680K
}
Event: 14.515 GC heap after
{Heap after GC invocations=1 (full 0):
 garbage-first heap   total 262144K, used 10986K [0x00000000e0000000, 0x0000000100000000)
  region size 1024K, 3 young (3072K), 3 survivors (3072K)
 Metaspace       used 2479K, committed 2688K, reserved 393216K
  class space    used 286K, committed 384K, reserved 327680K
}
Event: 17.827 GC heap before
{Heap before GC invocations=1 (full 0):
 garbage-first heap   total 262144K, used 38634K [0x00000000e0000000, 0x0000000100000000)
  region size 1024K, 30 young (30720K), 3 survivors (3072K)
 Metaspace       used 4616K, committed 4800K, reserved 393216K
  class space    used 596K, committed 704K, reserved 327680K
}
Event: 17.829 GC heap after
{Heap after GC invocations=2 (full 0):
 garbage-first heap   total 262144K, used 12438K [0x00000000e0000000, 0x0000000100000000)
  region size 1024K, 2 young (2048K), 2 survivors (2048K)
 Metaspace       used 4616K, committed 4800K, reserved 393216K
  class space    used 596K, committed 704K, reserved 327680K
}

Dll operation events (20 events):
Event: 4.156 Attempting to load shared library C:\Users\harry\.vscode\extensions\redhat.java-1.56.0-win32-x64\jre\21.0.12.1-win32-x86_64\bin\nio.dll
Event: 4.158 Loaded shared library C:\Users\harry\.vscode\extensions\redhat.java-1.56.0-win32-x64\jre\21.0.12.1-win32-x86_64\bin\nio.dll
Event: 4.164 Attempting to load shared library C:\Users\harry\.vscode\extensions\redhat.java-1.56.0-win32-x64\jre\21.0.12.1-win32-x86_64\bin\zip.dll
Event: 4.164 Loaded shared library C:\Users\harry\.vscode\extensions\redhat.java-1.56.0-win32-x64\jre\21.0.12.1-win32-x86_64\bin\zip.dll
Event: 7.313 Attempting to load shared library C:\Users\harry\.vscode\extensions\redhat.java-1.56.0-win32-x64\jre\21.0.12.1-win32-x86_64\bin\jimage.dll
Event: 7.313 Loaded shared library C:\Users\harry\.vscode\extensions\redhat.java-1.56.0-win32-x64\jre\21.0.12.1-win32-x86_64\bin\jimage.dll
Event: 11.928 Attempting to load shared library C:\Users\harry\.vscode\extensions\redhat.java-1.56.0-win32-x64\jre\21.0.12.1-win32-x86_64\bin\verify.dll
Event: 11.929 Loaded shared library C:\Users\harry\.vscode\extensions\redhat.java-1.56.0-win32-x64\jre\21.0.12.1-win32-x86_64\bin\verify.dll
Event: 13.167 Attempting to load shared library C:\Users\harry\.gradle\native\660c5614fbf4a5f2a75b1949f50a0caf5cd603558e7d8a26e50b933a0cfb79d1\windows-amd64\native-platform.dll
Event: 13.172 Loaded shared library C:\Users\harry\.gradle\native\660c5614fbf4a5f2a75b1949f50a0caf5cd603558e7d8a26e50b933a0cfb79d1\windows-amd64\native-platform.dll
Event: 13.443 Attempting to load shared library C:\Users\harry\.gradle\native\0.2.8\x86_64-windows-gnu\gradle-fileevents.dll
Event: 13.445 Loaded shared library C:\Users\harry\.gradle\native\0.2.8\x86_64-windows-gnu\gradle-fileevents.dll
Event: 20.879 Attempting to load shared library C:\Users\harry\.vscode\extensions\redhat.java-1.56.0-win32-x64\jre\21.0.12.1-win32-x86_64\bin\management.dll
Event: 20.881 Loaded shared library C:\Users\harry\.vscode\extensions\redhat.java-1.56.0-win32-x64\jre\21.0.12.1-win32-x86_64\bin\management.dll
Event: 20.889 Attempting to load shared library C:\Users\harry\.vscode\extensions\redhat.java-1.56.0-win32-x64\jre\21.0.12.1-win32-x86_64\bin\management_ext.dll
Event: 20.890 Loaded shared library C:\Users\harry\.vscode\extensions\redhat.java-1.56.0-win32-x64\jre\21.0.12.1-win32-x86_64\bin\management_ext.dll
Event: 24.231 Attempting to load shared library C:\Users\harry\.vscode\extensions\redhat.java-1.56.0-win32-x64\jre\21.0.12.1-win32-x86_64\bin\extnet.dll
Event: 24.232 Loaded shared library C:\Users\harry\.vscode\extensions\redhat.java-1.56.0-win32-x64\jre\21.0.12.1-win32-x86_64\bin\extnet.dll
Event: 27.910 Attempting to load shared library C:\Users\harry\.vscode\extensions\redhat.java-1.56.0-win32-x64\jre\21.0.12.1-win32-x86_64\bin\sunmscapi.dll
Event: 27.916 Loaded shared library C:\Users\harry\.vscode\extensions\redhat.java-1.56.0-win32-x64\jre\21.0.12.1-win32-x86_64\bin\sunmscapi.dll

Deoptimization events (20 events):
Event: 31.405 Thread 0x000001a02dc7cc00 Uncommon trap: trap_request=0xffffff45 fr.pc=0x000001a007b40e80 relative=0x00000000000002c0
Event: 31.405 Thread 0x000001a02dc7cc00 Uncommon trap: reason=unstable_if action=reinterpret pc=0x000001a007b40e80 method=java.util.concurrent.ConcurrentHashMap.get(Ljava/lang/Object;)Ljava/lang/Object; @ 152 c2
Event: 31.409 Thread 0x000001a02dc7cc00 DEOPT PACKING pc=0x000001a007b40e80 sp=0x00000006b23fb460
Event: 31.409 Thread 0x000001a02dc7cc00 DEOPT UNPACKING pc=0x000001a007584422 sp=0x00000006b23fb3c8 mode 2
Event: 31.931 Thread 0x000001a02dc7cc00 Uncommon trap: trap_request=0xffffff76 fr.pc=0x000001a007b8b160 relative=0x00000000000001a0
Event: 31.931 Thread 0x000001a02dc7cc00 Uncommon trap: reason=predicate action=maybe_recompile pc=0x000001a007b8b160 method=java.util.regex.Pattern$BmpCharPropertyGreedy.match(Ljava/util/regex/Matcher;ILjava/lang/CharSequence;)Z @ 12 c2
Event: 31.931 Thread 0x000001a02dc7cc00 DEOPT PACKING pc=0x000001a007b8b160 sp=0x00000006b23fc160
Event: 31.931 Thread 0x000001a02dc7cc00 DEOPT UNPACKING pc=0x000001a007584422 sp=0x00000006b23fc0f8 mode 2
Event: 32.583 Thread 0x000001a02dc7cc00 DEOPT PACKING pc=0x000001a00047d482 sp=0x00000006b23f9d10
Event: 32.583 Thread 0x000001a02dc7cc00 DEOPT UNPACKING pc=0x000001a007584bc2 sp=0x00000006b23f9220 mode 0
Event: 33.338 Thread 0x000001a02dc7cc00 Uncommon trap: trap_request=0xffffff45 fr.pc=0x000001a007b04d94 relative=0x00000000000000f4
Event: 33.338 Thread 0x000001a02dc7cc00 Uncommon trap: reason=unstable_if action=reinterpret pc=0x000001a007b04d94 method=java.util.HashMap.hash(Ljava/lang/Object;)I @ 1 c2
Event: 33.338 Thread 0x000001a02dc7cc00 DEOPT PACKING pc=0x000001a007b04d94 sp=0x00000006b23fbc50
Event: 33.338 Thread 0x000001a02dc7cc00 DEOPT UNPACKING pc=0x000001a007584422 sp=0x00000006b23fbb90 mode 2
Event: 33.820 Thread 0x000001a02dc7cc00 DEOPT PACKING pc=0x000001a00047d482 sp=0x00000006b23f8290
Event: 33.820 Thread 0x000001a02dc7cc00 DEOPT UNPACKING pc=0x000001a007584bc2 sp=0x00000006b23f77a0 mode 0
Event: 33.847 Thread 0x000001a02dc7cc00 DEOPT PACKING pc=0x000001a00047d482 sp=0x00000006b23f5e10
Event: 33.847 Thread 0x000001a02dc7cc00 DEOPT UNPACKING pc=0x000001a007584bc2 sp=0x00000006b23f5320 mode 0
Event: 33.864 Thread 0x000001a02dc7cc00 DEOPT PACKING pc=0x000001a00047d482 sp=0x00000006b23fb730
Event: 33.864 Thread 0x000001a02dc7cc00 DEOPT UNPACKING pc=0x000001a007584bc2 sp=0x00000006b23fac40 mode 0

Classes loaded (20 events):
Event: 33.274 Loading class java/util/stream/ReduceOps$1
Event: 33.275 Loading class java/util/stream/ReduceOps$1 done
Event: 33.275 Loading class java/util/stream/ReduceOps$1ReducingSink
Event: 33.275 Loading class java/util/stream/ReduceOps$1ReducingSink done
Event: 33.734 Loading class java/util/function/LongPredicate
Event: 33.734 Loading class java/util/function/LongPredicate done
Event: 33.735 Loading class java/util/PrimitiveIterator$OfLong
Event: 33.735 Loading class java/util/PrimitiveIterator
Event: 33.735 Loading class java/util/PrimitiveIterator done
Event: 33.735 Loading class java/util/PrimitiveIterator$OfLong done
Event: 33.740 Loading class java/util/concurrent/RecursiveAction
Event: 33.740 Loading class java/util/concurrent/RecursiveAction done
Event: 33.764 Loading class java/lang/invoke/BoundMethodHandle$Species_LLLLLLLLLLLLLL
Event: 33.764 Loading class java/lang/invoke/BoundMethodHandle$Species_LLLLLLLLLLLLLL done
Event: 33.765 Loading class java/lang/invoke/BoundMethodHandle$Species_LLLLLLLLLLLLLLL
Event: 33.765 Loading class java/lang/invoke/BoundMethodHandle$Species_LLLLLLLLLLLLLLL done
Event: 33.766 Loading class java/lang/invoke/BoundMethodHandle$Species_LLLLLLLLLLLLLLLL
Event: 33.766 Loading class java/lang/invoke/BoundMethodHandle$Species_LLLLLLLLLLLLLLLL done
Event: 33.768 Loading class java/lang/invoke/BoundMethodHandle$Species_LLLLLLLLLLLLLLLLL
Event: 33.768 Loading class java/lang/invoke/BoundMethodHandle$Species_LLLLLLLLLLLLLLLLL done

Classes unloaded (0 events):
No events

Classes redefined (0 events):
No events

Internal exceptions (20 events):
Event: 31.417 Thread 0x000001a02dc7cc00 Exception <a 'java/lang/NoSuchMethodError'{0x00000000ebefd2a0}: 'int java.lang.invoke.DirectMethodHandle$Holder.invokeVirtual(java.lang.Object, java.lang.Object, java.lang.Object)'> (0x00000000ebefd2a0) 
thrown [s\src\hotspot\share\interpreter\linkResolver.cpp, line 773]
Event: 31.580 Thread 0x000001a02dc7cc00 Exception <a 'java/lang/NoSuchMethodError'{0x00000000ebb64d10}: 'java.lang.Object java.lang.invoke.DirectMethodHandle$Holder.newInvokeSpecial(java.lang.Object, java.lang.Object, java.lang.Object, java.lang.Object, java.lang.Object, java.lang.Object)'> (0x00000000ebb64d10) 
thrown [s\src\hotspot\share\interpreter\linkResolver.cpp, line 773]
Event: 31.763 Thread 0x000001a02dc7cc00 Exception <a 'java/lang/NoSuchMethodError'{0x00000000eb9dedf0}: 'void java.lang.invoke.DelegatingMethodHandle$Holder.reinvoke_L(java.lang.Object, java.lang.Object, java.lang.Object, java.lang.Object, java.lang.Object, java.lang.Object, java.lang.Object, java.lang.Object, java.lang.Object, java.lang.Object)'> (0x00000000eb9dedf0) 
thrown [s\src\hotspot\share\interpreter\linkResolver.cpp, line 773]
Event: 31.764 Thread 0x000001a02dc7cc00 Exception <a 'java/lang/NoSuchMethodError'{0x00000000eb9e68d0}: 'java.lang.Object java.lang.invoke.Invokers$Holder.invoker(java.lang.Object, java.lang.Object, java.lang.Object, java.lang.Object, java.lang.Object, java.lang.Object, java.lang.Object, java.lang.Object, java.lang.Object, java.lang.Object)'> (0x00000000eb9e68d0) 
thrown [s\src\hotspot\share\interpreter\linkResolver.cpp, line 773]
Event: 31.933 Thread 0x000001a02dc7cc00 Exception <a 'java/lang/NoSuchMethodError'{0x00000000eb3e0c80}: 'java.lang.Object java.lang.invoke.DirectMethodHandle$Holder.newInvokeSpecial(java.lang.Object, java.lang.Object, java.lang.Object, java.lang.Object, java.lang.Object, java.lang.Object, java.lang.Object, java.lang.Object)'> (0x00000000eb3e0c80) 
thrown [s\src\hotspot\share\interpreter\linkResolver.cpp, line 773]
Event: 31.956 Thread 0x000001a02dc7cc00 Exception <a 'java/lang/NoSuchMethodError'{0x00000000eb2eeff8}: 'java.lang.Object java.lang.invoke.DirectMethodHandle$Holder.newInvokeSpecial(java.lang.Object, java.lang.Object, int)'> (0x00000000eb2eeff8) 
thrown [s\src\hotspot\share\interpreter\linkResolver.cpp, line 773]
Event: 32.587 Thread 0x000001a02dc7cc00 Exception <a 'java/lang/NoSuchMethodError'{0x00000000ead526d0}: 'void java.lang.invoke.DirectMethodHandle$Holder.invokeInterface(java.lang.Object, java.lang.Object)'> (0x00000000ead526d0) 
thrown [s\src\hotspot\share\interpreter\linkResolver.cpp, line 773]
Event: 32.587 Thread 0x000001a02dc7cc00 Exception <a 'java/lang/IncompatibleClassChangeError'{0x00000000ead55c50}: Found class java.lang.Object, but interface was expected> (0x00000000ead55c50) 
thrown [s\src\hotspot\share\interpreter\linkResolver.cpp, line 840]
Event: 32.611 Thread 0x000001a02dc7cc00 Exception <a 'java/lang/NoSuchMethodError'{0x00000000eac49f70}: 'java.lang.Object java.lang.invoke.DirectMethodHandle$Holder.invokeVirtual(java.lang.Object, java.lang.Object, java.lang.Object, java.lang.Object, java.lang.Object, java.lang.Object, java.lang.Object, java.lang.Object)'> (0x00000000eac49f70) 
thrown [s\src\hotspot\share\interpreter\linkResolver.cpp, line 773]
Event: 32.667 Thread 0x000001a02dc7cc00 Exception <a 'java/lang/NoSuchMethodError'{0x00000000eacc45a8}: 'java.lang.Object java.lang.invoke.DirectMethodHandle$Holder.invokeVirtual(java.lang.Object, java.lang.Object, java.lang.Object, java.lang.Object, java.lang.Object, java.lang.Object, java.lang.Object, java.lang.Object, java.lang.Object, java.lang.Object)'> (0x00000000eacc45a8) 
thrown [s\src\hotspot\share\interpreter\linkResolver.cpp, line 773]
Event: 32.702 Thread 0x000001a02dc7cc00 Exception <a 'java/lang/NoSuchMethodError'{0x00000000eab5afe0}: 'void java.lang.invoke.DirectMethodHandle$Holder.invokeStaticInit(java.lang.Object, java.lang.Object, java.lang.Object, java.lang.Object)'> (0x00000000eab5afe0) 
thrown [s\src\hotspot\share\interpreter\linkResolver.cpp, line 773]
Event: 33.267 Thread 0x000001a02dc7cc00 Exception <a 'java/lang/NoSuchMethodError'{0x00000000ea8526e8}: 'int java.lang.invoke.DirectMethodHandle$Holder.invokeSpecialIFC(java.lang.Object, java.lang.Object, java.lang.Object, java.lang.Object)'> (0x00000000ea8526e8) 
thrown [s\src\hotspot\share\interpreter\linkResolver.cpp, line 773]
Event: 33.272 Thread 0x000001a02dc7cc00 Exception <a 'java/lang/IncompatibleClassChangeError'{0x00000000ea85fdb8}: Found class java.lang.Object, but interface was expected> (0x00000000ea85fdb8) 
thrown [s\src\hotspot\share\interpreter\linkResolver.cpp, line 840]
Event: 33.338 Thread 0x000001a02dc7cc00 Implicit null exception at 0x000001a007b04ce6 to 0x000001a007b04d8a
Event: 33.758 Thread 0x000001a02dc7cc00 Exception <a 'java/lang/NoSuchMethodError'{0x00000000ea3003a0}: 'java.lang.Object java.lang.invoke.DirectMethodHandle$Holder.newInvokeSpecial(java.lang.Object, java.lang.Object, java.lang.Object, java.lang.Object, java.lang.Object, java.lang.Object, java.lang.Object, java.lang.Object, java.lang.Object)'> (0x00000000ea3003a0) 
thrown [s\src\hotspot\share\interpreter\linkResolver.cpp, line 773]
Event: 33.760 Thread 0x000001a02dc7cc00 Exception <a 'java/lang/NoSuchMethodError'{0x00000000ea334838}: 'java.lang.Object java.lang.invoke.DelegatingMethodHandle$Holder.reinvoke_L(java.lang.Object, java.lang.Object, java.lang.Object, java.lang.Object, java.lang.Object, java.lang.Object, java.lang.Object, java.lang.Object, java.lang.Object, java.lang.Object, java.lang.Object, java.lang.Object, java.lang.Object, java.lang.Object, java.lang.Object, java.lang.Object, java.lang.Object, java.lang.Object)'> (0x00000000ea334838) 
thrown [s\src\hotspot\s
Event: 33.764 Thread 0x000001a02dc7cc00 Exception <a 'java/lang/NoSuchMethodError'{0x00000000ea3989d0}: 'java.lang.Object java.lang.invoke.DirectMethodHandle$Holder.invokeStatic(java.lang.Object, java.lang.Object, java.lang.Object, java.lang.Object, java.lang.Object, java.lang.Object, java.lang.Object, java.lang.Object, java.lang.Object, java.lang.Object, java.lang.Object, java.lang.Object, java.lang.Object, java.lang.Object, java.lang.Object, java.lang.Object, java.lang.Object)'> (0x00000000ea3989d0) 
thrown [s\src\hotspot\share\interpreter\lin
Event: 33.766 Thread 0x000001a02dc7cc00 Exception <a 'java/lang/NoSuchMethodError'{0x00000000ea3c00e8}: 'java.lang.Object java.lang.invoke.DirectMethodHandle$Holder.invokeStatic(java.lang.Object, java.lang.Object, java.lang.Object, java.lang.Object, java.lang.Object, java.lang.Object, java.lang.Object, java.lang.Object, java.lang.Object, java.lang.Object, java.lang.Object, java.lang.Object, java.lang.Object, java.lang.Object, java.lang.Object, java.lang.Object, java.lang.Object, java.lang.Object)'> (0x00000000ea3c00e8) 
thrown [s\src\hotspot\sha
Event: 33.767 Thread 0x000001a02dc7cc00 Exception <a 'java/lang/NoSuchMethodError'{0x00000000ea3e8128}: 'java.lang.Object java.lang.invoke.DirectMethodHandle$Holder.invokeStatic(java.lang.Object, java.lang.Object, java.lang.Object, java.lang.Object, java.lang.Object, java.lang.Object, java.lang.Object, java.lang.Object, java.lang.Object, java.lang.Object, java.lang.Object, java.lang.Object, java.lang.Object, java.lang.Object, java.lang.Object, java.lang.Object, java.lang.Object, java.lang.Object, java.lang.Object)'> (0x00000000ea3e8128) 
thrown 
Event: 33.768 Thread 0x000001a02dc7cc00 Exception <a 'java/lang/NoSuchMethodError'{0x00000000ea212148}: 'java.lang.Object java.lang.invoke.DirectMethodHandle$Holder.invokeStatic(java.lang.Object, java.lang.Object, java.lang.Object, java.lang.Object, java.lang.Object, java.lang.Object, java.lang.Object, java.lang.Object, java.lang.Object, java.lang.Object, java.lang.Object, java.lang.Object, java.lang.Object, java.lang.Object, java.lang.Object, java.lang.Object, java.lang.Object, java.lang.Object, java.lang.Object, java.lang.Object)'> (0x00000000

ZGC Phase Switch (0 events):
No events

VM Operations (20 events):
Event: 28.068 Executing safepoint VM operation: Cleanup
Event: 28.068 Executing safepoint VM operation: Cleanup done
Event: 29.075 Executing safepoint VM operation: Cleanup
Event: 29.075 Executing safepoint VM operation: Cleanup done
Event: 30.076 Executing safepoint VM operation: Cleanup
Event: 30.076 Executing safepoint VM operation: Cleanup done
Event: 31.079 Executing safepoint VM operation: Cleanup
Event: 31.079 Executing safepoint VM operation: Cleanup done
Event: 31.954 Executing non-safepoint VM operation: HandshakeAllThreads (Deoptimize)
Event: 31.954 Executing non-safepoint VM operation: HandshakeAllThreads (Deoptimize) done
Event: 32.581 Executing non-safepoint VM operation: HandshakeAllThreads (Deoptimize)
Event: 32.581 Executing non-safepoint VM operation: HandshakeAllThreads (Deoptimize) done
Event: 32.581 Executing safepoint VM operation: Cleanup
Event: 32.581 Executing safepoint VM operation: Cleanup done
Event: 33.585 Executing safepoint VM operation: Cleanup
Event: 33.585 Executing safepoint VM operation: Cleanup done
Event: 33.774 Executing non-safepoint VM operation: HandshakeAllThreads (Deoptimize)
Event: 33.774 Executing non-safepoint VM operation: HandshakeAllThreads (Deoptimize) done
Event: 33.774 Executing non-safepoint VM operation: HandshakeAllThreads (Deoptimize)
Event: 33.774 Executing non-safepoint VM operation: HandshakeAllThreads (Deoptimize) done

Memory protections (0 events):
No events

Nmethod flushes (0 events):
No events

Events (20 events):
Event: 3.232 Thread 0x000001a07cda18c0 Thread added: 0x000001a012c0f620
Event: 4.064 Thread 0x000001a07cda18c0 Thread added: 0x000001a012d2baf0
Event: 4.460 Thread 0x000001a07cda18c0 Thread added: 0x000001a012dbbfe0
Event: 16.037 Thread 0x000001a012c0f620 Thread added: 0x000001a012e0c490
Event: 16.222 Thread 0x000001a012e0c490 Thread exited: 0x000001a012e0c490
Event: 20.949 Thread 0x000001a07cda18c0 Thread added: 0x000001a02d850800
Event: 25.494 Thread 0x000001a07cda18c0 Thread added: 0x000001a02ddae900
Event: 26.571 Thread 0x000001a07cda18c0 Thread added: 0x000001a02c9b1760
Event: 28.072 Thread 0x000001a02ddae900 Thread added: 0x000001a012dfc780
Event: 28.173 Thread 0x000001a012dfc780 Thread added: 0x000001a02ca452c0
Event: 28.483 Thread 0x000001a012dfc780 Thread added: 0x000001a02c78a930
Event: 30.218 Thread 0x000001a012dfc780 Thread added: 0x000001a02dc7cc00
Event: 30.237 Thread 0x000001a02dc7cc00 Thread added: 0x000001a02dbb3e40
Event: 30.260 Thread 0x000001a02dc7cc00 Thread added: 0x000001a02dbb1d70
Event: 30.278 Thread 0x000001a02dc7cc00 Thread added: 0x000001a02dbb2400
Event: 31.954 Thread 0x000001a02dc7cc00 Thread added: 0x000001a02dbb44d0
Event: 31.963 Thread 0x000001a02dc7cc00 Thread added: 0x000001a02dbb2a90
Event: 32.615 Thread 0x000001a02dc7cc00 Thread added: 0x000001a02dbb16e0
Event: 32.712 Thread 0x000001a02dbb2a90 Thread added: 0x000001a02dbb37b0
Event: 32.742 Thread 0x000001a02dbb2a90 Thread added: 0x000001a02dbb1050


Dynamic libraries:
0x00007ff767130000 - 0x00007ff76713e000 	C:\Users\harry\.vscode\extensions\redhat.java-1.56.0-win32-x64\jre\21.0.12.1-win32-x86_64\bin\java.exe
0x00007fffec700000 - 0x00007fffec967000 	C:\WINDOWS\SYSTEM32\ntdll.dll
0x00007fffead10000 - 0x00007fffeaddb000 	C:\WINDOWS\System32\KERNEL32.DLL
0x00007fffe9bb0000 - 0x00007fffe9fb2000 	C:\WINDOWS\System32\KERNELBASE.dll
0x00007fffea070000 - 0x00007fffea1bc000 	C:\WINDOWS\System32\ucrtbase.dll
0x00007fffd68c0000 - 0x00007fffd68d8000 	C:\Users\harry\.vscode\extensions\redhat.java-1.56.0-win32-x64\jre\21.0.12.1-win32-x86_64\bin\jli.dll
0x00007fffeade0000 - 0x00007fffeafaf000 	C:\WINDOWS\System32\USER32.dll
0x00007fffe9900000 - 0x00007fffe9927000 	C:\WINDOWS\System32\win32u.dll
0x00007fffec380000 - 0x00007fffec3ab000 	C:\WINDOWS\System32\GDI32.dll
0x00007fffe9930000 - 0x00007fffe9a59000 	C:\WINDOWS\System32\gdi32full.dll
0x00007fffe9fc0000 - 0x00007fffea063000 	C:\WINDOWS\System32\msvcp_win.dll
0x00007fffd68a0000 - 0x00007fffd68be000 	C:\Users\harry\.vscode\extensions\redhat.java-1.56.0-win32-x64\jre\21.0.12.1-win32-x86_64\bin\VCRUNTIME140.dll
0x00007fffd63a0000 - 0x00007fffd6630000 	C:\WINDOWS\WinSxS\amd64_microsoft.windows.common-controls_6595b64144ccf1df_6.0.26100.9278_none_3e0d1ba8e3303201\COMCTL32.dll
0x00007fffeab70000 - 0x00007fffeac19000 	C:\WINDOWS\System32\msvcrt.dll
0x00007fffebb70000 - 0x00007fffebba1000 	C:\WINDOWS\System32\IMM32.DLL
0x00007fffc4900000 - 0x00007fffc490c000 	C:\Users\harry\.vscode\extensions\redhat.java-1.56.0-win32-x64\jre\21.0.12.1-win32-x86_64\bin\vcruntime140_1.dll
0x00007fff5e490000 - 0x00007fff5e51d000 	C:\Users\harry\.vscode\extensions\redhat.java-1.56.0-win32-x64\jre\21.0.12.1-win32-x86_64\bin\msvcp140.dll
0x00007fff5d6e0000 - 0x00007fff5e482000 	C:\Users\harry\.vscode\extensions\redhat.java-1.56.0-win32-x64\jre\21.0.12.1-win32-x86_64\bin\server\jvm.dll
0x00007fffeb020000 - 0x00007fffeb0dc000 	C:\WINDOWS\System32\ADVAPI32.dll
0x00007fffea7f0000 - 0x00007fffea899000 	C:\WINDOWS\System32\sechost.dll
0x00007fffebdd0000 - 0x00007fffebee8000 	C:\WINDOWS\System32\RPCRT4.dll
0x00007fffeac80000 - 0x00007fffead00000 	C:\WINDOWS\System32\WS2_32.dll
0x00007fffe9760000 - 0x00007fffe97be000 	C:\WINDOWS\SYSTEM32\POWRPROF.dll
0x00007fffdf9e0000 - 0x00007fffdfa16000 	C:\WINDOWS\SYSTEM32\WINMM.dll
0x00007fffd6770000 - 0x00007fffd677b000 	C:\WINDOWS\SYSTEM32\VERSION.dll
0x00007fffe9740000 - 0x00007fffe9755000 	C:\WINDOWS\SYSTEM32\UMPDC.dll
0x00007fffe85d0000 - 0x00007fffe85eb000 	C:\WINDOWS\SYSTEM32\kernel.appcore.dll
0x00007fffc4760000 - 0x00007fffc476a000 	C:\Users\harry\.vscode\extensions\redhat.java-1.56.0-win32-x64\jre\21.0.12.1-win32-x86_64\bin\jimage.dll
0x00007fffe6b30000 - 0x00007fffe6d7c000 	C:\WINDOWS\SYSTEM32\DBGHELP.DLL
0x00007fffea420000 - 0x00007fffea7a5000 	C:\WINDOWS\System32\combase.dll
0x00007fffeb250000 - 0x00007fffeb329000 	C:\WINDOWS\System32\OLEAUT32.dll
0x00007fffd35d0000 - 0x00007fffd360b000 	C:\WINDOWS\SYSTEM32\dbgcore.DLL
0x00007fffea360000 - 0x00007fffea40c000 	C:\WINDOWS\System32\bcryptPrimitives.dll
0x00007fffbdd50000 - 0x00007fffbdd5f000 	C:\Users\harry\.vscode\extensions\redhat.java-1.56.0-win32-x64\jre\21.0.12.1-win32-x86_64\bin\instrument.dll
0x00007fffbe300000 - 0x00007fffbe320000 	C:\Users\harry\.vscode\extensions\redhat.java-1.56.0-win32-x64\jre\21.0.12.1-win32-x86_64\bin\java.dll
0x00007fffeb330000 - 0x00007fffebac8000 	C:\WINDOWS\System32\SHELL32.dll
0x00007fffe7320000 - 0x00007fffe7bce000 	C:\WINDOWS\SYSTEM32\windows.storage.dll
0x00007fffec3b0000 - 0x00007fffec4ab000 	C:\WINDOWS\System32\SHCORE.dll
0x00007fffeab00000 - 0x00007fffeab66000 	C:\WINDOWS\System32\shlwapi.dll
0x00007fffe9820000 - 0x00007fffe9849000 	C:\WINDOWS\SYSTEM32\profapi.dll
0x00007fffbdf40000 - 0x00007fffbdf58000 	C:\Users\harry\.vscode\extensions\redhat.java-1.56.0-win32-x64\jre\21.0.12.1-win32-x86_64\bin\zip.dll
0x00007fffbe080000 - 0x00007fffbe090000 	C:\Users\harry\.vscode\extensions\redhat.java-1.56.0-win32-x64\jre\21.0.12.1-win32-x86_64\bin\net.dll
0x00007fffe52c0000 - 0x00007fffe53ea000 	C:\WINDOWS\SYSTEM32\WINHTTP.dll
0x00007fffe8b90000 - 0x00007fffe8bfc000 	C:\WINDOWS\system32\mswsock.dll
0x00007fffb4470000 - 0x00007fffb4486000 	C:\Users\harry\.vscode\extensions\redhat.java-1.56.0-win32-x64\jre\21.0.12.1-win32-x86_64\bin\nio.dll
0x00007fffbdcd0000 - 0x00007fffbdce0000 	C:\Users\harry\.vscode\extensions\redhat.java-1.56.0-win32-x64\jre\21.0.12.1-win32-x86_64\bin\verify.dll
0x00007fff5a030000 - 0x00007fff5a057000 	C:\Users\harry\.gradle\native\660c5614fbf4a5f2a75b1949f50a0caf5cd603558e7d8a26e50b933a0cfb79d1\windows-amd64\native-platform.dll
0x00007fff52ab0000 - 0x00007fff52b27000 	C:\Users\harry\.gradle\native\0.2.8\x86_64-windows-gnu\gradle-fileevents.dll
0x00007fffd66e0000 - 0x00007fffd66ea000 	C:\Users\harry\.vscode\extensions\redhat.java-1.56.0-win32-x64\jre\21.0.12.1-win32-x86_64\bin\management.dll
0x00007fffbdcc0000 - 0x00007fffbdccc000 	C:\Users\harry\.vscode\extensions\redhat.java-1.56.0-win32-x64\jre\21.0.12.1-win32-x86_64\bin\management_ext.dll
0x00007fffea7e0000 - 0x00007fffea7e8000 	C:\WINDOWS\System32\PSAPI.DLL
0x00007fffe7f50000 - 0x00007fffe7f83000 	C:\WINDOWS\SYSTEM32\IPHLPAPI.DLL
0x00007fffeac70000 - 0x00007fffeac7a000 	C:\WINDOWS\System32\NSI.dll
0x00007fffc29c0000 - 0x00007fffc29c9000 	C:\Users\harry\.vscode\extensions\redhat.java-1.56.0-win32-x64\jre\21.0.12.1-win32-x86_64\bin\extnet.dll
0x00007fffe8e80000 - 0x00007fffe8e9b000 	C:\WINDOWS\SYSTEM32\CRYPTSP.dll
0x00007fffe8530000 - 0x00007fffe8569000 	C:\WINDOWS\system32\rsaenh.dll
0x00007fffe8c40000 - 0x00007fffe8c74000 	C:\WINDOWS\SYSTEM32\USERENV.dll
0x00007fffe97f0000 - 0x00007fffe981a000 	C:\WINDOWS\SYSTEM32\bcrypt.dll
0x00007fffe8ea0000 - 0x00007fffe8eac000 	C:\WINDOWS\SYSTEM32\CRYPTBASE.dll
0x00007fffe60d0000 - 0x00007fffe60de000 	C:\Users\harry\.vscode\extensions\redhat.java-1.56.0-win32-x64\jre\21.0.12.1-win32-x86_64\bin\sunmscapi.dll
0x00007fffea1d0000 - 0x00007fffea34e000 	C:\WINDOWS\System32\CRYPT32.dll
0x00007fffe90c0000 - 0x00007fffe90f0000 	C:\WINDOWS\SYSTEM32\ncrypt.dll
0x00007fffe9070000 - 0x00007fffe90af000 	C:\WINDOWS\SYSTEM32\NTASN1.dll
0x00007fffd9bd0000 - 0x00007fffd9bd8000 	C:\WINDOWS\system32\wshunix.dll

JVMTI agents:
C:\Users\harry\.gradle\wrapper\dists\gradle-9.7.1-bin\1w1c7tv4s851m17nbqdsro2tv\gradle-9.7.1\lib\agents\gradle-instrumentation-agent-9.7.1.jar path:C:\Users\harry\.vscode\extensions\redhat.java-1.56.0-win32-x64\jre\21.0.12.1-win32-x86_64\bin\instrument.dll, loaded, initialized, instrumentlib options:none

dbghelp: loaded successfully - version: 4.0.5 - missing functions: none
symbol engine: initialized successfully - sym options: 0x614 - pdb path: .;C:\Users\harry\.vscode\extensions\redhat.java-1.56.0-win32-x64\jre\21.0.12.1-win32-x86_64\bin;C:\WINDOWS\SYSTEM32;C:\WINDOWS\WinSxS\amd64_microsoft.windows.common-controls_6595b64144ccf1df_6.0.26100.9278_none_3e0d1ba8e3303201;C:\Users\harry\.vscode\extensions\redhat.java-1.56.0-win32-x64\jre\21.0.12.1-win32-x86_64\bin\server;C:\Users\harry\.gradle\native\660c5614fbf4a5f2a75b1949f50a0caf5cd603558e7d8a26e50b933a0cfb79d1\windows-amd64;C:\Users\harry\.gradle\native\0.2.8\x86_64-windows-gnu

VM Arguments:
jvm_args: -Dfile.encoding=UTF-8 --add-opens=java.base/java.lang=ALL-UNNAMED --add-opens=java.base/java.lang.invoke=ALL-UNNAMED --add-opens=java.base/java.util=ALL-UNNAMED --add-opens=java.prefs/java.util.prefs=ALL-UNNAMED --add-exports=jdk.compiler/com.sun.tools.javac.api=ALL-UNNAMED --add-exports=jdk.compiler/com.sun.tools.javac.util=ALL-UNNAMED --add-opens=java.base/java.nio.charset=ALL-UNNAMED --add-opens=java.base/java.net=ALL-UNNAMED --add-opens=java.base/java.util.concurrent=ALL-UNNAMED --add-opens=java.base/java.util.concurrent.atomic=ALL-UNNAMED --add-opens=java.xml/javax.xml.namespace=ALL-UNNAMED --add-opens=java.base/java.time=ALL-UNNAMED -XX:MaxMetaspaceSize=384m -XX:+HeapDumpOnOutOfMemoryError -Xms256m -Xmx512m -Dfile.encoding=UTF-8 -Duser.country=KR -Duser.language=ko -Duser.variant -javaagent:C:\Users\harry\.gradle\wrapper\dists\gradle-9.7.1-bin\1w1c7tv4s851m17nbqdsro2tv\gradle-9.7.1\lib\agents\gradle-instrumentation-agent-9.7.1.jar 
java_command: org.gradle.launcher.daemon.bootstrap.GradleDaemon 9.7.1
java_class_path (initial): C:\Users\harry\.gradle\wrapper\dists\gradle-9.7.1-bin\1w1c7tv4s851m17nbqdsro2tv\gradle-9.7.1\lib\gradle-daemon-main-9.7.1.jar
Launcher Type: SUN_STANDARD

[Global flags]
     intx CICompilerCount                          = 4                                         {product} {ergonomic}
   size_t CompressedClassSpaceSize                 = 335544320                                 {product} {ergonomic}
     uint ConcGCThreads                            = 3                                         {product} {ergonomic}
     uint G1ConcRefinementThreads                  = 10                                        {product} {ergonomic}
   size_t G1HeapRegionSize                         = 1048576                                   {product} {ergonomic}
    uintx GCDrainStackTargetSize                   = 64                                        {product} {ergonomic}
     bool HeapDumpOnOutOfMemoryError               = true                                   {manageable} {command line}
   size_t InitialHeapSize                          = 268435456                                 {product} {command line}
   size_t MarkStackSize                            = 4194304                                   {product} {ergonomic}
   size_t MaxHeapSize                              = 536870912                                 {product} {command line}
   size_t MaxMetaspaceSize                         = 402653184                                 {product} {command line}
   size_t MaxNewSize                               = 321912832                                 {product} {ergonomic}
   size_t MinHeapDeltaBytes                        = 1048576                                   {product} {ergonomic}
   size_t MinHeapSize                              = 268435456                                 {product} {command line}
    uintx NonNMethodCodeHeapSize                   = 5839372                                {pd product} {ergonomic}
    uintx NonProfiledCodeHeapSize                  = 122909434                              {pd product} {ergonomic}
    uintx ProfiledCodeHeapSize                     = 122909434                              {pd product} {ergonomic}
    uintx ReservedCodeCacheSize                    = 251658240                              {pd product} {ergonomic}
     bool SegmentedCodeCache                       = true                                      {product} {ergonomic}
   size_t SoftMaxHeapSize                          = 536870912                              {manageable} {ergonomic}
     bool UseCompressedOops                        = true                           {product lp64_product} {ergonomic}
     bool UseG1GC                                  = true                                      {product} {ergonomic}
     bool UseLargePagesIndividualAllocation        = false                                  {pd product} {ergonomic}

Logging:
Log output configuration:
 #0: stdout all=warning uptime,level,tags foldmultilines=false
 #1: stderr all=off uptime,level,tags foldmultilines=false

Release file:
JAVA_VERSION="21.0.12.1" 
MODULES="java.base java.compiler java.datatransfer java.xml java.prefs java.desktop java.instrument java.logging java.management java.security.sasl java.naming java.rmi java.management.rmi java.net.http java.scripting java.security.jgss java.transaction.xa java.sql java.sql.rowset java.xml.crypto java.se java.smartcardio jdk.accessibility jdk.internal.jvmstat jdk.attach jdk.charsets jdk.internal.opt jdk.zipfs jdk.compiler jdk.crypto.ec jdk.crypto.cryptoki jdk.crypto.mscapi jdk.dynalink jdk.internal.ed jdk.editpad jdk.hotspot.agent jdk.httpserver jdk.internal.le jdk.internal.vm.ci jdk.internal.vm.compiler jdk.internal.vm.compiler.management jdk.jartool jdk.javadoc jdk.jcmd jdk.management jdk.management.agent jdk.jconsole jdk.jdeps jdk.jdwp.agent jdk.jdi jdk.jfr jdk.jshell jdk.jsobject jdk.jstatd jdk.localedata jdk.management.jfr jdk.naming.dns jdk.naming.rmi jdk.net jdk.nio.mapmode jdk.random jdk.sctp jdk.security.auth jdk.security.jgss jdk.unsupported jdk.unsupported.desktop jdk.xml.dom" 

Environment Variables:
JAVA_TOOL_OPTIONS=-Dfile.encoding=UTF-8
PATH=C:\Program Files\Common Files\Oracle\Java\javapath;C:\Program Files (x86)\VMware\VMware Workstation\bin\;C:\WINDOWS\system32;C:\WINDOWS;C:\WINDOWS\System32\Wbem;C:\WINDOWS\System32\WindowsPowerShell\v1.0\;C:\WINDOWS\System32\OpenSSH\;C:\Program Files\Git\cmd;C:\apache-maven-3.9.12-bin\apache-maven-3.9.12\bin;C:\Program Files\Microsoft SQL Server\Client SDK\ODBC\170\Tools\Binn\;C:\Program Files\Microsoft SQL Server\160\DTS\Binn\;C:\Program Files (x86)\cloudflared\;C:\Program Files\nodejs\;C:\Users\harry\.local\bin;C:\Users\harry\AppData\Local\Microsoft\WindowsApps;C:\Users\harry\AppData\Local\Programs\Microsoft VS Code\bin;C:\Users\harry\AppData\Local\GitHubDesktop\bin;C:\Users\harry\.lmstudio\bin;C:\Program Files\JetBrains\IntelliJ IDEA 2026.2.1\bin;C:\Users\harry\AppData\Local\Programs\DockerDesktop\resources\bin;C:\Users\harry\AppData\Roaming\npm
USERNAME=harry
OS=Windows_NT
PROCESSOR_IDENTIFIER=Intel64 Family 6 Model 186 Stepping 3, GenuineIntel
TMP=C:\Users\harry\AppData\Local\Temp
TEMP=C:\Users\harry\AppData\Local\Temp




Periodic native trim disabled

---------------  S Y S T E M  ---------------

OS:
 Windows 11 , 64 bit Build 26100 (10.0.26100.9444)
OS uptime: 0 days 0:08 hours
Hyper-V role detected

CPU: total 12 (initial active 12) (6 cores per cpu, 2 threads per core) family 6 model 186 stepping 3 microcode 0x411f, cx8, cmov, fxsr, ht, mmx, 3dnowpref, sse, sse2, sse3, ssse3, sse4.1, sse4.2, popcnt, lzcnt, tsc, tscinvbit, avx, avx2, aes, erms, clmul, bmi1, bmi2, adx, sha, fma, vzeroupper, clflush, clflushopt, clwb, hv, serialize, rdtscp, rdpid, fsrm, f16c, cet_ibt, cet_ss
Processor Information for processor 0
  Max Mhz: 1300, Current Mhz: 1300, Mhz Limit: 1300
Processor Information for processor 1
  Max Mhz: 1300, Current Mhz: 1300, Mhz Limit: 1300
Processor Information for processor 2
  Max Mhz: 1300, Current Mhz: 1300, Mhz Limit: 1300
Processor Information for processor 3
  Max Mhz: 1300, Current Mhz: 1300, Mhz Limit: 1300
Processor Information for processor 4
  Max Mhz: 1300, Current Mhz: 900, Mhz Limit: 897
Processor Information for processor 5
  Max Mhz: 1300, Current Mhz: 900, Mhz Limit: 897
Processor Information for processor 6
  Max Mhz: 1300, Current Mhz: 900, Mhz Limit: 897
Processor Information for processor 7
  Max Mhz: 1300, Current Mhz: 900, Mhz Limit: 897
Processor Information for processor 8
  Max Mhz: 1300, Current Mhz: 900, Mhz Limit: 897
Processor Information for processor 9
  Max Mhz: 1300, Current Mhz: 900, Mhz Limit: 897
Processor Information for processor 10
  Max Mhz: 1300, Current Mhz: 900, Mhz Limit: 897
Processor Information for processor 11
  Max Mhz: 1300, Current Mhz: 900, Mhz Limit: 897

Memory: 4k page, system-wide physical 16067M (320M free)
TotalPageFile size 65219M (AvailPageFile size 511M)
current process WorkingSet (physical memory assigned to process): 213M, peak: 213M
current process commit charge ("private bytes"): 425M, peak: 428M

vm_info: OpenJDK 64-Bit Server VM (21.0.12.1+1-LTS) for windows-amd64 JRE (21.0.12.1+1-LTS), built on 2026-08-18T00:00:00Z by "admin" with MS VC++ 17.12 (VS2022)

END.
