#
# There is insufficient memory for the Java Runtime Environment to continue.
# Native memory allocation (mmap) failed to map 65536 bytes. Error detail: Failed to commit metaspace.
# Possible reasons:
#   The system is out of physical RAM or swap space
#   This process is running with CompressedOops enabled, and the Java Heap may be blocking the growth of the native heap
# Possible solutions:
#   Reduce memory load on the system
#   Increase physical memory or swap space
#   Check if swap backing store is full
#   Decrease Java heap size (-Xmx/-Xms)
#   Decrease number of Java threads
#   Decrease Java thread stack sizes (-Xss)
#   Set larger code cache with -XX:ReservedCodeCacheSize=
#   JVM is running with Unscaled Compressed Oops mode in which the Java heap is
#     placed in the first 4GB address space. The Java Heap base address is the
#     maximum limit for the native heap growth. Please use -XX:HeapBaseMinAddress
#     to set the Java Heap base and to place the Java Heap above 4GB virtual address.
# This output file may be truncated or incomplete.
#
#  Out of Memory Error (virtualSpaceNode.cpp:113), pid=13636, tid=58980
#
# JRE version: OpenJDK Runtime Environment Temurin-21.0.12.1+1 (21.0.12.1+1) (build 21.0.12.1+1-LTS)
# Java VM: OpenJDK 64-Bit Server VM Temurin-21.0.12.1+1 (21.0.12.1+1-LTS, mixed mode, sharing, tiered, compressed oops, compressed class ptrs, g1 gc, windows-amd64)
# No core dump will be written. Minidumps are not enabled by default on client versions of Windows
#

---------------  S U M M A R Y ------------

Command Line: -Dfile.encoding=UTF-8 --add-opens=java.base/java.lang=ALL-UNNAMED --add-opens=java.base/java.lang.invoke=ALL-UNNAMED --add-opens=java.base/java.util=ALL-UNNAMED --add-opens=java.prefs/java.util.prefs=ALL-UNNAMED --add-exports=jdk.compiler/com.sun.tools.javac.api=ALL-UNNAMED --add-exports=jdk.compiler/com.sun.tools.javac.util=ALL-UNNAMED --add-opens=java.base/java.nio.charset=ALL-UNNAMED --add-opens=java.base/java.net=ALL-UNNAMED --add-opens=java.base/java.util.concurrent=ALL-UNNAMED --add-opens=java.base/java.util.concurrent.atomic=ALL-UNNAMED --add-opens=java.xml/javax.xml.namespace=ALL-UNNAMED --add-opens=java.base/java.time=ALL-UNNAMED -XX:MaxMetaspaceSize=384m -XX:+HeapDumpOnOutOfMemoryError -Xms256m -Xmx512m -Dfile.encoding=UTF-8 -Duser.country=KR -Duser.language=ko -Duser.variant -javaagent:C:\Users\harry\.gradle\wrapper\dists\gradle-9.7.1-bin\1w1c7tv4s851m17nbqdsro2tv\gradle-9.7.1\lib\agents\gradle-instrumentation-agent-9.7.1.jar org.gradle.launcher.daemon.bootstrap.GradleDaemon 9.7.1

Host: 13th Gen Intel(R) Core(TM) i5-1335U, 12 cores, 15G,  Windows 11 , 64 bit Build 26100 (10.0.26100.9444)
Time: Wed Sep 16 10:40:11 2026 elapsed time: 281.032852 seconds (0d 0h 4m 41s)

---------------  T H R E A D  ---------------

Current thread (0x0000020ee865c660):  JavaThread "Daemon worker"        [_thread_in_vm, id=58980, stack(0x0000008b29700000,0x0000008b29800000) (1024K)]

Stack: [0x0000008b29700000,0x0000008b29800000]
Native frames: (J=compiled Java code, j=interpreted, Vv=VM code, C=native code)
V  [jvm.dll+0x6d83e9]
V  [jvm.dll+0x8b5736]
V  [jvm.dll+0x8b7cee]
V  [jvm.dll+0x8b83d3]
V  [jvm.dll+0x284596]
V  [jvm.dll+0x8b147e]
V  [jvm.dll+0x679ad4]
V  [jvm.dll+0x1e849b]
V  [jvm.dll+0x1e825e]
V  [jvm.dll+0x67c3d2]
V  [jvm.dll+0x67c202]
V  [jvm.dll+0x67a4ae]
V  [jvm.dll+0x26f864]
V  [jvm.dll+0x14921f]
V  [jvm.dll+0x28c9f3]
V  [jvm.dll+0x28dd49]
V  [jvm.dll+0x21218c]
V  [jvm.dll+0x21190d]
V  [jvm.dll+0x5b6aa9]
V  [jvm.dll+0x82f606]
V  [jvm.dll+0x4792f8]
V  [jvm.dll+0x47f128]
C  [java.dll+0x17ec]

Java frames: (J=compiled Java code, j=interpreted, Vv=VM code)
J 721  java.lang.ClassLoader.defineClass1(Ljava/lang/ClassLoader;Ljava/lang/String;[BIILjava/security/ProtectionDomain;Ljava/lang/String;)Ljava/lang/Class; java.base@21.0.12.1 (0 bytes) @ 0x0000020ec2d8dc11 [0x0000020ec2d8db40+0x00000000000000d1]
J 4954 c2 java.security.SecureClassLoader.defineClass(Ljava/lang/String;[BIILjava/security/CodeSource;)Ljava/lang/Class; java.base@21.0.12.1 (16 bytes) @ 0x0000020ec2fbf6f0 [0x0000020ec2fbf020+0x00000000000006d0]
J 4462 c1 java.net.URLClassLoader.defineClass(Ljava/lang/String;Ljdk/internal/loader/Resource;)Ljava/lang/Class; java.base@21.0.12.1 (224 bytes) @ 0x0000020ebb4f5224 [0x0000020ebb4f3f40+0x00000000000012e4]
J 4425 c1 java.net.URLClassLoader$1.run()Ljava/lang/Class; java.base@21.0.12.1 (81 bytes) @ 0x0000020ebb41d23c [0x0000020ebb41cf40+0x00000000000002fc]
J 818 c1 java.net.URLClassLoader$1.run()Ljava/lang/Object; java.base@21.0.12.1 (5 bytes) @ 0x0000020ebb3c13d4 [0x0000020ebb3c1340+0x0000000000000094]
J 2772 c2 java.security.AccessController.doPrivileged(Ljava/security/PrivilegedExceptionAction;Ljava/security/AccessControlContext;)Ljava/lang/Object; java.base@21.0.12.1 (26 bytes) @ 0x0000020ec2e63a20 [0x0000020ec2e639c0+0x0000000000000060]
J 4424 c1 java.net.URLClassLoader.findClass(Ljava/lang/String;)Ljava/lang/Class; java.base@21.0.12.1 (47 bytes) @ 0x0000020ebb3d4d7c [0x0000020ebb3d4c60+0x000000000000011c]
J 3035 c1 org.gradle.internal.classloader.TransformingClassLoader.findClass(Ljava/lang/String;)Ljava/lang/Class; (256 bytes) @ 0x0000020ebb82ff4c [0x0000020ebb82e5e0+0x000000000000196c]
J 4754 c1 java.lang.ClassLoader.loadClass(Ljava/lang/String;Z)Ljava/lang/Class; java.base@21.0.12.1 (121 bytes) @ 0x0000020ebb361ba4 [0x0000020ebb3615e0+0x00000000000005c4]
J 4030 c2 java.lang.ClassLoader.loadClass(Ljava/lang/String;)Ljava/lang/Class; java.base@21.0.12.1 (7 bytes) @ 0x0000020ec2f672ec [0x0000020ec2f672a0+0x000000000000004c]
v  ~StubRoutines::call_stub 0x0000020ec27a100d
J 721  java.lang.ClassLoader.defineClass1(Ljava/lang/ClassLoader;Ljava/lang/String;[BIILjava/security/ProtectionDomain;Ljava/lang/String;)Ljava/lang/Class; java.base@21.0.12.1 (0 bytes) @ 0x0000020ec2d8dc11 [0x0000020ec2d8db40+0x00000000000000d1]
J 4954 c2 java.security.SecureClassLoader.defineClass(Ljava/lang/String;[BIILjava/security/CodeSource;)Ljava/lang/Class; java.base@21.0.12.1 (16 bytes) @ 0x0000020ec2fbf6f0 [0x0000020ec2fbf020+0x00000000000006d0]
J 4462 c1 java.net.URLClassLoader.defineClass(Ljava/lang/String;Ljdk/internal/loader/Resource;)Ljava/lang/Class; java.base@21.0.12.1 (224 bytes) @ 0x0000020ebb4f5224 [0x0000020ebb4f3f40+0x00000000000012e4]
J 4425 c1 java.net.URLClassLoader$1.run()Ljava/lang/Class; java.base@21.0.12.1 (81 bytes) @ 0x0000020ebb41d23c [0x0000020ebb41cf40+0x00000000000002fc]
J 818 c1 java.net.URLClassLoader$1.run()Ljava/lang/Object; java.base@21.0.12.1 (5 bytes) @ 0x0000020ebb3c13d4 [0x0000020ebb3c1340+0x0000000000000094]
J 2772 c2 java.security.AccessController.doPrivileged(Ljava/security/PrivilegedExceptionAction;Ljava/security/AccessControlContext;)Ljava/lang/Object; java.base@21.0.12.1 (26 bytes) @ 0x0000020ec2e63a20 [0x0000020ec2e639c0+0x0000000000000060]
J 4424 c1 java.net.URLClassLoader.findClass(Ljava/lang/String;)Ljava/lang/Class; java.base@21.0.12.1 (47 bytes) @ 0x0000020ebb3d4d7c [0x0000020ebb3d4c60+0x000000000000011c]
J 3035 c1 org.gradle.internal.classloader.TransformingClassLoader.findClass(Ljava/lang/String;)Ljava/lang/Class; (256 bytes) @ 0x0000020ebb82ff4c [0x0000020ebb82e5e0+0x000000000000196c]
J 4754 c1 java.lang.ClassLoader.loadClass(Ljava/lang/String;Z)Ljava/lang/Class; java.base@21.0.12.1 (121 bytes) @ 0x0000020ebb361ba4 [0x0000020ebb3615e0+0x00000000000005c4]
J 4030 c2 java.lang.ClassLoader.loadClass(Ljava/lang/String;)Ljava/lang/Class; java.base@21.0.12.1 (7 bytes) @ 0x0000020ec2f672ec [0x0000020ec2f672a0+0x000000000000004c]
v  ~StubRoutines::call_stub 0x0000020ec27a100d
j  org.gradle.api.internal.notations.DependencyNotationParser.create(Lorg/gradle/internal/reflect/Instantiator;Lorg/gradle/api/internal/artifacts/DefaultProjectDependencyFactory;Lorg/gradle/api/internal/ClassPathRegistry;Lorg/gradle/api/internal/file/FileCollectionFactory;Lorg/gradle/api/internal/runtimeshaded/RuntimeShadedJarFactory;Lcom/google/common/collect/Interner;Lorg/gradle/api/problems/Problems;)Lorg/gradle/api/internal/notations/DependencyNotationParser;+5
j  org.gradle.api.internal.artifacts.DependencyManagementBuildScopeServices.createDependencyFactory(Lorg/gradle/internal/reflect/Instantiator;Lorg/gradle/api/internal/artifacts/DefaultProjectDependencyFactory;Lorg/gradle/api/internal/ClassPathRegistry;Lorg/gradle/api/internal/file/FileCollectionFactory;Lorg/gradle/api/internal/runtimeshaded/RuntimeShadedJarFactory;Lorg/gradle/api/internal/attributes/AttributesFactory;Lorg/gradle/util/internal/SimpleMapInterner;Lorg/gradle/api/internal/artifacts/dsl/CapabilityNotationParser;Lorg/gradle/api/model/ObjectFactory;Lorg/gradle/api/problems/Problems;)Lorg/gradle/api/internal/artifacts/dsl/dependencies/DependencyFactoryInternal;+21
j  java.lang.invoke.LambdaForm$DMH+0x0000020ecf1d4c00.invokeVirtual(Ljava/lang/Object;Ljava/lang/Object;Ljava/lang/Object;Ljava/lang/Object;Ljava/lang/Object;Ljava/lang/Object;Ljava/lang/Object;Ljava/lang/Object;Ljava/lang/Object;Ljava/lang/Object;Ljava/lang/Object;Ljava/lang/Object;)Ljava/lang/Object;+30 java.base@21.0.12.1
j  java.lang.invoke.LambdaForm$MH+0x0000020ecf718400.invoke(Ljava/lang/Object;Ljava/lang/Object;Ljava/lang/Object;)Ljava/lang/Object;+280 java.base@21.0.12.1
j  java.lang.invoke.LambdaForm$MH+0x0000020ecf03ec00.invoke(Ljava/lang/Object;Ljava/lang/Object;Ljava/lang/Object;)Ljava/lang/Object;+34 java.base@21.0.12.1
J 2150 c1 jdk.internal.reflect.DirectMethodHandleAccessor.invoke(Ljava/lang/Object;[Ljava/lang/Object;)Ljava/lang/Object; java.base@21.0.12.1 (92 bytes) @ 0x0000020ebb666c24 [0x0000020ebb6663c0+0x0000000000000864]
J 3473 c1 org.gradle.internal.reflect.JavaMethod.invoke(Ljava/lang/Object;[Ljava/lang/Object;)Ljava/lang/Object; (87 bytes) @ 0x0000020ebb90f73c [0x0000020ebb90f1c0+0x000000000000057c]
J 3472 c1 org.gradle.internal.service.ReflectionBasedServiceMethod.invoke(Ljava/lang/Object;[Ljava/lang/Object;)Ljava/lang/Object; (16 bytes) @ 0x0000020ebb90ebd4 [0x0000020ebb90eb40+0x0000000000000094]
J 4578 c1 org.gradle.internal.service.DefaultServiceRegistry$FactoryMethodService.invokeMethod([Ljava/lang/Object;)Ljava/lang/Object; (147 bytes) @ 0x0000020ebb39677c [0x0000020ebb3965e0+0x000000000000019c]
J 3524 c1 org.gradle.internal.service.DefaultServiceRegistry$FactoryMethodService.createServiceInstance()Ljava/lang/Object; (17 bytes) @ 0x0000020ebb920a64 [0x0000020ebb920960+0x0000000000000104]
J 2881 c1 org.gradle.internal.service.DefaultServiceRegistry$ManagedObjectServiceProvider.getInstance()Ljava/lang/Object; (44 bytes) @ 0x0000020ebb7ebf0c [0x0000020ebb7ebd60+0x00000000000001ac]
J 2725 c1 org.gradle.internal.service.DefaultServiceRegistry$SingletonService.get()Ljava/lang/Object; (5 bytes) @ 0x0000020ebb7928bc [0x0000020ebb792840+0x000000000000007c]
j  org.gradle.internal.service.DefaultServiceRegistry.find(Ljava/lang/reflect/Type;)Ljava/lang/Object;+22
j  org.gradle.internal.service.DefaultServiceRegistry.get(Ljava/lang/reflect/Type;)Ljava/lang/Object;+2
j  org.gradle.internal.service.DefaultServiceRegistry.get(Ljava/lang/Class;)Ljava/lang/Object;+3
j  org.gradle.api.internal.artifacts.DefaultDependencyManagementServices$DefaultDependencyResolutionServices.getDependencyFactory()Lorg/gradle/api/artifacts/dsl/DependencyFactory;+6
j  org.gradle.plugin.use.resolve.internal.ArtifactRepositoriesPluginResolver.getDependencyFactory()Lorg/gradle/api/artifacts/dsl/DependencyFactory;+4
j  org.gradle.plugin.use.resolve.internal.ArtifactRepositoriesPluginResolver.getMarkerDependency(Lorg/gradle/plugin/management/internal/PluginRequestInternal;)Lorg/gradle/api/artifacts/ModuleDependency;+27
j  org.gradle.plugin.use.resolve.internal.ArtifactRepositoriesPluginResolver.resolve(Lorg/gradle/plugin/management/internal/PluginRequestInternal;)Lorg/gradle/plugin/use/resolve/internal/PluginResolutionResult;+2
j  org.gradle.plugin.use.resolve.internal.CompositePluginResolver.resolve(Lorg/gradle/plugin/management/internal/PluginRequestInternal;)Lorg/gradle/plugin/use/resolve/internal/PluginResolutionResult;+37
j  org.gradle.plugin.use.resolve.internal.AlreadyOnClasspathPluginResolver.resolve(Lorg/gradle/plugin/management/internal/PluginRequestInternal;)Lorg/gradle/plugin/use/resolve/internal/PluginResolutionResult;+28
j  org.gradle.plugin.use.internal.DefaultPluginRequestApplicator.resolvePluginRequest(Lorg/gradle/plugin/use/resolve/internal/PluginResolver;Lorg/gradle/plugin/management/internal/PluginRequestInternal;)Lorg/gradle/plugin/use/resolve/internal/PluginResolution;+2
j  org.gradle.plugin.use.internal.DefaultPluginRequestApplicator.applyPlugins(Lorg/gradle/plugin/management/internal/PluginRequests;Lorg/gradle/api/internal/initialization/ScriptHandlerInternal;Lorg/gradle/api/internal/plugins/PluginManagerInternal;Lorg/gradle/api/internal/initialization/ClassLoaderScope;)V+135
j  org.gradle.configuration.DefaultScriptPluginFactory$ScriptPluginImpl.apply(Ljava/lang/Object;)V+174
j  org.gradle.configuration.BuildOperationScriptPlugin$1.run(Lorg/gradle/internal/operations/BuildOperationContext;)V+11
j  org.gradle.internal.operations.DefaultBuildOperationRunner$1.execute(Lorg/gradle/internal/operations/RunnableBuildOperation;Lorg/gradle/internal/operations/BuildOperationContext;)V+2
j  org.gradle.internal.operations.DefaultBuildOperationRunner$1.execute(Lorg/gradle/internal/operations/BuildOperation;Lorg/gradle/internal/operations/BuildOperationContext;)V+6
j  org.gradle.internal.operations.DefaultBuildOperationRunner$2.execute(Lorg/gradle/internal/operations/BuildOperationDescriptor;Lorg/gradle/internal/operations/BuildOperationState;Lorg/gradle/internal/operations/BuildOperationState;Lorg/gradle/internal/operations/DefaultBuildOperationRunner$ReadableBuildOperationContext;Lorg/gradle/internal/operations/DefaultBuildOperationRunner$BuildOperationExecutionListener;)Lorg/gradle/internal/operations/BuildOperation;+22
j  org.gradle.internal.operations.DefaultBuildOperationRunner$2.execute(Lorg/gradle/internal/operations/BuildOperationDescriptor;Lorg/gradle/internal/operations/BuildOperationState;Lorg/gradle/internal/operations/BuildOperationState;Lorg/gradle/internal/operations/DefaultBuildOperationRunner$ReadableBuildOperationContext;Lorg/gradle/internal/operations/DefaultBuildOperationRunner$BuildOperationExecutionListener;)Ljava/lang/Object;+8
j  org.gradle.internal.operations.DefaultBuildOperationRunner.execute(Lorg/gradle/internal/operations/BuildOperationDescriptor$Builder;Lorg/gradle/internal/operations/DefaultBuildOperationRunner$BuildOperationExecution;)Ljava/lang/Object;+141
j  org.gradle.internal.operations.DefaultBuildOperationRunner.execute(Lorg/gradle/internal/operations/BuildOperation;Lorg/gradle/internal/operations/BuildOperationWorker;)V+17
j  org.gradle.internal.operations.DefaultBuildOperationRunner.run(Lorg/gradle/internal/operations/RunnableBuildOperation;)V+5
j  org.gradle.configuration.BuildOperationScriptPlugin.lambda$apply$0(Ljava/lang/Object;Lorg/gradle/internal/code/UserCodeApplicationId;)V+14
j  org.gradle.configuration.BuildOperationScriptPlugin$$Lambda+0x0000020ecf591470.execute(Ljava/lang/Object;)V+12
j  org.gradle.internal.code.DefaultUserCodeApplicationContext.apply(Lorg/gradle/internal/code/UserCodeSource;Lorg/gradle/api/Action;)V+37
j  org.gradle.configuration.BuildOperationScriptPlugin.apply(Ljava/lang/Object;)V+106
j  org.gradle.configuration.project.BuildScriptProcessor$$Lambda+0x0000020ecf6d4000.accept(Ljava/lang/Object;)V+8
j  org.gradle.api.internal.project.DefaultProjectState.lambda$applyToMutableState$0(Ljava/util/function/Consumer;Lorg/gradle/api/internal/project/ProjectInternal;)Ljava/lang/Object;+2
j  org.gradle.api.internal.project.DefaultProjectState$$Lambda+0x0000020ecf6788d8.apply(Ljava/lang/Object;)Ljava/lang/Object;+8
j  org.gradle.api.internal.project.DefaultProjectState.lambda$fromMutableState$0(Ljava/util/function/Function;)Ljava/lang/Object;+5
j  org.gradle.api.internal.project.DefaultProjectState$$Lambda+0x0000020ecf678b20.get()Ljava/lang/Object;+8
j  org.gradle.api.internal.project.DefaultProjectState.runWithModelLock(Ljava/util/function/Supplier;)Ljava/lang/Object;+83
j  org.gradle.api.internal.project.DefaultProjectState.fromMutableState(Ljava/util/function/Function;)Ljava/lang/Object;+8
j  org.gradle.api.internal.project.DefaultProjectState.applyToMutableState(Ljava/util/function/Consumer;)V+7
j  org.gradle.configuration.project.BuildScriptProcessor.execute(Lorg/gradle/api/internal/project/ProjectInternal;)V+88
j  org.gradle.configuration.project.BuildScriptProcessor.execute(Ljava/lang/Object;)V+5
j  org.gradle.configuration.project.ConfigureActionsProjectEvaluator.evaluate(Lorg/gradle/api/internal/project/ProjectInternal;Lorg/gradle/api/internal/project/ProjectStateInternal;)V+33
j  org.gradle.configuration.project.LifecycleProjectEvaluator$EvaluateProject.lambda$run$0(Lorg/gradle/internal/operations/BuildOperationContext;Lorg/gradle/api/internal/project/ProjectInternal;)V+67
j  org.gradle.configuration.project.LifecycleProjectEvaluator$EvaluateProject$$Lambda+0x0000020ecf6786a0.accept(Ljava/lang/Object;)V+12
j  org.gradle.api.internal.project.DefaultProjectState.lambda$applyToMutableState$0(Ljava/util/function/Consumer;Lorg/gradle/api/internal/project/ProjectInternal;)Ljava/lang/Object;+2
j  org.gradle.api.internal.project.DefaultProjectState$$Lambda+0x0000020ecf6788d8.apply(Ljava/lang/Object;)Ljava/lang/Object;+8
j  org.gradle.api.internal.project.DefaultProjectState.lambda$fromMutableState$0(Ljava/util/function/Function;)Ljava/lang/Object;+5
j  org.gradle.api.internal.project.DefaultProjectState$$Lambda+0x0000020ecf678b20.get()Ljava/lang/Object;+8
j  org.gradle.api.internal.project.DefaultProjectState.runWithModelLock(Ljava/util/function/Supplier;)Ljava/lang/Object;+83
j  org.gradle.api.internal.project.DefaultProjectState.fromMutableState(Ljava/util/function/Function;)Ljava/lang/Object;+8
j  org.gradle.api.internal.project.DefaultProjectState.applyToMutableState(Ljava/util/function/Consumer;)V+7
j  org.gradle.configuration.project.LifecycleProjectEvaluator$EvaluateProject.run(Lorg/gradle/internal/operations/BuildOperationContext;)V+16
j  org.gradle.internal.operations.DefaultBuildOperationRunner$1.execute(Lorg/gradle/internal/operations/RunnableBuildOperation;Lorg/gradle/internal/operations/BuildOperationContext;)V+2
j  org.gradle.internal.operations.DefaultBuildOperationRunner$1.execute(Lorg/gradle/internal/operations/BuildOperation;Lorg/gradle/internal/operations/BuildOperationContext;)V+6
j  org.gradle.internal.operations.DefaultBuildOperationRunner$2.execute(Lorg/gradle/internal/operations/BuildOperationDescriptor;Lorg/gradle/internal/operations/BuildOperationState;Lorg/gradle/internal/operations/BuildOperationState;Lorg/gradle/internal/operations/DefaultBuildOperationRunner$ReadableBuildOperationContext;Lorg/gradle/internal/operations/DefaultBuildOperationRunner$BuildOperationExecutionListener;)Lorg/gradle/internal/operations/BuildOperation;+22
j  org.gradle.internal.operations.DefaultBuildOperationRunner$2.execute(Lorg/gradle/internal/operations/BuildOperationDescriptor;Lorg/gradle/internal/operations/BuildOperationState;Lorg/gradle/internal/operations/BuildOperationState;Lorg/gradle/internal/operations/DefaultBuildOperationRunner$ReadableBuildOperationContext;Lorg/gradle/internal/operations/DefaultBuildOperationRunner$BuildOperationExecutionListener;)Ljava/lang/Object;+8
j  org.gradle.internal.operations.DefaultBuildOperationRunner.execute(Lorg/gradle/internal/operations/BuildOperationDescriptor$Builder;Lorg/gradle/internal/operations/DefaultBuildOperationRunner$BuildOperationExecution;)Ljava/lang/Object;+141
j  org.gradle.internal.operations.DefaultBuildOperationRunner.execute(Lorg/gradle/internal/operations/BuildOperation;Lorg/gradle/internal/operations/BuildOperationWorker;)V+17
j  org.gradle.internal.operations.DefaultBuildOperationRunner.run(Lorg/gradle/internal/operations/RunnableBuildOperation;)V+5
j  org.gradle.configuration.project.LifecycleProjectEvaluator.evaluate(Lorg/gradle/api/internal/project/ProjectInternal;Lorg/gradle/api/internal/project/ProjectStateInternal;)V+42
j  org.gradle.api.internal.project.DefaultProject.evaluateUnchecked()Lorg/gradle/api/internal/project/ProjectInternal;+20
j  org.gradle.api.internal.project.ProjectLifecycleController.lambda$ensureSelfConfigured$1()V+4
j  org.gradle.api.internal.project.ProjectLifecycleController$$Lambda+0x0000020ecf672950.run()V+4
j  org.gradle.api.internal.project.DefaultProjectState.lambda$withProjectLock$0(Ljava/lang/Runnable;)Ljava/lang/Object;+1
j  org.gradle.api.internal.project.DefaultProjectState$$Lambda+0x0000020ecf672b78.get()Ljava/lang/Object;+4
j  org.gradle.api.internal.project.DefaultProjectState$$Lambda+0x0000020ecf672da0.create()Ljava/lang/Object;+4
j  org.gradle.internal.work.DefaultWorkerLeaseService.lambda$runAndReleaseLocks$0(Lorg/gradle/internal/Factory;Ljava/util/Collection;)Ljava/lang/Object;+1
j  org.gradle.internal.work.DefaultWorkerLeaseService$$Lambda+0x0000020ecf2bd508.create()Ljava/lang/Object;+12
j  org.gradle.internal.work.ResourceLockStatistics$1.measure(Ljava/lang/String;Ljava/lang/Iterable;Lorg/gradle/internal/Factory;)Ljava/lang/Object;+1
j  org.gradle.internal.work.DefaultWorkerLeaseService.runAndReleaseLocks(Ljava/util/Collection;Lorg/gradle/internal/Factory;)Ljava/lang/Object;+16
j  org.gradle.internal.work.DefaultWorkerLeaseService.withLocksAcquired(Ljava/util/Collection;Lorg/gradle/internal/Factory;)Ljava/lang/Object;+8
j  org.gradle.internal.work.DefaultWorkerLeaseService.lambda$withReplacedLocks$0(Lorg/gradle/internal/resources/ResourceLock;Lorg/gradle/internal/Factory;)Ljava/lang/Object;+6
j  org.gradle.internal.work.DefaultWorkerLeaseService$$Lambda+0x0000020ecf66fba0.create()Ljava/lang/Object;+12
j  org.gradle.internal.work.DefaultWorkerLeaseService.withoutLocks(Ljava/util/Collection;Lorg/gradle/internal/Factory;)Ljava/lang/Object;+10
j  org.gradle.internal.work.DefaultWorkerLeaseService.withReplacedLocks(Ljava/util/Collection;Lorg/gradle/internal/resources/ResourceLock;Lorg/gradle/internal/Factory;)Ljava/lang/Object;+27
j  org.gradle.api.internal.project.DefaultProjectState.runWithModelLock(Ljava/util/function/Supplier;)Ljava/lang/Object;+120
j  org.gradle.api.internal.project.DefaultProjectState.withProjectLock(Ljava/lang/Runnable;)V+7
j  org.gradle.api.internal.project.DefaultProjectState$$Lambda+0x0000020ecf639fc8.withProjectLock(Ljava/lang/Runnable;)V+5
j  org.gradle.api.internal.project.ProjectLifecycleController.lambda$ensureSelfConfigured$0()V+10
j  org.gradle.api.internal.project.ProjectLifecycleController$$Lambda+0x0000020ecf672500.run()V+4
j  org.gradle.internal.model.StateTransitionController.lambda$doTransition$0(Ljava/lang/Runnable;)Lorg/gradle/internal/build/ExecutionResult;+1
j  org.gradle.internal.model.StateTransitionController$$Lambda+0x0000020ecf430a28.get()Ljava/lang/Object;+4
j  org.gradle.internal.model.StateTransitionController.doTransition(Lorg/gradle/internal/model/StateTransitionController$State;Lorg/gradle/internal/model/StateTransitionController$State;Ljava/util/function/Supplier;)Lorg/gradle/internal/build/ExecutionResult;+24
j  org.gradle.internal.model.StateTransitionController.doTransition(Lorg/gradle/internal/model/StateTransitionController$State;Lorg/gradle/internal/model/StateTransitionController$State;Ljava/lang/Runnable;)V+9
j  org.gradle.internal.model.StateTransitionController.lambda$maybeTransitionIfNotCurrentlyTransitioning$0(Lorg/gradle/internal/model/StateTransitionController$State;Lorg/gradle/internal/model/StateTransitionController$State;Ljava/lang/Runnable;)V+16
j  org.gradle.internal.model.StateTransitionController$$Lambda+0x0000020ecf672728.run()V+16
j  org.gradle.internal.work.DefaultSynchronizer.withLock(Ljava/lang/Runnable;)V+6
j  org.gradle.internal.model.StateTransitionController.maybeTransitionIfNotCurrentlyTransitioning(Lorg/gradle/internal/model/StateTransitionController$State;Lorg/gradle/internal/model/StateTransitionController$State;Ljava/lang/Runnable;)V+13
j  org.gradle.api.internal.project.ProjectLifecycleController.ensureSelfConfigured()V+16
j  org.gradle.api.internal.project.DefaultProjectState.ensureConfigured()V+19
j  org.gradle.execution.TaskPathProjectEvaluator.configureHierarchy(Lorg/gradle/api/internal/project/ProjectState;)V+32
j  org.gradle.configuration.DefaultProjectsPreparer.prepareProjects(Lorg/gradle/api/internal/GradleInternal;)V+54
j  org.gradle.configuration.BuildTreePreparingProjectsPreparer.prepareProjects(Lorg/gradle/api/internal/GradleInternal;)V+114
j  org.gradle.configuration.BuildOperationFiringProjectsPreparer$ConfigureBuild.run(Lorg/gradle/internal/operations/BuildOperationContext;)V+11
j  org.gradle.internal.operations.DefaultBuildOperationRunner$1.execute(Lorg/gradle/internal/operations/RunnableBuildOperation;Lorg/gradle/internal/operations/BuildOperationContext;)V+2
j  org.gradle.internal.operations.DefaultBuildOperationRunner$1.execute(Lorg/gradle/internal/operations/BuildOperation;Lorg/gradle/internal/operations/BuildOperationContext;)V+6
j  org.gradle.internal.operations.DefaultBuildOperationRunner$2.execute(Lorg/gradle/internal/operations/BuildOperationDescriptor;Lorg/gradle/internal/operations/BuildOperationState;Lorg/gradle/internal/operations/BuildOperationState;Lorg/gradle/internal/operations/DefaultBuildOperationRunner$ReadableBuildOperationContext;Lorg/gradle/internal/operations/DefaultBuildOperationRunner$BuildOperationExecutionListener;)Lorg/gradle/internal/operations/BuildOperation;+22
j  org.gradle.internal.operations.DefaultBuildOperationRunner$2.execute(Lorg/gradle/internal/operations/BuildOperationDescriptor;Lorg/gradle/internal/operations/BuildOperationState;Lorg/gradle/internal/operations/BuildOperationState;Lorg/gradle/internal/operations/DefaultBuildOperationRunner$ReadableBuildOperationContext;Lorg/gradle/internal/operations/DefaultBuildOperationRunner$BuildOperationExecutionListener;)Ljava/lang/Object;+8
j  org.gradle.internal.operations.DefaultBuildOperationRunner.execute(Lorg/gradle/internal/operations/BuildOperationDescriptor$Builder;Lorg/gradle/internal/operations/DefaultBuildOperationRunner$BuildOperationExecution;)Ljava/lang/Object;+141
j  org.gradle.internal.operations.DefaultBuildOperationRunner.execute(Lorg/gradle/internal/operations/BuildOperation;Lorg/gradle/internal/operations/BuildOperationWorker;)V+17
j  org.gradle.internal.operations.DefaultBuildOperationRunner.run(Lorg/gradle/internal/operations/RunnableBuildOperation;)V+5
j  org.gradle.configuration.BuildOperationFiringProjectsPreparer.prepareProjects(Lorg/gradle/api/internal/GradleInternal;)V+13
j  org.gradle.initialization.VintageBuildModelController.lambda$prepareProjects$0()V+8
j  org.gradle.initialization.VintageBuildModelController$$Lambda+0x0000020ecf63cc00.run()V+4
j  org.gradle.internal.model.StateTransitionController.lambda$doTransition$0(Ljava/lang/Runnable;)Lorg/gradle/internal/build/ExecutionResult;+1
j  org.gradle.internal.model.StateTransitionController$$Lambda+0x0000020ecf430a28.get()Ljava/lang/Object;+4
j  org.gradle.internal.model.StateTransitionController.doTransition(Lorg/gradle/internal/model/StateTransitionController$State;Lorg/gradle/internal/model/StateTransitionController$State;Ljava/util/function/Supplier;)Lorg/gradle/internal/build/ExecutionResult;+24
j  org.gradle.internal.model.StateTransitionController.doTransition(Lorg/gradle/internal/model/StateTransitionController$State;Lorg/gradle/internal/model/StateTransitionController$State;Ljava/lang/Runnable;)V+9
j  org.gradle.internal.model.StateTransitionController.lambda$transitionIfNotPreviously$0(Lorg/gradle/internal/model/StateTransitionController$State;Lorg/gradle/internal/model/StateTransitionController$State;Ljava/lang/Runnable;)V+16
j  org.gradle.internal.model.StateTransitionController$$Lambda+0x0000020ecf430400.run()V+16
j  org.gradle.internal.work.DefaultSynchronizer.withLock(Ljava/lang/Runnable;)V+6
j  org.gradle.internal.model.StateTransitionController.transitionIfNotPreviously(Lorg/gradle/internal/model/StateTransitionController$State;Lorg/gradle/internal/model/StateTransitionController$State;Ljava/lang/Runnable;)V+13
j  org.gradle.initialization.VintageBuildModelController.prepareProjects()V+16
j  org.gradle.initialization.VintageBuildModelController.prepareToScheduleTasks()V+5
j  org.gradle.internal.build.DefaultBuildLifecycleController.lambda$prepareToScheduleTasks$0()V+9
j  org.gradle.internal.build.DefaultBuildLifecycleController$$Lambda+0x0000020ecf431be8.run()V+4
j  org.gradle.internal.model.StateTransitionController.lambda$doTransition$0(Ljava/lang/Runnable;)Lorg/gradle/internal/build/ExecutionResult;+1
j  org.gradle.internal.model.StateTransitionController$$Lambda+0x0000020ecf430a28.get()Ljava/lang/Object;+4
j  org.gradle.internal.model.StateTransitionController.doTransition(Lorg/gradle/internal/model/StateTransitionController$State;Lorg/gradle/internal/model/StateTransitionController$State;Ljava/util/function/Supplier;)Lorg/gradle/internal/build/ExecutionResult;+24
j  org.gradle.internal.model.StateTransitionController.doTransition(Lorg/gradle/internal/model/StateTransitionController$State;Lorg/gradle/internal/model/StateTransitionController$State;Ljava/lang/Runnable;)V+9
j  org.gradle.internal.model.StateTransitionController.lambda$maybeTransition$0(Lorg/gradle/internal/model/StateTransitionController$State;Lorg/gradle/internal/model/StateTransitionController$State;Ljava/lang/Runnable;)V+16
j  org.gradle.internal.model.StateTransitionController$$Lambda+0x0000020ecf430800.run()V+16
j  org.gradle.internal.work.DefaultSynchronizer.withLock(Ljava/lang/Runnable;)V+6
j  org.gradle.internal.model.StateTransitionController.maybeTransition(Lorg/gradle/internal/model/StateTransitionController$State;Lorg/gradle/internal/model/StateTransitionController$State;Ljava/lang/Runnable;)V+13
j  org.gradle.internal.build.DefaultBuildLifecycleController.prepareToScheduleTasks()V+16
j  org.gradle.internal.buildtree.DefaultBuildTreeWorkPreparer.scheduleRequestedTasks(Lorg/gradle/internal/buildtree/BuildTreeWorkGraph;Lorg/gradle/execution/EntryTaskSelector;)Lorg/gradle/internal/buildtree/BuildTreeWorkGraph$FinalizedGraph;+4
j  org.gradle.internal.cc.impl.barrier.BarrierAwareBuildTreeWorkPreparer.scheduleRequestedTasks$lambda$0(Lorg/gradle/internal/cc/impl/barrier/BarrierAwareBuildTreeWorkPreparer;Lorg/gradle/internal/buildtree/BuildTreeWorkGraph;Lorg/gradle/execution/EntryTaskSelector;)Lorg/gradle/internal/buildtree/BuildTreeWorkGraph$FinalizedGraph;+6
j  org.gradle.internal.cc.impl.barrier.BarrierAwareBuildTreeWorkPreparer$$Lambda+0x0000020ecf41a3f8.invoke()Ljava/lang/Object;+12
j  org.gradle.internal.cc.impl.barrier.VintageConfigurationTimeActionRunner.runConfigurationTimeAction(Lkotlin/jvm/functions/Function0;)Ljava/lang/Object;+25
j  org.gradle.internal.cc.impl.barrier.BarrierAwareBuildTreeWorkPreparer.scheduleRequestedTasks(Lorg/gradle/internal/buildtree/BuildTreeWorkGraph;Lorg/gradle/execution/EntryTaskSelector;)Lorg/gradle/internal/buildtree/BuildTreeWorkGraph$FinalizedGraph;+18
j  org.gradle.internal.cc.impl.VintageBuildTreeWorkController$scheduleAndRunRequestedTasks$1$finalizedGraph$1.call()Lorg/gradle/internal/buildtree/BuildTreeWorkGraph$FinalizedGraph;+15
j  org.gradle.internal.cc.impl.VintageBuildTreeWorkController$scheduleAndRunRequestedTasks$1$finalizedGraph$1.call()Ljava/lang/Object;+1
j  org.gradle.internal.Try.ofFailable(Ljava/util/concurrent/Callable;)Lorg/gradle/internal/Try;+1
j  org.gradle.internal.cc.impl.VintageBuildTreeWorkController$scheduleAndRunRequestedTasks$1.apply(Lorg/gradle/internal/buildtree/BuildTreeWorkGraph;)Lorg/gradle/internal/buildtree/BuildTreeWorkController$TaskRunResult;+25
j  org.gradle.internal.cc.impl.VintageBuildTreeWorkController$scheduleAndRunRequestedTasks$1.apply(Ljava/lang/Object;)Ljava/lang/Object;+5
j  org.gradle.composite.internal.DefaultIncludedBuildTaskGraph.withNewWorkGraph(Ljava/util/function/Function;)Ljava/lang/Object;+30
j  org.gradle.internal.cc.impl.VintageBuildTreeWorkController.scheduleAndRunRequestedTasks(Lorg/gradle/execution/EntryTaskSelector;)Lorg/gradle/internal/buildtree/BuildTreeWorkController$TaskRunResult;+16
j  org.gradle.internal.buildtree.DefaultBuildTreeLifecycleController.lambda$scheduleAndRunTasks$0(Lorg/gradle/execution/EntryTaskSelector;)Lorg/gradle/internal/build/ExecutionResult;+5
j  org.gradle.internal.buildtree.DefaultBuildTreeLifecycleController$$Lambda+0x0000020ecf432f98.get()Ljava/lang/Object;+8
j  org.gradle.internal.buildtree.DefaultBuildTreeLifecycleController.lambda$runBuild$0(Ljava/util/function/Supplier;)Ljava/lang/Object;+1
j  org.gradle.internal.buildtree.DefaultBuildTreeLifecycleController$$Lambda+0x0000020ecf4331c0.get()Ljava/lang/Object;+8
j  org.gradle.internal.model.StateTransitionController.lambda$transition$2(Ljava/util/function/Supplier;)Lorg/gradle/internal/build/ExecutionResult;+1
j  org.gradle.internal.model.StateTransitionController$$Lambda+0x0000020ecf433610.get()Ljava/lang/Object;+4
j  org.gradle.internal.model.StateTransitionController.doTransition(Lorg/gradle/internal/model/StateTransitionController$State;Lorg/gradle/internal/model/StateTransitionController$State;Ljava/util/function/Supplier;)Lorg/gradle/internal/build/ExecutionResult;+24
j  org.gradle.internal.model.StateTransitionController.lambda$transition$1(Lorg/gradle/internal/model/StateTransitionController$State;Lorg/gradle/internal/model/StateTransitionController$State;Ljava/util/function/Supplier;)Ljava/lang/Object;+9
j  org.gradle.internal.model.StateTransitionController$$Lambda+0x0000020ecf4333e8.create()Ljava/lang/Object;+16
j  org.gradle.internal.work.DefaultSynchronizer.withLock(Lorg/gradle/internal/Factory;)Ljava/lang/Object;+6
j  org.gradle.internal.model.StateTransitionController.transition(Lorg/gradle/internal/model/StateTransitionController$State;Lorg/gradle/internal/model/StateTransitionController$State;Ljava/util/function/Supplier;)Ljava/lang/Object;+13
j  org.gradle.internal.buildtree.DefaultBuildTreeLifecycleController.runBuild(Ljava/util/function/Supplier;)Ljava/lang/Object;+17
j  org.gradle.internal.buildtree.DefaultBuildTreeLifecycleController.scheduleAndRunTasks(Lorg/gradle/execution/EntryTaskSelector;)V+8
j  org.gradle.internal.buildtree.DefaultBuildTreeLifecycleController.scheduleAndRunTasks()V+2
j  org.gradle.tooling.internal.provider.runner.BuildModelActionRunner.run(Lorg/gradle/internal/invocation/BuildAction;Lorg/gradle/internal/buildtree/BuildTreeLifecycleController;)Lorg/gradle/internal/buildtree/BuildActionRunner$Result;+71
j  org.gradle.launcher.exec.ChainingBuildActionRunner.run(Lorg/gradle/internal/invocation/BuildAction;Lorg/gradle/internal/buildtree/BuildTreeLifecycleController;)Lorg/gradle/internal/buildtree/BuildActionRunner$Result;+34
j  org.gradle.internal.buildtree.ProblemReportingBuildActionRunner.run(Lorg/gradle/internal/invocation/BuildAction;Lorg/gradle/internal/buildtree/BuildTreeLifecycleController;)Lorg/gradle/internal/buildtree/BuildActionRunner$Result;+12
j  org.gradle.launcher.exec.BuildOutcomeReportingBuildActionRunner.run(Lorg/gradle/internal/invocation/BuildAction;Lorg/gradle/internal/buildtree/BuildTreeLifecycleController;)Lorg/gradle/internal/buildtree/BuildActionRunner$Result;+69
j  org.gradle.tooling.internal.provider.FileSystemWatchingBuildActionRunner.run(Lorg/gradle/internal/invocation/BuildAction;Lorg/gradle/internal/buildtree/BuildTreeLifecycleController;)Lorg/gradle/internal/buildtree/BuildActionRunner$Result;+240
j  org.gradle.launcher.exec.BuildCompletionNotifyingBuildActionRunner.run(Lorg/gradle/internal/invocation/BuildAction;Lorg/gradle/internal/buildtree/BuildTreeLifecycleController;)Lorg/gradle/internal/buildtree/BuildActionRunner$Result;+6
j  org.gradle.launcher.exec.RootBuildLifecycleBuildActionExecutor.lambda$execute$0(Lorg/gradle/internal/invocation/BuildAction;Lorg/gradle/internal/buildtree/BuildTreeLifecycleController;)Lorg/gradle/internal/buildtree/BuildActionRunner$Result;+6
j  org.gradle.launcher.exec.RootBuildLifecycleBuildActionExecutor$$Lambda+0x0000020ecf41e680.apply(Ljava/lang/Object;)Ljava/lang/Object;+12
j  org.gradle.composite.internal.DefaultRootBuildState.run(Ljava/util/function/Function;)Ljava/lang/Object;+92
j  org.gradle.launcher.exec.RootBuildLifecycleBuildActionExecutor.execute(Lorg/gradle/internal/invocation/BuildAction;)Lorg/gradle/internal/buildtree/BuildActionRunner$Result;+87
j  org.gradle.launcher.exec.DefaultBuildTreeActionExecutor.runBuildTreeLifecycle(Lorg/gradle/internal/invocation/BuildAction;Lorg/gradle/internal/service/ServiceRegistry;)Lorg/gradle/internal/buildtree/BuildActionRunner$Result;+83
j  org.gradle.launcher.exec.DefaultBuildTreeActionExecutor.access$100(Lorg/gradle/launcher/exec/DefaultBuildTreeActionExecutor;Lorg/gradle/internal/invocation/BuildAction;Lorg/gradle/internal/service/ServiceRegistry;)Lorg/gradle/internal/buildtree/BuildActionRunner$Result;+3
j  org.gradle.launcher.exec.DefaultBuildTreeActionExecutor$2.call(Lorg/gradle/internal/operations/BuildOperationContext;)Lorg/gradle/internal/buildtree/BuildActionRunner$Result;+22
j  org.gradle.launcher.exec.DefaultBuildTreeActionExecutor$2.call(Lorg/gradle/internal/operations/BuildOperationContext;)Ljava/lang/Object;+2
j  org.gradle.internal.operations.DefaultBuildOperationRunner$CallableBuildOperationWorker.execute(Lorg/gradle/internal/operations/CallableBuildOperation;Lorg/gradle/internal/operations/BuildOperationContext;)V+3
j  org.gradle.internal.operations.DefaultBuildOperationRunner$CallableBuildOperationWorker.execute(Lorg/gradle/internal/operations/BuildOperation;Lorg/gradle/internal/operations/BuildOperationContext;)V+6
j  org.gradle.internal.operations.DefaultBuildOperationRunner$2.execute(Lorg/gradle/internal/operations/BuildOperationDescriptor;Lorg/gradle/internal/operations/BuildOperationState;Lorg/gradle/internal/operations/BuildOperationState;Lorg/gradle/internal/operations/DefaultBuildOperationRunner$ReadableBuildOperationContext;Lorg/gradle/internal/operations/DefaultBuildOperationRunner$BuildOperationExecutionListener;)Lorg/gradle/internal/operations/BuildOperation;+22
j  org.gradle.internal.operations.DefaultBuildOperationRunner$2.execute(Lorg/gradle/internal/operations/BuildOperationDescriptor;Lorg/gradle/internal/operations/BuildOperationState;Lorg/gradle/internal/operations/BuildOperationState;Lorg/gradle/internal/operations/DefaultBuildOperationRunner$ReadableBuildOperationContext;Lorg/gradle/internal/operations/DefaultBuildOperationRunner$BuildOperationExecutionListener;)Ljava/lang/Object;+8
j  org.gradle.internal.operations.DefaultBuildOperationRunner.execute(Lorg/gradle/internal/operations/BuildOperationDescriptor$Builder;Lorg/gradle/internal/operations/DefaultBuildOperationRunner$BuildOperationExecution;)Ljava/lang/Object;+141
j  org.gradle.internal.operations.DefaultBuildOperationRunner.execute(Lorg/gradle/internal/operations/BuildOperation;Lorg/gradle/internal/operations/BuildOperationWorker;)V+17
j  org.gradle.internal.operations.DefaultBuildOperationRunner.call(Lorg/gradle/internal/operations/CallableBuildOperation;)Ljava/lang/Object;+12
j  org.gradle.launcher.exec.DefaultBuildTreeActionExecutor.runAsBuildOperation(Lorg/gradle/internal/invocation/BuildAction;Lorg/gradle/internal/service/ServiceRegistry;)Lorg/gradle/internal/buildtree/BuildActionRunner$Result;+23
j  org.gradle.launcher.exec.DefaultBuildTreeActionExecutor.lambda$runBuildTreeAction$0(Lorg/gradle/internal/invocation/BuildAction;Lorg/gradle/internal/service/ServiceRegistry;)Lorg/gradle/internal/buildtree/BuildActionRunner$Result;+3
j  org.gradle.launcher.exec.DefaultBuildTreeActionExecutor$$Lambda+0x0000020ecf2af868.create()Ljava/lang/Object;+12
j  org.gradle.internal.work.DefaultWorkerLeaseService.lambda$runAndReleaseLocks$0(Lorg/gradle/internal/Factory;Ljava/util/Collection;)Ljava/lang/Object;+1
j  org.gradle.internal.work.DefaultWorkerLeaseService$$Lambda+0x0000020ecf2bd508.create()Ljava/lang/Object;+12
j  org.gradle.internal.work.ResourceLockStatistics$1.measure(Ljava/lang/String;Ljava/lang/Iterable;Lorg/gradle/internal/Factory;)Ljava/lang/Object;+1
j  org.gradle.internal.work.DefaultWorkerLeaseService.runAndReleaseLocks(Ljava/util/Collection;Lorg/gradle/internal/Factory;)Ljava/lang/Object;+16
j  org.gradle.internal.work.DefaultWorkerLeaseService.withLocksAcquired(Ljava/util/Collection;Lorg/gradle/internal/Factory;)Ljava/lang/Object;+8
j  org.gradle.internal.work.DefaultWorkerLeaseService.withLocks(Ljava/util/Collection;Lorg/gradle/internal/Factory;)Ljava/lang/Object;+25
j  org.gradle.internal.work.DefaultWorkerLeaseService.runAsWorkerThread(Lorg/gradle/internal/Factory;)Ljava/lang/Object;+33
j  org.gradle.launcher.exec.DefaultBuildTreeActionExecutor.runBuildTreeAction(Lorg/gradle/internal/invocation/BuildAction;Lorg/gradle/internal/service/ServiceRegistry;)Lorg/gradle/internal/buildtree/BuildActionRunner$Result;+12
j  org.gradle.tooling.internal.provider.continuous.ContinuousBuildActionExecutor.execute(Lorg/gradle/internal/invocation/BuildAction;Lorg/gradle/internal/session/BuildSessionContext;)Lorg/gradle/internal/buildtree/BuildActionRunner$Result;+63
j  org.gradle.tooling.internal.provider.SubscribableBuildActionExecutor.execute(Lorg/gradle/internal/invocation/BuildAction;Lorg/gradle/internal/session/BuildSessionContext;)Lorg/gradle/internal/buildtree/BuildActionRunner$Result;+30
j  org.gradle.internal.session.DefaultBuildSessionContext.execute(Lorg/gradle/internal/invocation/BuildAction;)Lorg/gradle/internal/buildtree/BuildActionRunner$Result;+64
j  org.gradle.internal.buildprocess.execution.BuildSessionLifecycleBuildActionExecutor$ActionImpl.apply(Lorg/gradle/internal/session/BuildSessionContext;)Lorg/gradle/launcher/exec/BuildActionResult;+6
j  org.gradle.internal.buildprocess.execution.BuildSessionLifecycleBuildActionExecutor$ActionImpl.apply(Ljava/lang/Object;)Ljava/lang/Object;+5
j  org.gradle.internal.session.BuildSessionState.run(Ljava/util/function/Function;)Ljava/lang/Object;+5
j  org.gradle.internal.buildprocess.execution.BuildSessionLifecycleBuildActionExecutor.execute(Lorg/gradle/internal/invocation/BuildAction;Lorg/gradle/launcher/exec/BuildActionParameters;Lorg/gradle/initialization/BuildRequestContext;)Lorg/gradle/launcher/exec/BuildActionResult;+105
j  org.gradle.internal.buildprocess.execution.BuildSessionLifecycleBuildActionExecutor.execute(Lorg/gradle/internal/invocation/BuildAction;Ljava/lang/Object;Ljava/lang/Object;)Lorg/gradle/launcher/exec/BuildActionResult;+10
j  org.gradle.internal.buildprocess.execution.StartParamsValidatingActionExecutor.execute(Lorg/gradle/internal/invocation/BuildAction;Lorg/gradle/launcher/exec/BuildActionParameters;Lorg/gradle/initialization/BuildRequestContext;)Lorg/gradle/launcher/exec/BuildActionResult;+142
j  org.gradle.internal.buildprocess.execution.StartParamsValidatingActionExecutor.execute(Lorg/gradle/internal/invocation/BuildAction;Ljava/lang/Object;Ljava/lang/Object;)Lorg/gradle/launcher/exec/BuildActionResult;+10
j  org.gradle.internal.buildprocess.execution.SessionFailureReportingActionExecutor.execute(Lorg/gradle/internal/invocation/BuildAction;Lorg/gradle/launcher/exec/BuildActionParameters;Lorg/gradle/initialization/BuildRequestContext;)Lorg/gradle/launcher/exec/BuildActionResult;+7
j  org.gradle.internal.buildprocess.execution.SessionFailureReportingActionExecutor.execute(Lorg/gradle/internal/invocation/BuildAction;Ljava/lang/Object;Ljava/lang/Object;)Lorg/gradle/launcher/exec/BuildActionResult;+10
j  org.gradle.internal.buildprocess.execution.SetupLoggingActionExecutor.execute(Lorg/gradle/internal/invocation/BuildAction;Lorg/gradle/launcher/exec/BuildActionParameters;Lorg/gradle/initialization/BuildRequestContext;)Lorg/gradle/launcher/exec/BuildActionResult;+50
j  org.gradle.internal.buildprocess.execution.SetupLoggingActionExecutor.execute(Lorg/gradle/internal/invocation/BuildAction;Ljava/lang/Object;Ljava/lang/Object;)Lorg/gradle/launcher/exec/BuildActionResult;+10
j  org.gradle.launcher.daemon.server.exec.ExecuteBuild.doBuild(Lorg/gradle/launcher/daemon/server/api/DaemonCommandExecution;Lorg/gradle/launcher/daemon/protocol/Build;)V+147
j  org.gradle.launcher.daemon.server.exec.BuildCommandOnly.execute(Lorg/gradle/launcher/daemon/server/api/DaemonCommandExecution;)V+49
j  org.gradle.launcher.daemon.server.api.DaemonCommandExecution.proceed()Z+23
j  org.gradle.launcher.daemon.server.exec.WatchForDisconnection.execute(Lorg/gradle/launcher/daemon/server/api/DaemonCommandExecution;)V+19
j  org.gradle.launcher.daemon.server.api.DaemonCommandExecution.proceed()Z+23
j  org.gradle.launcher.daemon.server.exec.ResetDeprecationLogger.execute(Lorg/gradle/launcher/daemon/server/api/DaemonCommandExecution;)V+7
j  org.gradle.launcher.daemon.server.api.DaemonCommandExecution.proceed()Z+23
j  org.gradle.launcher.daemon.server.exec.RequestStopIfSingleUsedDaemon.execute(Lorg/gradle/launcher/daemon/server/api/DaemonCommandExecution;)V+33
j  org.gradle.launcher.daemon.server.api.DaemonCommandExecution.proceed()Z+23
j  org.gradle.launcher.daemon.server.exec.ForwardClientInput.lambda$execute$0(Lorg/gradle/launcher/daemon/server/api/DaemonCommandExecution;Lorg/gradle/internal/daemon/clientinput/StdinHandler;)Ljava/lang/Object;+11
j  org.gradle.launcher.daemon.server.exec.ForwardClientInput$$Lambda+0x0000020ecf196b48.apply(Ljava/lang/Object;)Ljava/lang/Object;+8
j  org.gradle.internal.daemon.clientinput.ClientInputForwarder.forwardInput(Ljava/util/function/Function;)Ljava/lang/Object;+46
j  org.gradle.launcher.daemon.server.exec.ForwardClientInput.execute(Lorg/gradle/launcher/daemon/server/api/DaemonCommandExecution;)V+10
j  org.gradle.launcher.daemon.server.api.DaemonCommandExecution.proceed()Z+23
j  org.gradle.launcher.daemon.server.exec.LogAndCheckHealth.execute(Lorg/gradle/launcher/daemon/server/api/DaemonCommandExecution;)V+51
j  org.gradle.launcher.daemon.server.api.DaemonCommandExecution.proceed()Z+23
j  org.gradle.launcher.daemon.server.exec.ApplyClientEnvironmentVariables.doBuild(Lorg/gradle/launcher/daemon/server/api/DaemonCommandExecution;Lorg/gradle/launcher/daemon/protocol/Build;)V+133
j  org.gradle.launcher.daemon.server.exec.BuildCommandOnly.execute(Lorg/gradle/launcher/daemon/server/api/DaemonCommandExecution;)V+49
j  org.gradle.launcher.daemon.server.api.DaemonCommandExecution.proceed()Z+23
j  org.gradle.launcher.daemon.server.exec.LogToClient.doBuild(Lorg/gradle/launcher/daemon/server/api/DaemonCommandExecution;Lorg/gradle/launcher/daemon/protocol/Build;)V+87
j  org.gradle.launcher.daemon.server.exec.BuildCommandOnly.execute(Lorg/gradle/launcher/daemon/server/api/DaemonCommandExecution;)V+49
j  org.gradle.launcher.daemon.server.api.DaemonCommandExecution.proceed()Z+23
j  org.gradle.launcher.daemon.server.exec.EstablishBuildEnvironment.doBuild(Lorg/gradle/launcher/daemon/server/api/DaemonCommandExecution;Lorg/gradle/launcher/daemon/protocol/Build;)V+225
j  org.gradle.launcher.daemon.server.exec.BuildCommandOnly.execute(Lorg/gradle/launcher/daemon/server/api/DaemonCommandExecution;)V+49
j  org.gradle.launcher.daemon.server.api.DaemonCommandExecution.proceed()Z+23
j  org.gradle.launcher.daemon.server.exec.StartBuildOrRespondWithBusy$1.run()V+44
j  org.gradle.launcher.daemon.server.DaemonStateCoordinator.lambda$runCommand$0(Ljava/lang/Runnable;)V+1
j  org.gradle.launcher.daemon.server.DaemonStateCoordinator$$Lambda+0x0000020ecf1956d8.run()V+8
j  org.gradle.internal.concurrent.ExecutorPolicy$CatchAndRecordFailures.onExecute(Ljava/lang/Runnable;)V+1
j  org.gradle.internal.concurrent.AbstractManagedExecutor$1.run()V+25
j  java.util.concurrent.ThreadPoolExecutor.runWorker(Ljava/util/concurrent/ThreadPoolExecutor$Worker;)V+92 java.base@21.0.12.1
j  java.util.concurrent.ThreadPoolExecutor$Worker.run()V+5 java.base@21.0.12.1
j  java.lang.Thread.runWith(Ljava/lang/Object;Ljava/lang/Runnable;)V+5 java.base@21.0.12.1
j  java.lang.Thread.run()V+19 java.base@21.0.12.1
v  ~StubRoutines::call_stub 0x0000020ec27a100d

Compiled method (n/a) 284925  721     n 0       java.lang.ClassLoader::defineClass1 (native)
 total in heap  [0x0000020ec2d8d990,0x0000020ec2d8df28] = 1432
 relocation     [0x0000020ec2d8daf0,0x0000020ec2d8db28] = 56
 main code      [0x0000020ec2d8db40,0x0000020ec2d8df21] = 993
 stub code      [0x0000020ec2d8df21,0x0000020ec2d8df28] = 7

[Constant Pool (empty)]

[MachCode]
[Entry Point]
  # {method} {0x0000020ece434c38} 'defineClass1' '(Ljava/lang/ClassLoader;Ljava/lang/String;[BIILjava/security/ProtectionDomain;Ljava/lang/String;)Ljava/lang/Class;' in 'java/lang/ClassLoader'
  # parm0:    rdx:rdx   = 'java/lang/ClassLoader'
  # parm1:    r8:r8     = 'java/lang/String'
  # parm2:    r9:r9     = '[B'
  # parm3:    rdi       = int
  # parm4:    rsi       = int
  # parm5:    rcx:rcx   = 'java/security/ProtectionDomain'
  # parm6:    [sp+0xa0]   = 'java/lang/String'  (sp of caller)
  0x0000020ec2d8db40: 448b 5208 | 49bb 0000 | 00ce 0e02 | 0000 4d03 | d349 3bc2 | 0f84 0600 

  0x0000020ec2d8db58: ;   {runtime_call ic_miss_stub}
  0x0000020ec2d8db58: 0000 e921 | 0ca6 ff90 
[Verified Entry Point]
  0x0000020ec2d8db60: 8984 2400 | 80ff ff55 | 488b ec48 | 81ec 9000 | 0000 6690 | 4181 7f20 | 0500 0000 

  0x0000020ec2d8db7c: ;   {runtime_call StubRoutines (final stubs)}
  0x0000020ec2d8db7c: 7405 e81d | 89a4 ff48 | 837d 1000 | 488d 4510 | 480f 4445 | 1048 8944 | 2440 4889 | 4c24 7048 
  0x0000020ec2d8db9c: 83f9 0048 | 8d44 2470 | 480f 4444 | 2470 4889 | 4424 3848 | 8974 2430 | 4889 7c24 | 284c 894c 
  0x0000020ec2d8dbbc: 2458 4983 | f900 488d | 4424 5848 | 0f44 4424 | 5848 8944 | 2420 4c89 | 4424 5049 | 83f8 004c 
  0x0000020ec2d8dbdc: 8d4c 2450 | 4c0f 444c | 2450 4889 | 5424 4848 | 83fa 004c | 8d44 2448 | 4c0f 4444 

  0x0000020ec2d8dbf8: ;   {oop(a 'java/lang/Class'{0x00000000e06ce148} = 'java/lang/ClassLoader')}
  0x0000020ec2d8dbf8: 2448 49be | 48e1 6ce0 | 0000 0000 | 4c89 7424 | 784c 8d74 | 2478 498b | d6c5 f877 

  0x0000020ec2d8dc14: ;   {internal_word}
  0x0000020ec2d8dc14: 49ba 11dc | d8c2 0e02 | 0000 4d89 | 97a8 0300 | 0049 89a7 | a003 0000 

  0x0000020ec2d8dc2c: ;   {external_word}
  0x0000020ec2d8dc2c: 49ba 066d | 0210 f87f | 0000 4180 | 3a00 0f84 | 4e00 0000 | 5241 5041 

  0x0000020ec2d8dc44: ;   {metadata({method} {0x0000020ece434c38} 'defineClass1' '(Ljava/lang/ClassLoader;Ljava/lang/String;[BIILjava/security/ProtectionDomain;Ljava/lang/String;)Ljava/lang/Class;' in 'java/lang/ClassLoader')}
  0x0000020ec2d8dc44: 5148 ba30 | 4c43 ce0e | 0200 0049 | 8bcf 4883 | ec20 40f6 | c40f 0f84 | 1900 0000 | 4883 ec08 
  0x0000020ec2d8dc64: ;   {runtime_call}
  0x0000020ec2d8dc64: 48b8 e0ea | ab0f f87f | 0000 ffd0 | 4883 c408 | e90c 0000 

  0x0000020ec2d8dc78: ;   {runtime_call}
  0x0000020ec2d8dc78: 0048 b8e0 | eaab 0ff8 | 7f00 00ff | d048 83c4 | 2041 5941 | 585a 498d | 8fc0 0300 | 0041 c787 
  0x0000020ec2d8dc98: 4c04 0000 | 0400 0000 

  0x0000020ec2d8dca0: ;   {runtime_call}
  0x0000020ec2d8dca0: 48b8 ac16 | 360f f87f | 0000 ffd0 | c5f8 7741 | c787 4c04 | 0000 0500 | 0000 f083 | 4424 c000 
  0x0000020ec2d8dcc0: 493b af50 | 0400 000f | 870e 0000 | 0041 83bf | 4804 0000 | 000f 842b | 0000 00c5 | f877 4889 
  0x0000020ec2d8dce0: 45f8 498b | cf4c 8be4 | 4883 ec20 | 4883 e4f0 

  0x0000020ec2d8dcf0: ;   {runtime_call}
  0x0000020ec2d8dcf0: 48b8 0058 | 770f f87f | 0000 ffd0 | 498b e44d | 33e4 488b | 45f8 41c7 | 874c 0400 | 0008 0000 
  0x0000020ec2d8dd10: 0041 83bf | c804 0000 | 020f 84d5 

  0x0000020ec2d8dd1c: ;   {external_word}
  0x0000020ec2d8dd1c: 0100 0049 | ba06 6d02 | 10f8 7f00 | 0041 803a | 000f 844c | 0000 0048 

  0x0000020ec2d8dd34: ;   {metadata({method} {0x0000020ece434c38} 'defineClass1' '(Ljava/lang/ClassLoader;Ljava/lang/String;[BIILjava/security/ProtectionDomain;Ljava/lang/String;)Ljava/lang/Class;' in 'java/lang/ClassLoader')}
  0x0000020ec2d8dd34: 8945 f848 | ba30 4c43 | ce0e 0200 | 0049 8bcf | 4883 ec20 | 40f6 c40f | 0f84 1900 | 0000 4883 
  0x0000020ec2d8dd54: ;   {runtime_call}
  0x0000020ec2d8dd54: ec08 48b8 | e0ea ab0f | f87f 0000 | ffd0 4883 | c408 e90c 

  0x0000020ec2d8dd68: ;   {runtime_call}
  0x0000020ec2d8dd68: 0000 0048 | b8e0 eaab | 0ff8 7f00 | 00ff d048 | 83c4 2048 | 8b45 f849 | c787 a003 | 0000 0000 
  0x0000020ec2d8dd88: 0000 49c7 | 87a8 0300 | 0000 0000 | 00c5 f877 | 4885 c00f | 8430 0100 | 00a8 030f | 8508 0000 
  0x0000020ec2d8dda8: 0048 8b00 | e920 0100 | 00a8 010f | 8509 0000 | 0048 8b40 | fee9 0f01 | 0000 488b | 40ff 4180 
  0x0000020ec2d8ddc8: 7f40 000f | 8400 0100 | 0048 83f8 | 000f 84f6 | 0000 0049 | 8b4f 2848 | 83f9 000f | 8414 0000 
  0x0000020ec2d8dde8: 0048 83e9 | 0849 894f | 2849 034f | 3848 8901 | e9d4 0000 | 0048 83ec | 7048 8904 | 2448 894c 
  0x0000020ec2d8de08: 2408 4889 | 5424 104c | 8944 2418 | 4c89 4c24 | 204c 8954 | 2428 4c89 | 5c24 30c5 | fb11 4424 
  0x0000020ec2d8de28: 40c5 fb11 | 4c24 48c5 | fb11 5424 | 50c5 fb11 | 5c24 58c5 | fb11 6424 | 60c5 fb11 | 6c24 6849 
  0x0000020ec2d8de48: 8bd7 488b | c848 83ec | 2040 f6c4 | 0f0f 8419 | 0000 0048 

  0x0000020ec2d8de5c: ;   {runtime_call}
  0x0000020ec2d8de5c: 83ec 0848 | b820 a46a | 0ff8 7f00 | 00ff d048 | 83c4 08e9 | 0c00 0000 

  0x0000020ec2d8de74: ;   {runtime_call}
  0x0000020ec2d8de74: 48b8 20a4 | 6a0f f87f | 0000 ffd0 | 4883 c420 | c5fb 106c | 2468 c5fb | 1064 2460 | c5fb 105c 
  0x0000020ec2d8de94: 2458 c5fb | 1054 2450 | c5fb 104c | 2448 c5fb | 1044 2440 | 4c8b 5c24 | 304c 8b54 | 2428 4c8b 
  0x0000020ec2d8deb4: 4c24 204c | 8b44 2418 | 488b 5424 | 1048 8b4c | 2408 488b | 0424 4883 | c470 c5f8 | 7749 8b8f 
  0x0000020ec2d8ded4: 3004 0000 | c781 0001 | 0000 0000 | 0000 c949 | 837f 0800 | 0f85 0100 

  0x0000020ec2d8deec: ;   {runtime_call StubRoutines (initial stubs)}
  0x0000020ec2d8deec: 0000 c3e9 | 0c30 a1ff | c5f8 7748 | 8945 f84c | 8be4 4883 | ec20 4883 

  0x0000020ec2d8df04: ;   {runtime_call}
  0x0000020ec2d8df04: e4f0 48b8 | 3022 ac0f | f87f 0000 | ffd0 498b | e44d 33e4 | 488b 45f8 | e9fe fdff | fff4 f4f4 
  0x0000020ec2d8df24: f4f4 f4f4 
[/MachCode]


Compiled method (c2) 285693 4954       4       java.security.SecureClassLoader::defineClass (16 bytes)
 total in heap  [0x0000020ec2fbec10,0x0000020ec2fc2f88] = 17272
 relocation     [0x0000020ec2fbed70,0x0000020ec2fbf020] = 688
 main code      [0x0000020ec2fbf020,0x0000020ec2fc1600] = 9696
 stub code      [0x0000020ec2fc1600,0x0000020ec2fc1708] = 264
 oops           [0x0000020ec2fc1708,0x0000020ec2fc1720] = 24
 metadata       [0x0000020ec2fc1720,0x0000020ec2fc18b0] = 400
 scopes data    [0x0000020ec2fc18b0,0x0000020ec2fc2690] = 3552
 scopes pcs     [0x0000020ec2fc2690,0x0000020ec2fc2c60] = 1488
 dependencies   [0x0000020ec2fc2c60,0x0000020ec2fc2c78] = 24
 handler table  [0x0000020ec2fc2c78,0x0000020ec2fc2f18] = 672
 nul chk table  [0x0000020ec2fc2f18,0x0000020ec2fc2f88] = 112

[Constant Pool (empty)]

[MachCode]
[Entry Point]
  # {method} {0x0000020ece04e0e8} 'defineClass' '(Ljava/lang/String;[BIILjava/security/CodeSource;)Ljava/lang/Class;' in 'java/security/SecureClassLoader'
  # this:     rdx:rdx   = 'java/security/SecureClassLoader'
  # parm0:    r8:r8     = 'java/lang/String'
  # parm1:    r9:r9     = '[B'
  # parm2:    rdi       = int
  # parm3:    rsi       = int
  # parm4:    rcx:rcx   = 'java/security/CodeSource'
  #           [sp+0xc0]  (sp of caller)
  0x0000020ec2fbf020: 448b 5208 | 49bb 0000 | 00ce 0e02 | 0000 4d03 | d349 3bc2 

  0x0000020ec2fbf034: ;   {runtime_call ic_miss_stub}
  0x0000020ec2fbf034: 0f85 46f7 | 82ff 6690 | 0f1f 4000 
[Verified Entry Point]
  0x0000020ec2fbf040: 8984 2400 | 80ff ff55 | 4881 ecb0 | 0000 0090 | 4181 7f20 | 0500 0000 | 0f85 9825 | 0000 8974 
  0x0000020ec2fbf060: 2444 897c | 2440 4c89 | 4c24 384c | 8944 2430 | 4889 5424 | 2848 8be9 | 4885 c90f | 8433 1d00 
  0x0000020ec2fbf080: 004d 8b87 | b801 0000 | 4d8b d049 | 83c2 104d | 3b97 c801 | 0000 0f83 | 6915 0000 | 4d89 97b8 
  0x0000020ec2fbf0a0: 0100 0041 | 0f0d 8ac0 | 0000 0049 | c700 0100 

  0x0000020ec2fbf0b0: ;   {metadata('java/security/SecureClassLoader$CodeSourceKey')}
  0x0000020ec2fbf0b0: 0000 41c7 | 4008 b8b4 | 1100 4c8b | d545 8950 | 0c4d 8b8f | b801 0000 | 4c8b 5424 | 2841 8b6a 
  0x0000020ec2fbf0d0: 504d 8bd1 | 4983 c210 | 4d3b 97c8 | 0100 000f | 83f3 1400 | 004d 8997 | b801 0000 | 410f 0d8a 
  0x0000020ec2fbf0f0: c000 0000 | 49c7 0101 

  0x0000020ec2fbf0f8: ;   {metadata('java/security/SecureClassLoader$1')}
  0x0000020ec2fbf0f8: 0000 0041 | c741 0850 | ba11 004c | 8b54 2428 | 4589 510c 

  0x0000020ec2fbf10c: ; implicit exception: dispatches to 0x0000020ec2fc1338
  0x0000020ec2fbf10c: 448b 5508 

  0x0000020ec2fbf110: ;   {metadata('java/util/concurrent/ConcurrentHashMap')}
  0x0000020ec2fbf110: 4181 fa80 | 2706 000f | 85f7 1900 | 0048 8bd5 

  0x0000020ec2fbf120: ;   {optimized virtual_call}
  0x0000020ec2fbf120: c5f8 77e8 

  0x0000020ec2fbf124: ; ImmutableOopMap {[40]=Oop [48]=Oop [56]=Oop }
                      ;*invokeinterface computeIfAbsent {reexecute=0 rethrow=0 return_oop=1}
                      ; - java.security.SecureClassLoader::getProtectionDomain@28
                      ; - java.security.SecureClassLoader::defineClass@9
  0x0000020ec2fbf124: d816 a7f8 

  0x0000020ec2fbf128: ;   {other}
  0x0000020ec2fbf128: 0f1f 8400 | 1805 0000 

  0x0000020ec2fbf130: ; implicit exception: dispatches to 0x0000020ec2fc1358
  0x0000020ec2fbf130: 448b 5808 

  0x0000020ec2fbf134: ;   {metadata('java/security/ProtectionDomain')}
  0x0000020ec2fbf134: 4181 fbe8 | 5800 000f | 8583 2100 | 0048 8984 | 2490 0000 | 004c 8b54 | 2430 458b | 5214 458b 
  0x0000020ec2fbf154: 5a0c 4585 | db0f 8609 | 1a00 004c | 8b44 2430 | 450f be40 | 1045 85c0 | 0f85 8e1b | 0000 c442 
  0x0000020ec2fbf174: 3af7 cb45 | 3bcb 418b | d941 0f4f | db4d 8bc2 | c4c1 f96e | c04d 8d42 | 1085 db0f | 8ecf 0000 
  0x0000020ec2fbf194: 0044 3bdb | 0f82 0e1a | 0000 b82f | 0000 0049 | 8bf8 8bd3 | 488b df83 | fa10 0f8c | 7900 0000 
  0x0000020ec2fbf1b4: 83fa 200f | 8c36 0000 | 00c5 f96e | d0c4 e27d | 78d2 c5e5 | efdb 8bca | 83e1 e083 | e21f c5fe 
  0x0000020ec2fbf1d4: 6f0b c5f5 | 74ca c4e2 | 7d17 d90f | 8369 0000 | 0048 83c3 | 2083 e920 | 75e4 e90d | 0000 00c5 
  0x0000020ec2fbf1f4: f96e d0c5 | e1ef dbc4 | e269 00d3 | 83fa 100f | 8c24 0000 | 008b ca83 | e1f0 83e2 | 0fc5 fa6f 
  0x0000020ec2fbf214: 0bc5 f174 | cac4 e279 | 17d9 0f83 | 2a00 0000 | 4883 c310 | 83e9 1075 | e485 d20f 

  0x0000020ec2fbf230: ;   {no_reloc}
  0x0000020ec2fbf230: 8412 0000 | 000f b60b | 3bc1 741c | 4883 c301 | 83ea 0174 | 02eb eebb | ffff ffff | eb0d c5fd 
  0x0000020ec2fbf250: d7c9 0fbc | c148 03d8 | 482b df83 | fbff 0f85 | fc1a 0000 | 410f b628 | 83fd 5b0f | 8477 1b00 
  0x0000020ec2fbf270: 0041 8d59 | fb85 db7c | 0d41 0fbe | 0883 f96a | 0f84 6b0d | 0000 488b | 5c24 2848 | 8b8c 2490 
  0x0000020ec2fbf290: 0000 0044 | 8b71 1041 | 8d79 ff41 | 8d53 ff3b | fa0f 4ffa | 85ff 0f8c | c20f 0000 | 413b fb0f 
  0x0000020ec2fbf2b0: 8337 1800 | 0085 ff0f | 8ec7 1800 | 008d 57ff | 33f6 c4c1 | f96e c845 | 0fbe 443a | 1041 83f8 
  0x0000020ec2fbf2d0: 2e0f 8479 | 0f00 00ff | cf3b fa7f | ea83 ff02 | 0f8e 8400 | 0000 8d4f | fe83 ff02 | 0f4c ce81 
  0x0000020ec2fbf2f0: f9a0 0f00 | 0041 b8a0 | 0f00 0041 | 0f47 c88b | d72b d148 | 63cf 450f | be44 0a10 | 4183 f82e 
  0x0000020ec2fbf310: 0f84 8400 | 0000 410f | be4c 0a0f | 83f9 2e74 | 7d8d 4ffe | 410f be44 | 0a10 83f8 | 2e74 728d 
  0x0000020ec2fbf330: ;   {no_reloc}
  0x0000020ec2fbf330: 4ffd 450f | be44 0a10 | 4183 f82e | 7463 83c7 | fc3b fa7f | be49 8baf | 5804 0000 | 4c8b 4424 
  0x0000020ec2fbf350: 2848 8b4c | 2430 488b | 9424 9000 

  0x0000020ec2fbf35c: ; ImmutableOopMap {r10=NarrowOop r8=Oop rcx=Oop rbx=Oop rdx=Oop r14=NarrowOop xmm0=Oop xmm1=Derived_oop_xmm0 [40]=Oop [48]=Oop [56]=Oop [144]=Oop }
                      ;*goto {reexecute=1 rethrow=0 return_oop=0}
                      ; - (reexecute) java.lang.StringLatin1::lastIndexOf@35
                      ; - java.lang.String::lastIndexOf@13
                      ; - java.lang.String::lastIndexOf@8
                      ; - java.lang.ClassLoader::checkCerts@3
                      ; - java.lang.ClassLoader::preDefineClass@113
                      ; - java.lang.ClassLoader::defineClass@4
                      ; - java.security.SecureClassLoader::defineClass@12
                      ;   {poll}
  0x0000020ec2fbf35c: 0000 8545 | 0083 ff02 | 0f8f 7cff | ffff 83ff | ff7e 2145 | 0fbe 443a | 1041 83f8 | 2e0f 841c 
  0x0000020ec2fbf37c: 1700 00ff | cf83 ffff | 7fe9 c4c1 | f97e c8e9 | e00e 0000 | c4c1 f97e | c8e9 d60e | 0000 8bcf 
  0x0000020ec2fbf39c: eb03 8d4f | ffc4 c1f9 | 7ec8 83f9 | ff0f 8457 | 1100 0085 | c90f 8c7d | 1900 0041 | 3bc9 0f8f 
  0x0000020ec2fbf3bc: a01a 0000 | 413b c90f | 8485 0c00 | 0085 c90f | 848e 0e00 | 004d 8baf | b801 0000 | 4d8b cd49 
  0x0000020ec2fbf3dc: 83c1 184d | 3b8f c801 | 0000 0f83 | 6113 0000 | 4d89 8fb8 | 0100 0041 | 0f0d 89c0 | 0000 0049 
  0x0000020ec2fbf3fc: c745 0001 

  0x0000020ec2fbf400: ;   {metadata('java/lang/String')}
  0x0000020ec2fbf400: 0000 0041 | c745 0878 | e800 0045 | 8965 0c4d | 8965 1041 | 3bcb 0f85 | d400 0000 | 4963 eb41 
  0x0000020ec2fbf420: 81fb 0000 | 1000 0f87 | 6215 0000 | 4c89 4424 | 5049 8bbf | b801 0000 | 4c8d 4517 | 4983 e0f8 
  0x0000020ec2fbf440: 4c8b cf4d | 03c8 4d3b | 8fc8 0100 | 000f 8336 | 1500 004d | 898f b801 | 0000 410f | 0d89 c000 
  0x0000020ec2fbf460: 0000 48c7 | 0701 0000 | 0041 0f0d | 8900 0100 

  0x0000020ec2fbf470: ;   {metadata({type array byte})}
  0x0000020ec2fbf470: 00c7 4708 | 1823 0000 | 4489 5f0c | 410f 0d89 | 4001 0000 | 410f 0d89 | 8001 0000 | 8974 2420 
  0x0000020ec2fbf490: 4889 5c24 | 5844 8974 | 2424 4c89 | 6c24 6048 | 896c 2468 | 488b d748 | 83c2 104c | 8b44 2468 
  0x0000020ec2fbf4b0: 4983 c007 | 49c1 e803 | 488b 4c24 | 50c5 f877 | 49ba 604b | 7dc2 0e02 | 0000 41ff 

  0x0000020ec2fbf4cc: ;   {other}
  0x0000020ec2fbf4cc: d20f 1f84 | 0000 0000 | 008b 7424 | 2048 8b5c | 2458 448b | 7424 244c | 8b6c 2460 | 4c8b d7e9 
  0x0000020ec2fbf4ec: db00 0000 | 81f9 0000 | 1000 0f87 | 4c17 0000 | 4c63 c949 | 8bf8 443b | d941 8beb | 0f4f e944 
  0x0000020ec2fbf50c: 3bdd 0f82 | a817 0000 | 3bcd 0f82 | a017 0000 | 4983 c117 | 4d8b c149 | 83e0 f881 | f900 0010 
  0x0000020ec2fbf52c: 000f 87df | 1200 004d | 8b97 b801 | 0000 4d8b | da4d 03d8 | 4d3b 9fc8 | 0100 000f | 83c5 1200 
  0x0000020ec2fbf54c: 004d 899f | b801 0000 | 410f 0d8b | c000 0000 | 49c7 0201 | 0000 0041 | 0f0d 8b00 

  0x0000020ec2fbf568: ;   {metadata({type array byte})}
  0x0000020ec2fbf568: 0100 0041 | c742 0818 | 2300 0041 | 894a 0c41 | 0f0d 8b40 | 0100 0041 | 0f0d 8b80 | 0100 0049 
  0x0000020ec2fbf588: 8bd2 4883 | c210 49c1 | e903 85ed | 0f84 b616 | 0000 3be9 | 0f8c 0e0e | 0000 498b | ea49 83c0 
  0x0000020ec2fbf5a8: f049 c1e8 | 0348 8bcf | c5f8 7749 | ba60 4b7d | c20e 0200 | 0041 ffd2 

  0x0000020ec2fbf5c0: ;   {other}
  0x0000020ec2fbf5c0: 0f1f 8400 | 0000 0000 | 4c8b d541 | 807f 4000 | 0f85 d20c | 0000 4d8b | dd4d 8bca | 4589 4d14 
  0x0000020ec2fbf5e0: 4d33 d349 | c1ea 144d | 85d2 741a | 49c1 eb09 | 48b9 0000 | 1cca 0e02 | 0000 4903 | cb80 3902 
  0x0000020ec2fbf600: 0f85 d50c | 0000 4588 | 6510 418b | 6e14 85ed | 0f85 ea17 | 0000 418b | 6e10 85ed | 0f85 0e18 
  0x0000020ec2fbf620: 0000 448b | 5b2c 4585 | db0f 8473 | 1400 0048 | 895c 2448 | 8974 2420 | 498b d3bf | 0100 0000 
  0x0000020ec2fbf640: ;   {oop(a 'java/security/cert/Certificate'[0] {0x00000000e0af37d0})}
  0x0000020ec2fbf640: 49b9 d037 | afe0 0000 | 0000 4d8b | c566 6690 

  0x0000020ec2fbf650: ;   {optimized virtual_call}
  0x0000020ec2fbf650: c5f8 77e8 

  0x0000020ec2fbf654: ; ImmutableOopMap {[40]=Oop [48]=Oop [56]=Oop [72]=Oop [144]=Oop }
                      ;*invokevirtual putVal {reexecute=0 rethrow=0 return_oop=1}
                      ; - java.util.concurrent.ConcurrentHashMap::putIfAbsent@4
                      ; - java.lang.ClassLoader::checkCerts@62
                      ; - java.lang.ClassLoader::preDefineClass@113
                      ; - java.lang.ClassLoader::defineClass@4
                      ; - java.security.SecureClassLoader::defineClass@12
  0x0000020ec2fbf654: c861 e9ff 

  0x0000020ec2fbf658: ;   {other}
  0x0000020ec2fbf658: 0f1f 8400 | 480a 0002 | 4885 c074 | 1c44 8b58 

  0x0000020ec2fbf668: ;   {metadata('java/security/cert/Certificate'[])}
  0x0000020ec2fbf668: 0841 81fb | 2029 1000 | 0f85 821c | 0000 8b68 | 0c85 ed0f | 8713 1800 | 004c 8b8c | 2490 0000 
  0x0000020ec2fbf688: 0045 8b59 | 1041 8b6b | 0c44 8b55 | 3845 85d2 | 0f84 1e14 | 0000 48ff | b424 9000 | 0000 488f 
  0x0000020ec2fbf6a8: 4424 4849 | 8bd2 4c8b | c566 6690 

  0x0000020ec2fbf6b4: ;   {optimized virtual_call}
  0x0000020ec2fbf6b4: c5f8 77e8 

  0x0000020ec2fbf6b8: ; ImmutableOopMap {[40]=Oop [48]=Oop [56]=Oop [72]=Oop [144]=Oop }
                      ;*invokevirtual toExternalForm {reexecute=0 rethrow=0 return_oop=1}
                      ; - java.net.URL::toExternalForm@5
                      ; - java.net.URL::toString@1
                      ; - java.lang.ClassLoader::defineClassSourceLocation@22
                      ; - java.lang.ClassLoader::defineClass@12
                      ; - java.security.SecureClassLoader::defineClass@12
  0x0000020ec2fbf6b8: e4f6 f7ff 

  0x0000020ec2fbf6bc: ;   {other}
  0x0000020ec2fbf6bc: 0f1f 8400 | ac0a 0003 | 488b 5424 | 284c 8b44 | 2430 4c8b | 4c24 388b | 7c24 408b | 7424 4448 
  0x0000020ec2fbf6dc: 8b8c 2490 | 0000 0048 | 8904 2490 

  0x0000020ec2fbf6e8: ;   {static_call}
  0x0000020ec2fbf6e8: c5f8 77e8 

  0x0000020ec2fbf6ec: ; ImmutableOopMap {[40]=Oop [72]=Oop [144]=Oop }
                      ;*invokestatic defineClass1 {reexecute=0 rethrow=0 return_oop=1}
                      ; - java.lang.ClassLoader::defineClass@27
                      ; - java.security.SecureClassLoader::defineClass@12
  0x0000020ec2fbf6ec: 70e4 dcff 

  0x0000020ec2fbf6f0: ;   {other}
  0x0000020ec2fbf6f0: 0f1f 8400 | e00a 0004 | 4c8b f044 | 8b50 3c45 | 85d2 7412 | 498b da49 | bd00 001c | ca0e 0200 
  0x0000020ec2fbf710: 00e9 fa03 | 0000 4c8b | 5010 458b | 5a08 4585 | db0f 8cd5 | 1400 0044 | 8b50 2c45 | 85d2 0f84 
  0x0000020ec2fbf730: 9e09 0000 | 4d8b da41 | 8b4b 1444 | 8b41 0c45 | 0fbe 5310 | c4c2 2af7 | f88d 5fff | 4585 d20f 
  0x0000020ec2fbf750: 8593 1800 | 004c 8bd1 | 4c89 9424 | 8800 0000 | 458d 50ff | 443b d344 | 0f4f d345 | 85d2 0f8c 
  0x0000020ec2fbf770: 150b 0000 | 4585 c00f | 8653 1400 | 0045 3bd0 | 0f83 4a14 | 0000 4585 | d20f 8e8d | 1400 0045 
  0x0000020ec2fbf790: ;   {oop(""{0x00000000e07d6af0})}
  0x0000020ec2fbf790: 8d4a ff48 | bbf0 6a7d | e000 0000 | 0049 bd00 | 001c ca0e | 0200 0042 | 0fbe 5411 | 1083 fa2e 
  0x0000020ec2fbf7b0: 0f84 a10a | 0000 41ff | ca45 3bd1 | 7fe9 4183 | fa02 0f8e | 7900 0000 | 418d 52fe | 4183 fa02 
  0x0000020ec2fbf7d0: 0f4c 5424 | 2081 faa0 | 0f00 0041 | b9a0 0f00 | 0041 0f47 | d141 8bf2 | 2bf2 660f | 1f44 0000 
  0x0000020ec2fbf7f0: 4963 d244 | 0fbe 4c11 | 1041 83f9 | 2e74 6b44 | 0fbe 4c11 | 0f41 83f9 | 2e74 6445 | 8d4a fe42 
  0x0000020ec2fbf810: 0fbe 5409 | 1083 fa2e | 7459 458d | 4afd 420f | be54 0910 | 83fa 2e74 | 4a41 83c2 | fc44 3bd6 
  0x0000020ec2fbf830: 7fbe 498b | 8758 0400 

  0x0000020ec2fbf838: ; ImmutableOopMap {r11=Oop rcx=NarrowOop rbx=Oop r14=Oop [40]=Oop [72]=Oop [136]=Oop }
                      ;*goto {reexecute=1 rethrow=0 return_oop=0}
                      ; - (reexecute) java.lang.StringLatin1::lastIndexOf@35
                      ; - java.lang.String::lastIndexOf@13
                      ; - java.lang.String::lastIndexOf@8
                      ; - java.lang.Class::getPackageName@47
                      ; - java.lang.ClassLoader::postDefineClass@2
                      ; - java.lang.ClassLoader::defineClass@37
                      ; - java.security.SecureClassLoader::defineClass@12
                      ;   {poll}
  0x0000020ec2fbf838: 0085 0041 | 83fa 027f | 8741 83fa | ff0f 8e52 | 0a00 0090 | 460f be4c | 1110 4183 | f92e 0f84 
  0x0000020ec2fbf858: 6c13 0000 | 41ff ca41 | 83fa ff7f | e7e9 330a | 0000 458b | caeb 0445 | 8d4a ff41 | 83f9 ff0f 
  0x0000020ec2fbf878: 8450 0200 | 0045 85c9 | 0f8c be17 | 0000 443b | cf0f 8ff1 | 1700 0044 | 3bcf 0f84 | 6a08 0000 
  0x0000020ec2fbf898: 4585 c90f | 84d9 0900 | 0049 8b9f | b801 0000 | 4c8b d349 | 83c2 184d | 3b97 c801 | 0000 0f83 
  0x0000020ec2fbf8b8: 0710 0000 | 4d89 97b8 | 0100 0041 | 0f0d 8ac0 | 0000 0048 | c703 0100 

  0x0000020ec2fbf8d0: ;   {metadata('java/lang/String')}
  0x0000020ec2fbf8d0: 0000 c743 | 0878 e800 | 0044 8963 | 0c4c 8963 | 104c 8d59 | 1045 3bc8 | 0f85 9900 | 0000 4d63 
  0x0000020ec2fbf8f0: c841 81f8 | 0000 1000 | 0f87 4911 | 0000 498b | b7b8 0100 | 004d 8d51 | 1749 83e2 | f848 8bfe 
  0x0000020ec2fbf910: 4903 fa49 | 3bbf c801 | 0000 0f83 | 2711 0000 | 4989 bfb8 | 0100 000f | 0d8f c000 | 0000 48c7 
  0x0000020ec2fbf930: 0601 0000 | 000f 0d8f | 0001 0000 

  0x0000020ec2fbf93c: ;   {metadata({type array byte})}
  0x0000020ec2fbf93c: c746 0818 | 2300 0044 | 8946 0c0f | 0d8f 4001 | 0000 0f0d | 8f80 0100 | 0048 8bd6 | 4883 c210 
  0x0000020ec2fbf95c: 4983 c107 | 49c1 e903 | 498b cb4d | 8bc1 c5f8 | 7749 ba60 | 4b7d c20e | 0200 0041 

  0x0000020ec2fbf978: ;   {other}
  0x0000020ec2fbf978: ffd2 0f1f | 8400 0000 | 0000 e9d9 | 0000 0041 | 81f9 0000 | 1000 0f87 | a815 0000 | 4d63 d145 
  0x0000020ec2fbf998: 3bc1 418b | e841 0f4f | e944 3bc5 | 0f82 0616 | 0000 443b | cd0f 82fd | 1500 0049 | 83c2 1749 
  0x0000020ec2fbf9b8: 8bfa 4883 | e7f8 4181 | f900 0010 | 000f 8711 | 1000 0049 | 8bb7 b801 | 0000 4c8b | c64c 03c7 
  0x0000020ec2fbf9d8: 4d3b 87c8 | 0100 000f | 83f7 0f00 | 004d 8987 | b801 0000 | 410f 0d88 | c000 0000 | 48c7 0601 
  0x0000020ec2fbf9f8: 0000 0041 | 0f0d 8800 

  0x0000020ec2fbfa00: ;   {metadata({type array byte})}
  0x0000020ec2fbfa00: 0100 00c7 | 4608 1823 | 0000 4489 | 4e0c 410f | 0d88 4001 | 0000 410f | 0d88 8001 | 0000 488b 
  0x0000020ec2fbfa20: d648 83c2 | 1049 c1ea | 0385 ed0f | 8413 1500 | 0041 3be9 | 0f8c db0a | 0000 4883 | c7f0 48c1 
  0x0000020ec2fbfa40: ef03 498b | cb4c 8bc7 | c5f8 7749 | ba60 4b7d | c20e 0200 | 0041 ffd2 

  0x0000020ec2fbfa58: ;   {other}
  0x0000020ec2fbfa58: 0f1f 8400 | 0000 0000 | 4180 7f40 | 000f 8517 | 0a00 004c | 8bd3 4c8b | c644 8943 | 144c 8bde 
  0x0000020ec2fbfa78: 4d33 da49 | c1eb 144d | 85db 741a | 49c1 ea09 | 48b9 0000 | 1cca 0e02 | 0000 4903 | ca80 3902 
  0x0000020ec2fbfa98: 0f85 170a | 0000 4488 | 6310 4c89 | 6c24 4048 | 8bd3 4c89 | 7424 3090 

  0x0000020ec2fbfab0: ;   {optimized virtual_call}
  0x0000020ec2fbfab0: c5f8 77e8 

  0x0000020ec2fbfab4: ; ImmutableOopMap {[40]=Oop [48]=Oop [72]=Oop }
                      ;*invokevirtual intern {reexecute=0 rethrow=0 return_oop=1}
                      ; - java.lang.Class::getPackageName@65
                      ; - java.lang.ClassLoader::postDefineClass@2
                      ; - java.lang.ClassLoader::defineClass@37
                      ; - java.security.SecureClassLoader::defineClass@12
  0x0000020ec2fbfab4: a876 d9ff 

  0x0000020ec2fbfab8: ;   {other}
  0x0000020ec2fbfab8: 0f1f 8400 | a80e 0006 | 488b d84c | 8b6c 2440 | 4c8b 7424 | 3041 807f | 4000 0f85 | 5408 0000 
  0x0000020ec2fbfad8: 4d8b d64c | 8bc3 4589 | 463c 4c8b | db4d 33da | 49c1 eb14 | 4d85 db74 | 1f48 85db | 741a 49c1 
  0x0000020ec2fbfaf8: ea09 48b9 | 0000 1cca | 0e02 0000 | 4903 ca80 | 3902 0f85 | 4f08 0000 | 4c8b 5424 | 2845 8b42 
  0x0000020ec2fbfb18: 3845 85c0 | 0f84 b20f | 0000 4c8b | db8b 430c | 458b 4e30 | 85c0 0f84 | 2405 0000 | 418b 5828 
  0x0000020ec2fbfb38: 85db 0f84 | 9800 0000 | 448b 430c | 4585 c00f | 8633 1200 | 0044 8bd0 | 41c1 ea10 | 4433 d041 
  0x0000020ec2fbfb58: ffc8 4181 | e2ff ffff | 7f45 23c2 | 4d63 c046 | 8b44 8310 | 4585 c074 | 6741 8b68 | 0c41 3bea 
  0x0000020ec2fbfb78: 7442 85ed | 0f8d 5c03 | 0000 ba45 | ffff ff4c | 8974 2430 | 488b 4c24 | 4848 894c | 2438 4489 
  0x0000020ec2fbfb98: 4c24 504c | 895c 2458 | 4489 4424 | 5444 8954 | 2460 6690 

  0x0000020ec2fbfbac: ;   {runtime_call UncommonTrapBlob}
  0x0000020ec2fbfbac: c5f8 77e8 

  0x0000020ec2fbfbb0: ; ImmutableOopMap {[40]=Oop [48]=Oop [56]=Oop [80]=NarrowOop [84]=NarrowOop [88]=Oop }
                      ;*ifge {reexecute=1 rethrow=0 return_oop=0}
                      ; - (reexecute) java.util.concurrent.ConcurrentHashMap::get@86
                      ; - java.lang.ClassLoader::getNamedPackage@5
                      ; - java.lang.ClassLoader::postDefineClass@9
                      ; - java.lang.ClassLoader::defineClass@37
                      ; - java.security.SecureClassLoader::defineClass@12
  0x0000020ec2fbfbb0: cc47 83ff 

  0x0000020ec2fbfbb4: ;   {other}
  0x0000020ec2fbfbb4: 0f1f 8400 | a40f 0007 | 418b 6810 | 488b cd49 | 3bcb 0f85 | 0502 0000 | 418b 6814 | 85ed 0f85 
  0x0000020ec2fbfbd4: b403 0000 | 498b 87b8 | 0100 004c | 8bd0 4983 | c218 4d3b | 97c8 0100 | 000f 831f | 0d00 004d 
  0x0000020ec2fbfbf4: 8997 b801 | 0000 410f | 0d8a c000 | 0000 48c7 | 0001 0000 

  0x0000020ec2fbfc08: ;   {metadata('java/lang/NamedPackage')}
  0x0000020ec2fbfc08: 00c7 4008 | e8c0 0100 | 4489 600c | 4c89 6010 | 4c89 6c24 | 204c 8974 | 2430 4c89 | 5c24 3844 
  0x0000020ec2fbfc28: 894c 2440 | 4889 4424 | 5048 8b54 | 2438 6690 

  0x0000020ec2fbfc38: ;   {optimized virtual_call}
  0x0000020ec2fbfc38: c5f8 77e8 

  0x0000020ec2fbfc3c: ; ImmutableOopMap {[40]=Oop [48]=Oop [56]=Oop [64]=NarrowOop [72]=Oop [80]=Oop }
                      ;*invokevirtual isEmpty {reexecute=0 rethrow=0 return_oop=0}
                      ; - java.lang.NamedPackage::<init>@5
                      ; - java.lang.ClassLoader::getNamedPackage@22
                      ; - java.lang.ClassLoader::postDefineClass@9
                      ; - java.lang.ClassLoader::defineClass@37
                      ; - java.security.SecureClassLoader::defineClass@12
  0x0000020ec2fbfc3c: 40ee 82ff 

  0x0000020ec2fbfc40: ;   {other}
  0x0000020ec2fbfc40: 0f1f 8400 | 3010 0008 | 85c0 0f84 | bf04 0000 | 448b 5c24 | 4045 85db | 0f84 5612 | 0000 4d8b 
  0x0000020ec2fbfc60: d34c 8954 | 2458 498b | d266 6690 

  0x0000020ec2fbfc6c: ;   {optimized virtual_call}
  0x0000020ec2fbfc6c: c5f8 77e8 

  0x0000020ec2fbfc70: ; ImmutableOopMap {[40]=Oop [48]=Oop [56]=Oop [64]=NarrowOop [72]=Oop [80]=Oop [88]=Oop }
                      ;*invokevirtual isNamed {reexecute=0 rethrow=0 return_oop=0}
                      ; - java.lang.NamedPackage::<init>@12
                      ; - java.lang.ClassLoader::getNamedPackage@22
                      ; - java.lang.ClassLoader::postDefineClass@9
                      ; - java.lang.ClassLoader::defineClass@37
                      ; - java.security.SecureClassLoader::defineClass@12
  0x0000020ec2fbfc70: 0cee 82ff 

  0x0000020ec2fbfc74: ;   {other}
  0x0000020ec2fbfc74: 0f1f 8400 | 6410 0009 | 85c0 0f84 | 8b04 0000 | 498b 87b8 | 0100 004c | 8bd0 4983 | c228 4d3b 
  0x0000020ec2fbfc94: 97c8 0100 | 000f 83ca | 0c00 004d | 8997 b801 | 0000 410f | 0d8a c000 | 0000 48c7 | 0001 0000 
  0x0000020ec2fbfcb4: ;   {metadata('java/lang/InternalError')}
  0x0000020ec2fbfcb4: 00c7 4008 | 3807 0100 | 4489 600c | 4c89 6010 | 4c89 6018 | 4c89 6020 | 4889 4424 | 7049 8b87 
  0x0000020ec2fbfcd4: b801 0000 | 4c8b d049 | 83c2 184d | 3b97 c801 | 0000 0f83 | 5d0c 0000 | 4d89 97b8 | 0100 0041 
  0x0000020ec2fbfcf4: 0f0d 8ac0 | 0000 0048 | c700 0100 

  0x0000020ec2fbfd00: ;   {metadata('java/lang/StringBuilder')}
  0x0000020ec2fbfd00: 0000 c740 | 0840 8000 | 0044 8960 | 0c4c 8960 | 1048 8be8 | 488b d54c | 8b54 2470 | 4c89 5424 
  0x0000020ec2fbfd20: 6866 6690 

  0x0000020ec2fbfd24: ;   {optimized virtual_call}
  0x0000020ec2fbfd24: c5f8 77e8 

  0x0000020ec2fbfd28: ; ImmutableOopMap {rbp=Oop [40]=Oop [48]=Oop [56]=Oop [64]=NarrowOop [72]=Oop [80]=Oop [88]=Oop [104]=Oop [112]=Oop }
                      ;*invokespecial <init> {reexecute=0 rethrow=0 return_oop=0}
                      ; - java.lang.NamedPackage::<init>@26
                      ; - java.lang.ClassLoader::getNamedPackage@22
                      ; - java.lang.ClassLoader::postDefineClass@9
                      ; - java.lang.ClassLoader::defineClass@37
                      ; - java.security.SecureClassLoader::defineClass@12
  0x0000020ec2fbfd28: 54ed 82ff 

  0x0000020ec2fbfd2c: ;   {other}
  0x0000020ec2fbfd2c: 0f1f 8400 | 1c11 000a 

  0x0000020ec2fbfd34: ;   {oop("unnamed package in  "{0x00000000e0db82c8})}
  0x0000020ec2fbfd34: 49b8 c882 | dbe0 0000 | 0000 488b | d54c 8b54 | 2468 4c89 | 5424 6090 

  0x0000020ec2fbfd4c: ;   {optimized virtual_call}
  0x0000020ec2fbfd4c: c5f8 77e8 

  0x0000020ec2fbfd50: ; ImmutableOopMap {[40]=Oop [48]=Oop [56]=Oop [64]=NarrowOop [72]=Oop [80]=Oop [88]=Oop [96]=Oop [104]=Oop }
                      ;*invokevirtual append {reexecute=0 rethrow=0 return_oop=1}
                      ; - java.lang.NamedPackage::<init>@31
                      ; - java.lang.ClassLoader::getNamedPackage@22
                      ; - java.lang.ClassLoader::postDefineClass@9
                      ; - java.lang.ClassLoader::defineClass@37
                      ; - java.security.SecureClassLoader::defineClass@12
  0x0000020ec2fbfd50: 2ced 82ff 

  0x0000020ec2fbfd54: ;   {other}
  0x0000020ec2fbfd54: 0f1f 8400 | 4411 000b | 4885 c00f | 84a7 1100 | 0048 8bd0 | 4c8b 4424 | 584c 8b54 | 2460 4c89 
  0x0000020ec2fbfd74: 5424 2090 

  0x0000020ec2fbfd78: ;   {optimized virtual_call}
  0x0000020ec2fbfd78: c5f8 77e8 

  0x0000020ec2fbfd7c: ; ImmutableOopMap {[32]=Oop [40]=Oop [48]=Oop [56]=Oop [64]=NarrowOop [72]=Oop [80]=Oop [96]=Oop }
                      ;*invokevirtual append {reexecute=0 rethrow=0 return_oop=1}
                      ; - java.lang.NamedPackage::<init>@35
                      ; - java.lang.ClassLoader::getNamedPackage@22
                      ; - java.lang.ClassLoader::postDefineClass@9
                      ; - java.lang.ClassLoader::defineClass@37
                      ; - java.security.SecureClassLoader::defineClass@12
  0x0000020ec2fbfd7c: 00ed 82ff 

  0x0000020ec2fbfd80: ;   {other}
  0x0000020ec2fbfd80: 0f1f 8400 | 7011 000c | 4885 c00f | 8493 1100 | 0048 8bd0 

  0x0000020ec2fbfd94: ;   {optimized virtual_call}
  0x0000020ec2fbfd94: c5f8 77e8 

  0x0000020ec2fbfd98: ; ImmutableOopMap {[32]=Oop [40]=Oop [48]=Oop [56]=Oop [64]=NarrowOop [72]=Oop [80]=Oop }
                      ;*invokevirtual toString {reexecute=0 rethrow=0 return_oop=1}
                      ; - java.lang.NamedPackage::<init>@38
                      ; - java.lang.ClassLoader::getNamedPackage@22
                      ; - java.lang.ClassLoader::postDefineClass@9
                      ; - java.lang.ClassLoader::defineClass@37
                      ; - java.security.SecureClassLoader::defineClass@12
  0x0000020ec2fbfd98: e4ec 82ff 

  0x0000020ec2fbfd9c: ;   {other}
  0x0000020ec2fbfd9c: 0f1f 8400 | 8c11 000d | 488b 5424 | 204c 8bc0 

  0x0000020ec2fbfdac: ;   {optimized virtual_call}
  0x0000020ec2fbfdac: c5f8 77e8 

  0x0000020ec2fbfdb0: ; ImmutableOopMap {[32]=Oop [40]=Oop [48]=Oop [56]=Oop [64]=NarrowOop [72]=Oop [80]=Oop }
                      ;*invokespecial <init> {reexecute=0 rethrow=0 return_oop=0}
                      ; - java.lang.NamedPackage::<init>@41
                      ; - java.lang.ClassLoader::getNamedPackage@22
                      ; - java.lang.ClassLoader::postDefineClass@9
                      ; - java.lang.ClassLoader::defineClass@37
                      ; - java.security.SecureClassLoader::defineClass@12
  0x0000020ec2fbfdb0: ccec 82ff 

  0x0000020ec2fbfdb4: ;   {other}
  0x0000020ec2fbfdb4: 0f1f 8400 | a411 000e | 488b 5424 | 20c5 f877 | 4881 c4b0 | 0000 005d 

  0x0000020ec2fbfdcc: ;   {runtime_call _rethrow_Java}
  0x0000020ec2fbfdcc: e9af 8f87 | ff8b 4d08 | 488b fd4c | 3bdf 0f84 | ecfd ffff 

  0x0000020ec2fbfde0: ;   {metadata('java/lang/String')}
  0x0000020ec2fbfde0: 81f9 78e8 | 0000 0f85 | f200 0000 | 410f be5b | 100f be6f | 103b dd0f | 8547 1300 | 008b 5f14 
  0x0000020ec2fbfe00: 418b 5314 | 8b7b 0c8b | 4a0c 3bcf | 0f85 cc00 | 0000 488b | fb48 8d73 | 1048 8bda | 488d 7a10 
  0x0000020ec2fbfe20: 85c9 0f84 | 9d00 0000 | 8bc1 83e0 | 1f83 e1e0 | 0f84 4b00 | 0000 488d | 3c0f 488d | 340e 48f7 
  0x0000020ec2fbfe40: d9c5 fe6f | 040f c5fe | 6f0c 0ec5 | fdef c1c4 | e27d 17c0 | 0f85 7200 | 0000 4883 | c120 75e1 
  0x0000020ec2fbfe60: 85c0 0f84 | 5d00 0000 | c5fe 6f44 | 07e0 c5fe | 6f4c 06e0 | c5fd efc1 | c4e2 7d17 | c075 4deb 
  0x0000020ec2fbfe80: 448b c883 | e1fc 7419 | 488d 3c0f | 488d 340e | 48f7 d98b | 1c0f 3b1c | 0e75 3148 | 83c1 0475 
  0x0000020ec2fbfea0: f2a8 0274 | 120f b71f | 0fb7 0e3b | d975 1d48 | 8d7f 0248 | 8d76 02a8 | 0174 0a0f | b61f 0fb6 
  0x0000020ec2fbfec0: 0e3b d975 | 07b8 0100 | 0000 eb02 | 33c0 c5fd | efc0 c5f5 | efc9 85c0 | 0f85 eefc 

  0x0000020ec2fbfedc: ;   {no_reloc}
  0x0000020ec2fbfedc: ffff 458b | 4018 4585 | c00f 84ed | fcff ff49 | 8bc8 8b59 | 0c49 8b97 

  0x0000020ec2fbfef4: ; ImmutableOopMap {r11=Oop r9=NarrowOop rcx=Oop r14=Oop [40]=Oop [72]=Oop }
                      ;*if_icmpne {reexecute=1 rethrow=0 return_oop=0}
                      ; - (reexecute) java.util.concurrent.ConcurrentHashMap::get@127
                      ; - java.lang.ClassLoader::getNamedPackage@5
                      ; - java.lang.ClassLoader::postDefineClass@9
                      ; - java.lang.ClassLoader::defineClass@37
                      ; - java.security.SecureClassLoader::defineClass@12
  0x0000020ec2fbfef4: 5804 0000 

  0x0000020ec2fbfef8: ;   {poll}
  0x0000020ec2fbfef8: 8502 413b | da74 1244 | 8b41 1845 | 85c0 0f84 | ccfc ffff | 498b c8eb | dd8b 6910 | 4c8b c54d 
  0x0000020ec2fbff18: 3bc3 7465 | 85ed 0f84 | b812 0000 | 4889 4c24 | 5044 8954 | 2444 4489 | 4c24 404c | 8974 2430 
  0x0000020ec2fbff38: 4c89 6c24 | 204c 8bc5 | 498b d349 | 8beb 6690 

  0x0000020ec2fbff48: ;   {optimized virtual_call}
  0x0000020ec2fbff48: c5f8 77e8 

  0x0000020ec2fbff4c: ; ImmutableOopMap {rbp=Oop [40]=Oop [48]=Oop [64]=NarrowOop [72]=Oop [80]=Oop }
                      ;*invokevirtual equals {reexecute=0 rethrow=0 return_oop=0}
                      ; - java.util.concurrent.ConcurrentHashMap::get@149
                      ; - java.lang.ClassLoader::getNamedPackage@5
                      ; - java.lang.ClassLoader::postDefineClass@9
                      ; - java.lang.ClassLoader::defineClass@37
                      ; - java.security.SecureClassLoader::defineClass@12
  0x0000020ec2fbff4c: 30eb 82ff 

  0x0000020ec2fbff50: ;   {other}
  0x0000020ec2fbff50: 0f1f 8400 | 4013 0010 | 4d8b 9758 

  0x0000020ec2fbff5c: ; ImmutableOopMap {rbp=Oop [40]=Oop [48]=Oop [64]=NarrowOop [72]=Oop [80]=Oop }
                      ;*ifeq {reexecute=1 rethrow=0 return_oop=0}
                      ; - (reexecute) java.util.concurrent.ConcurrentHashMap::get@152
                      ; - java.lang.ClassLoader::getNamedPackage@5
                      ; - java.lang.ClassLoader::postDefineClass@9
                      ; - java.lang.ClassLoader::defineClass@37
                      ; - java.security.SecureClassLoader::defineClass@12
                      ;   {poll}
  0x0000020ec2fbff5c: 0400 0041 | 8502 85c0 | 0f84 4606 | 0000 4c8b | 6c24 204c | 8b74 2430 | 4c8b dd44 | 8b4c 2440 
  0x0000020ec2fbff7c: 488b 4c24 | 508b 6914 | 85ed 0f84 | 4cfc ffff | 448b 5508 | 49bb 0000 | 00ce 0e02 | 0000 4d03 
  0x0000020ec2fbff9c: da4d 8b53 

  0x0000020ec2fbffa0: ;   {metadata('java/lang/NamedPackage')}
  0x0000020ec2fbffa0: 3849 bbe8 | c001 ce0e | 0200 004d | 3bd3 0f85 | 340d 0000 | 4c8b 5424 | 4845 8b5a | 1041 8b6b 
  0x0000020ec2fbffc0: 1485 ed0f | 8517 1100 | 0041 8b6b | 1085 ed0f | 852b 1100 | 0049 8bc6 | c5f8 7748 | 81c4 b000 
  0x0000020ec2fbffe0: ;   {poll_return}
  0x0000020ec2fbffe0: 0000 5d49 | 3ba7 5004 | 0000 0f87 | f015 0000 | c341 83fb | 040f 8625 | 1100 0041 | 807a 1161 
  0x0000020ec2fc0000: 0f85 80f2 | ffff 4180 | 7a12 760f | 8575 f2ff | ff41 807a | 1361 0f85 | 6af2 ffff | 4180 7a14 
  0x0000020ec2fc0020: 2e0f 855f 

  0x0000020ec2fc0024: ;   {oop(a 'jdk/internal/loader/ClassLoaders$PlatformClassLoader'{0x00000000e07c8f58})}
  0x0000020ec2fc0024: f2ff ff48 | b958 8f7c | e000 0000 | 0048 8b5c | 2428 483b | d90f 8561 

  0x0000020ec2fc003c: ;   {oop(a 'jdk/internal/loader/ClassLoaders$PlatformClassLoader'{0x00000000e07c8f58})}
  0x0000020ec2fc003c: 1200 0048 | bb58 8f7c | e000 0000 | 00e9 3df2 | ffff 4c8b | 6c24 30e9 | b2f5 ffff | 440f b653 
  0x0000020ec2fc005c: 1145 85d2 | 0f85 6b05 | 0000 440f | be53 1045 | 85d2 0f85 | a011 0000 | 4489 4c24 | 4448 895c 
  0x0000020ec2fc007c: 2438 4c89 | 7424 304c | 896c 2420 | 448b 5314 | 498b e844 | 8944 2440 | 498b d290 

  0x0000020ec2fc0098: ;   {static_call}
  0x0000020ec2fc0098: c5f8 77e8 

  0x0000020ec2fc009c: ; ImmutableOopMap {rbp=Oop [40]=Oop [48]=Oop [56]=Oop [64]=NarrowOop [68]=NarrowOop [72]=Oop }
                      ;*invokestatic hashCode {reexecute=0 rethrow=0 return_oop=0}
                      ; - java.lang.String::hashCode@27
                      ; - java.util.concurrent.ConcurrentHashMap::get@1
                      ; - java.lang.ClassLoader::getNamedPackage@5
                      ; - java.lang.ClassLoader::postDefineClass@9
                      ; - java.lang.ClassLoader::defineClass@37
                      ; - java.security.SecureClassLoader::defineClass@12
  0x0000020ec2fc009c: e0ef 82ff 

  0x0000020ec2fc00a0: ;   {other}
  0x0000020ec2fc00a0: 0f1f 8400 | 9014 0012 | 85c0 0f84 | 3d07 0000 | 4c8b 5c24 | 3841 8943 | 0c4c 8b6c | 2420 4c8b 
  0x0000020ec2fc00c0: 7424 3044 | 8b44 2440 | 448b 4c24 | 44e9 62fa | ffff 4889 | 4424 3048 | 8bd0 6690 

  0x0000020ec2fc00dc: ;   {optimized virtual_call}
  0x0000020ec2fc00dc: c5f8 77e8 

  0x0000020ec2fc00e0: ; ImmutableOopMap {[40]=Oop [48]=Oop [72]=Oop [144]=Oop }
                      ;*invokevirtual initClassName {reexecute=0 rethrow=0 return_oop=1}
                      ; - java.lang.Class::getName@14
                      ; - java.lang.Class::getPackageName@40
                      ; - java.lang.ClassLoader::postDefineClass@2
                      ; - java.lang.ClassLoader::defineClass@37
                      ; - java.security.SecureClassLoader::defineClass@12
  0x0000020ec2fc00e0: 7cc4 dbff 

  0x0000020ec2fc00e4: ;   {other}
  0x0000020ec2fc00e4: 0f1f 8400 | d414 0013 | 4c8b d848 | 85c0 0f84 | cc10 0000 | 4c8b 7424 | 30e9 35f6 | ffff 4c89 
  0x0000020ec2fc0104: 6c24 4049 | 8bdb e998 | f9ff ff44 | 8b5c 2440 | 498b eb48 | 8b54 2438 

  0x0000020ec2fc011c: ;   {optimized virtual_call}
  0x0000020ec2fc011c: c5f8 77e8 

  0x0000020ec2fc0120: ; ImmutableOopMap {rbp=Oop [40]=Oop [48]=Oop [56]=Oop [64]=NarrowOop [72]=Oop [80]=Oop }
                      ;*invokevirtual intern {reexecute=0 rethrow=0 return_oop=1}
                      ; - java.lang.NamedPackage::<init>@47
                      ; - java.lang.ClassLoader::getNamedPackage@22
                      ; - java.lang.ClassLoader::postDefineClass@9
                      ; - java.lang.ClassLoader::defineClass@37
                      ; - java.security.SecureClassLoader::defineClass@12
  0x0000020ec2fc0120: 5ce9 82ff 

  0x0000020ec2fc0124: ;   {other}
  0x0000020ec2fc0124: 0f1f 8400 | 1415 0014 | 488b d841 | 807f 4000 | 0f85 2605 | 0000 4c8b | 5424 504c | 8954 2458 
  0x0000020ec2fc0144: 4c8b c34d | 8bd8 4c8b | 5424 5845 | 895a 0c4d | 8bd8 4d33 | da49 c1eb | 144d 85db | 741f 4d85 
  0x0000020ec2fc0164: c074 1a49 | c1ea 0948 | b900 001c | ca0e 0200 | 0049 03ca | 8039 020f | 857b 0500 | 0041 807f 
  0x0000020ec2fc0184: 4000 0f85 | 9c04 0000 | 448b 5424 | 4044 8954 | 2450 4c8b | 5424 5844 | 8b44 2440 | 4589 4210 
  0x0000020ec2fc01a4: 4c8b d54c | 8b5c 2458 | 4d33 d349 | c1ea 144d | 85d2 741b | 4585 c074 | 1649 c1eb | 094c 8b44 
  0x0000020ec2fc01c4: 2420 4d03 | c341 8038 | 020f 85d4 | 0400 004c | 8b54 2428 | 458b 5a38 | 4585 db0f | 849b 0f00 
  0x0000020ec2fc01e4: 0049 8bd3 | 4c8b 4424 | 384c 8b4c | 2458 6690 

  0x0000020ec2fc01f4: ;   {optimized virtual_call}
  0x0000020ec2fc01f4: c5f8 77e8 

  0x0000020ec2fc01f8: ; ImmutableOopMap {[40]=Oop [48]=Oop [72]=Oop [80]=NarrowOop [88]=Oop }
                      ;*invokevirtual putIfAbsent {reexecute=0 rethrow=0 return_oop=1}
                      ; - java.lang.ClassLoader::getNamedPackage@32
                      ; - java.lang.ClassLoader::postDefineClass@9
                      ; - java.lang.ClassLoader::defineClass@37
                      ; - java.security.SecureClassLoader::defineClass@12
  0x0000020ec2fc01f8: 84e8 82ff 

  0x0000020ec2fc01fc: ;   {other}
  0x0000020ec2fc01fc: 0f1f 8400 | ec15 0015 | 4885 c00f | 8490 0400 | 0044 8b58 | 0849 ba00 | 0000 ce0e | 0200 004d 
  0x0000020ec2fc021c: 03d3 4d8b 

  0x0000020ec2fc0220: ;   {metadata('java/lang/NamedPackage')}
  0x0000020ec2fc0220: 5238 49bb | e8c0 01ce | 0e02 0000 | 4d3b d30f | 8463 0f00 | 00ba deff | ffff 488b | e866 6690 
  0x0000020ec2fc0240: ;   {runtime_call UncommonTrapBlob}
  0x0000020ec2fc0240: c5f8 77e8 

  0x0000020ec2fc0244: ; ImmutableOopMap {rbp=Oop }
                      ;*checkcast {reexecute=0 rethrow=0 return_oop=0}
                      ; - java.lang.ClassLoader::getNamedPackage@35
                      ; - java.lang.ClassLoader::postDefineClass@9
                      ; - java.lang.ClassLoader::defineClass@37
                      ; - java.security.SecureClassLoader::defineClass@12
  0x0000020ec2fc0244: 3841 83ff 

  0x0000020ec2fc0248: ;   {other}
  0x0000020ec2fc0248: 0f1f 8400 | 3816 0016 | 8bcf e94a | f1ff ff45 | 8bca e914 

  0x0000020ec2fc025c: ;   {oop(""{0x00000000e07d6af0})}
  0x0000020ec2fc025c: f6ff ff49 | bdf0 6a7d | e000 0000 | 00e9 9cf3 | ffff 33f6 | b9ff ffff | ffe9 2cf1 

  0x0000020ec2fc0278: ;   {oop(""{0x00000000e07d6af0})}
  0x0000020ec2fc0278: ffff 48bb | f06a 7de0 | 0000 0000 | e919 f8ff 

  0x0000020ec2fc0288: ;   {oop(""{0x00000000e07d6af0})}
  0x0000020ec2fc0288: ff48 bbf0 | 6a7d e000 | 0000 0049 | bd00 001c | ca0e 0200 | 0041 b9ff | ffff ffe9 | cbf5 ffff 
  0x0000020ec2fc02a8: 458b 5d14 | 4585 db0f | 8421 f3ff | ff4d 8b47 | 2849 8bcb | 4d85 c00f | 8407 0c00 | 004d 8b5f 
  0x0000020ec2fc02c8: 384b 894c | 03f8 4983 | c0f8 4d89 | 4728 e9fb | f2ff ff4d | 8b57 484d | 8b5f 58f0 | 8344 24c0 
  0x0000020ec2fc02e8: 0080 3900 | 0f84 14f3 | ffff 4488 | 214d 85d2 | 7520 498b | d7c5 f877 | 49ba 00a4 | 6a0f f87f 
  0x0000020ec2fc0308: 0000 41ff 

  0x0000020ec2fc030c: ;   {other}
  0x0000020ec2fc030c: d20f 1f84 | 0000 0000 | 00e9 ecf2 | ffff 4b89 | 4c13 f849 | 83c2 f84d | 8957 48e9 | daf2 ffff 
  0x0000020ec2fc032c: 458b 563c | 4585 d20f | 849f f7ff | ff4d 8b5f | 2849 8bca | 4d85 db0f | 84db 0c00 | 004d 8b57 
  0x0000020ec2fc034c: 384b 894c | 1af8 4983 | c3f8 4d89 | 5f28 e979 | f7ff ff4d | 8b57 484d | 8b5f 58f0 | 8344 24c0 
  0x0000020ec2fc036c: 0080 3900 | 0f84 9af7 | ffff 4488 | 214d 85d2 | 7520 498b | d7c5 f877 | 49ba 00a4 | 6a0f f87f 
  0x0000020ec2fc038c: 0000 41ff 

  0x0000020ec2fc0390: ;   {other}
  0x0000020ec2fc0390: d20f 1f84 | 0000 0000 | 00e9 72f7 | ffff 4b89 | 4c13 f849 | 83c2 f84d | 8957 48e9 | 60f7 ffff 
  0x0000020ec2fc03b0: c4e1 f96e | c24c 896c | 2450 4489 | 7424 4848 | 895c 2420 | 4c8b df44 | 8bf6 4c63 | c549 8d48 
  0x0000020ec2fc03d0: 1048 8bd1 | 4883 e2f8 | 498b fa48 | 03fa 498b | ea48 c1e9 | 034c 2bc9 | 498b c948 | 33c0 4883 
  0x0000020ec2fc03f0: f908 7f10 | 48ff c978 | 4f48 8904 | cf48 ffc9 | 7df7 eb44 | c5f5 efc9 | e90d 0000 | 00c5 fe7f 
  0x0000020ec2fc0410: 0fc5 fe7f | 4f20 4883 | c740 4883 | e908 7ded | 4883 c104 | 7c0c c5fe | 7f0f 4883 | c720 4883 
  0x0000020ec2fc0430: e904 4883 | c104 7e10 | 48ff c9c5 | f9d6 0f48 | 83c7 0848 | ffc9 7df3 | 498b cbc4 | e1f9 7ec2 
  0x0000020ec2fc0450: c5f8 7749 | bac0 447d | c20e 0200 | 0041 ffd2 

  0x0000020ec2fc0460: ;   {other}
  0x0000020ec2fc0460: 0f1f 8400 | 0000 0000 | 418b f648 | 8b5c 2420 | 448b 7424 | 484c 8b6c | 2450 4c8b | d5e9 49f1 
  0x0000020ec2fc0480: ffff 448b | 5314 4585 | d20f 84dc | f5ff ff4d | 8b5f 2849 | 8bca 4d85 | db0f 8421 | 0c00 004d 
  0x0000020ec2fc04a0: 8b57 384b | 894c 1af8 | 4983 c3f8 | 4d89 5f28 | e9b6 f5ff | ff4d 8b57 | 484d 8b5f | 58f0 8344 
  0x0000020ec2fc04c0: 24c0 0080 | 3900 0f84 | d2f5 ffff | 4488 214d | 85d2 7520 | 498b d7c5 | f877 49ba | 00a4 6a0f 
  0x0000020ec2fc04e0: f87f 0000 

  0x0000020ec2fc04e4: ;   {other}
  0x0000020ec2fc04e4: 41ff d20f | 1f84 0000 | 0000 00e9 | aaf5 ffff | 4b89 4c13 | f849 83c2 | f84d 8957 | 48e9 98f5 
  0x0000020ec2fc0504: ;   {oop(""{0x00000000e07d6af0})}
  0x0000020ec2fc0504: ffff 49bd | f06a 7de0 | 0000 0000 | e9f5 f0ff | ff4c 63c5 | 4d8d 4810 | 498b c948 | 83e1 f848 
  0x0000020ec2fc0524: 8bfe 4803 | f949 c1e9 | 034d 2bd1 | 498b ca48 | 33c0 4883 | f908 7f10 | 48ff c978 | 4f48 8904 
  0x0000020ec2fc0544: cf48 ffc9 | 7df7 eb44 | c5fd efc0 | e90d 0000 | 00c5 fe7f | 07c5 fe7f | 4720 4883 | c740 4883 
  0x0000020ec2fc0564: e908 7ded | 4883 c104 | 7c0c c5fe | 7f07 4883 | c720 4883 | e904 4883 | c104 7e10 | 48ff c9c5 
  0x0000020ec2fc0584: f9d6 0748 | 83c7 0848 | ffc9 7df3 | 498b cbc5 | f877 49ba | c044 7dc2 | 0e02 0000 

  0x0000020ec2fc05a0: ;   {other}
  0x0000020ec2fc05a0: 41ff d20f | 1f84 0000 | 0000 00e9 | b0f4 ffff | 4c8b 6c24 | 204c 8b74 | 2430 4c8b | dd44 8b4c 
  0x0000020ec2fc05c0: 2440 448b | 5424 444c | 8b44 2450 | e90d f9ff | ff33 c0e9 | 5cf5 ffff 

  0x0000020ec2fc05d8: ;   {metadata('java/security/SecureClassLoader$1')}
  0x0000020ec2fc05d8: 48ba 50ba | 11ce 0e02 | 0000 4c89 | 4424 5090 

  0x0000020ec2fc05e8: ;   {runtime_call _new_instance_Java}
  0x0000020ec2fc05e8: c5f8 77e8 

  0x0000020ec2fc05ec: ; ImmutableOopMap {rbp=NarrowOop [40]=Oop [48]=Oop [56]=Oop [80]=Oop }
                      ;*new {reexecute=0 rethrow=0 return_oop=1}
                      ; - java.security.SecureClassLoader::getProtectionDomain@20
                      ; - java.security.SecureClassLoader::defineClass@9
  0x0000020ec2fc05ec: 9027 87ff 

  0x0000020ec2fc05f0: ;   {other}
  0x0000020ec2fc05f0: 0f1f 8400 | e019 0017 | 4c8b c84c | 8b44 2450 | e9fe eaff 

  0x0000020ec2fc0604: ;   {metadata('java/security/SecureClassLoader$CodeSourceKey')}
  0x0000020ec2fc0604: ff48 bab8 | b411 ce0e | 0200 0090 

  0x0000020ec2fc0610: ;   {runtime_call _new_instance_Java}
  0x0000020ec2fc0610: c5f8 77e8 

  0x0000020ec2fc0614: ; ImmutableOopMap {rbp=Oop [40]=Oop [48]=Oop [56]=Oop }
                      ;*new {reexecute=0 rethrow=0 return_oop=1}
                      ; - java.security.SecureClassLoader::getProtectionDomain@6
                      ; - java.security.SecureClassLoader::defineClass@9
  0x0000020ec2fc0614: 6827 87ff 

  0x0000020ec2fc0618: ;   {other}
  0x0000020ec2fc0618: 0f1f 8400 | 081a 0018 | 4c8b c0e9 | 92ea ffff | 4c8b 5424 | 5845 8b5a | 1045 85db | 0f84 52fb 
  0x0000020ec2fc0638: ffff 4d8b | 5728 498b | cb4d 85d2 | 0f84 160c | 0000 4d8b | 5f38 4b89 | 4c13 f849 | 83c2 f84d 
  0x0000020ec2fc0658: 8957 28e9 | 2cfb ffff | 4c8b 5424 | 504c 8954 | 2458 458b | 520c 4585 | d20f 84cd | faff ff4d 
  0x0000020ec2fc0678: 8b5f 2849 | 8bca 4d85 | db0f 84f9 | 0b00 004d | 8b57 384b | 894c 1af8 | 4983 c3f8 | 4d89 5f28 
  0x0000020ec2fc0698: e9a7 faff | ff4c 8b74 | 2430 e90d | f9ff ff4d | 8b57 484d | 8b5f 58f0 | 8344 24c0 | 0041 8038 
  0x0000020ec2fc06b8: 000f 8414 | fbff ff45 | 8820 4d85 | d275 2349 | 8bc8 498b | d7c5 f877 | 49ba 00a4 | 6a0f f87f 
  0x0000020ec2fc06d8: 0000 41ff 

  0x0000020ec2fc06dc: ;   {other}
  0x0000020ec2fc06dc: d20f 1f84 | 0000 0000 | 00e9 e9fa | ffff 4f89 | 4413 f849 | 83c2 f84d | 8957 48e9 | d7fa ffff 
  0x0000020ec2fc06fc: 4d8b 5758 | 4d8b 5f48 | f083 4424 | c000 8039 | 000f 846e | faff ff44 | 8821 4d85 | db75 2049 
  0x0000020ec2fc071c: 8bd7 c5f8 | 7749 ba00 | a46a 0ff8 | 7f00 0041 

  0x0000020ec2fc072c: ;   {other}
  0x0000020ec2fc072c: ffd2 0f1f | 8400 0000 | 0000 e946 | faff ff4b | 894c 1af8 | 4983 c3f8 | 4d89 5f48 | e934 faff 
  0x0000020ec2fc074c: ff89 4c24 | 7844 8974 | 245c 4889 | 5c24 704c | 8944 2468 | c5fb 1144 | 2460 8974 | 2458 4489 
  0x0000020ec2fc076c: 5c24 5444 | 8954 2450 | 4c8b 9424 | 9000 0000 | 4c89 5424 | 484c 8b54 | 2430 4c89 | 5424 2048 
  0x0000020ec2fc078c: 8b6c 2428 

  0x0000020ec2fc0790: ;   {metadata('java/lang/String')}
  0x0000020ec2fc0790: 48ba 78e8 | 00ce 0e02 | 0000 6690 

  0x0000020ec2fc079c: ;   {runtime_call _new_instance_Java}
  0x0000020ec2fc079c: c5f8 77e8 

  0x0000020ec2fc07a0: ; ImmutableOopMap {rbp=Oop [32]=Oop [56]=Oop [72]=Oop [80]=NarrowOop [92]=NarrowOop [96]=Oop [104]=Derived_oop_[96] [112]=Oop [144]=Oop }
                      ;*new {reexecute=0 rethrow=0 return_oop=1}
                      ; - java.lang.StringLatin1::newString@7
                      ; - java.lang.String::substring@41
                      ; - java.lang.ClassLoader::checkCerts@21
                      ; - java.lang.ClassLoader::preDefineClass@113
                      ; - java.lang.ClassLoader::defineClass@4
                      ; - java.security.SecureClassLoader::defineClass@12
  0x0000020ec2fc07a0: dc25 87ff 

  0x0000020ec2fc07a4: ;   {other}
  0x0000020ec2fc07a4: 0f1f 8400 | 941b 0019 | 4889 6c24 | 284c 8b54 | 2420 4c89 | 5424 3044 | 8b54 2450 | 448b 5c24 
  0x0000020ec2fc07c4: 548b 7424 | 58c5 fb10 | 4424 604c | 8b4c 2468 | 488b 5c24 | 7044 8b74 | 245c 8b4c | 2478 4c8b 
  0x0000020ec2fc07e4: e84d 8bc1 | e926 ecff | ff4c 8b5c | 2438 41c6 | 4311 0133 | c04c 8b6c | 2420 4c8b | 7424 3044 
  0x0000020ec2fc0804: 8b44 2440 | 448b 4c24 | 44e9 22f3 | ffff 4c89 | 8424 8800 | 0000 4c89 | 8c24 8000 | 0000 4c89 
  0x0000020ec2fc0824: 6c24 7889 | 4c24 7044 | 8974 2454 | 4889 5c24 | 6848 897c | 2460 c5fb | 1144 2458 | 8974 2450 
  0x0000020ec2fc0844: 4c8b 9424 | 9000 0000 | 4c89 5424 | 484c 8b54 | 2428 4c89 

  0x0000020ec2fc0858: ;   {metadata({type array byte})}
  0x0000020ec2fc0858: 5424 2048 | ba18 2300 | ce0e 0200 | 0044 8bc1 

  0x0000020ec2fc0868: ;   {runtime_call _new_array_nozero_Java}
  0x0000020ec2fc0868: c5f8 77e8 

  0x0000020ec2fc086c: ; ImmutableOopMap {[32]=Oop [48]=Oop [56]=Oop [72]=Oop [84]=NarrowOop [88]=Oop [96]=Derived_oop_[88] [104]=Oop [120]=Oop }
                      ;*newarray {reexecute=0 rethrow=0 return_oop=1}
                      ; - java.util.Arrays::copyOfRangeByte@10
                      ; - java.util.Arrays::copyOfRange@13
                      ; - java.lang.StringLatin1::newString@16
                      ; - java.lang.String::substring@41
                      ; - java.lang.ClassLoader::checkCerts@21
                      ; - java.lang.ClassLoader::preDefineClass@113
                      ; - java.lang.ClassLoader::defineClass@4
                      ; - java.security.SecureClassLoader::defineClass@12
  0x0000020ec2fc086c: 901e 87ff 

  0x0000020ec2fc0870: ;   {other}
  0x0000020ec2fc0870: 0f1f 8400 | 601c 001a | 4c8b 5c24 | 204c 895c | 2428 4c8b | 5c24 484c | 899c 2490 | 0000 008b 
  0x0000020ec2fc0890: 7424 5048 | 8b7c 2460 | 488b 5c24 | 6844 8b74 | 2454 8b4c | 2470 4c8b | 6c24 784c | 8b8c 2480 
  0x0000020ec2fc08b0: 0000 004c | 8b84 2488 | 0000 004c | 8bd0 e9c4 | ecff ff44 | 894c 243c | 4489 4424 | 3889 4c24 
  0x0000020ec2fc08d0: 244c 8974 | 2430 498b 

  0x0000020ec2fc08d8: ;   {metadata('java/lang/String')}
  0x0000020ec2fc08d8: ed48 ba78 | e800 ce0e | 0200 0090 

  0x0000020ec2fc08e4: ;   {runtime_call _new_instance_Java}
  0x0000020ec2fc08e4: c5f8 77e8 

  0x0000020ec2fc08e8: ; ImmutableOopMap {[36]=NarrowOop [40]=Oop [48]=Oop [72]=Oop [136]=Oop }
                      ;*new {reexecute=0 rethrow=0 return_oop=1}
                      ; - java.lang.StringLatin1::newString@7
                      ; - java.lang.String::substring@41
                      ; - java.lang.Class::getPackageName@62
                      ; - java.lang.ClassLoader::postDefineClass@2
                      ; - java.lang.ClassLoader::defineClass@37
                      ; - java.security.SecureClassLoader::defineClass@12
  0x0000020ec2fc08e8: 9424 87ff 

  0x0000020ec2fc08ec: ;   {other}
  0x0000020ec2fc08ec: 0f1f 8400 | dc1c 001b | 4c8b ed4c | 8b74 2430 | 8b4c 2424 | 448b 4424 | 3844 8b4c | 243c 488b 
  0x0000020ec2fc090c: d8e9 cfef | ffff 4489 | 4c24 404c | 895c 2438 | 4c89 7424 | 304c 896c 

  0x0000020ec2fc0924: ;   {metadata('java/lang/NamedPackage')}
  0x0000020ec2fc0924: 2420 48ba | e8c0 01ce | 0e02 0000 | 498b ee90 

  0x0000020ec2fc0934: ;   {runtime_call _new_instance_Java}
  0x0000020ec2fc0934: c5f8 77e8 

  0x0000020ec2fc0938: ; ImmutableOopMap {rbp=Oop [40]=Oop [48]=Oop [56]=Oop [64]=NarrowOop [72]=Oop }
                      ;*new {reexecute=0 rethrow=0 return_oop=1}
                      ; - java.lang.ClassLoader::getNamedPackage@16
                      ; - java.lang.ClassLoader::postDefineClass@9
                      ; - java.lang.ClassLoader::defineClass@37
                      ; - java.security.SecureClassLoader::defineClass@12
  0x0000020ec2fc0938: 4424 87ff 

  0x0000020ec2fc093c: ;   {other}
  0x0000020ec2fc093c: 0f1f 8400 | 2c1d 001c | e9e3 f2ff 

  0x0000020ec2fc0948: ;   {metadata('java/lang/StringBuilder')}
  0x0000020ec2fc0948: ff48 ba40 | 8000 ce0e | 0200 0090 

  0x0000020ec2fc0954: ;   {runtime_call _new_instance_Java}
  0x0000020ec2fc0954: c5f8 77e8 

  0x0000020ec2fc0958: ; ImmutableOopMap {[40]=Oop [48]=Oop [56]=Oop [64]=NarrowOop [72]=Oop [80]=Oop [88]=Oop [112]=Oop }
                      ;*new {reexecute=0 rethrow=0 return_oop=1}
                      ; - java.lang.NamedPackage::<init>@22
                      ; - java.lang.ClassLoader::getNamedPackage@22
                      ; - java.lang.ClassLoader::postDefineClass@9
                      ; - java.lang.ClassLoader::defineClass@37
                      ; - java.security.SecureClassLoader::defineClass@12
  0x0000020ec2fc0958: 2424 87ff 

  0x0000020ec2fc095c: ;   {other}
  0x0000020ec2fc095c: 0f1f 8400 | 4c1d 001d | e9a8 f3ff 

  0x0000020ec2fc0968: ;   {metadata('java/lang/InternalError')}
  0x0000020ec2fc0968: ff48 ba38 | 0701 ce0e | 0200 0090 

  0x0000020ec2fc0974: ;   {runtime_call _new_instance_Java}
  0x0000020ec2fc0974: c5f8 77e8 

  0x0000020ec2fc0978: ; ImmutableOopMap {[40]=Oop [48]=Oop [56]=Oop [64]=NarrowOop [72]=Oop [80]=Oop [88]=Oop }
                      ;*new {reexecute=0 rethrow=0 return_oop=1}
                      ; - java.lang.NamedPackage::<init>@18
                      ; - java.lang.ClassLoader::getNamedPackage@22
                      ; - java.lang.ClassLoader::postDefineClass@9
                      ; - java.lang.ClassLoader::defineClass@37
                      ; - java.security.SecureClassLoader::defineClass@12
  0x0000020ec2fc0978: 0424 87ff 

  0x0000020ec2fc097c: ;   {other}
  0x0000020ec2fc097c: 0f1f 8400 | 6c1d 001e | e943 f3ff | ff4c 8b44 | 2450 4889 | 6c24 684c | 896c 2460 | 4489 7424 
  0x0000020ec2fc099c: 2448 895c | 2458 4c89 | 4424 50c5 | fb11 4424 | 4889 7424 | 2041 8bea 

  0x0000020ec2fc09b4: ;   {metadata({type array byte})}
  0x0000020ec2fc09b4: 48ba 1823 | 00ce 0e02 | 0000 458b | c366 6690 

  0x0000020ec2fc09c4: ;   {runtime_call _new_array_nozero_Java}
  0x0000020ec2fc09c4: c5f8 77e8 

  0x0000020ec2fc09c8: ; ImmutableOopMap {rbp=NarrowOop [36]=NarrowOop [40]=Oop [48]=Oop [56]=Oop [72]=Oop [80]=Derived_oop_[72] [88]=Oop [96]=Oop [144]=Oop }
                      ;*invokevirtual clone {reexecute=1 rethrow=0 return_oop=1}
                      ; - (reexecute) java.util.Arrays::copyOfRange@18
                      ; - java.lang.StringLatin1::newString@16
                      ; - java.lang.String::substring@41
                      ; - java.lang.ClassLoader::checkCerts@21
                      ; - java.lang.ClassLoader::preDefineClass@113
                      ; - java.lang.ClassLoader::defineClass@4
                      ; - java.security.SecureClassLoader::defineClass@12
  0x0000020ec2fc09c8: 341d 87ff 

  0x0000020ec2fc09cc: ;   {other}
  0x0000020ec2fc09cc: 0f1f 8400 | bc1d 001f | 488b f8e9 | c8ea ffff | 4889 7c24 | 604c 8954 | 2458 4c89 | 5c24 5048 
  0x0000020ec2fc09ec: 895c 2440 | 4489 4c24 | 244c 8974 | 2438 4c89 

  0x0000020ec2fc09fc: ;   {metadata({type array byte})}
  0x0000020ec2fc09fc: 6c24 3048 | ba18 2300 | ce0e 0200 | 0045 8bc1 

  0x0000020ec2fc0a0c: ;   {runtime_call _new_array_nozero_Java}
  0x0000020ec2fc0a0c: c5f8 77e8 

  0x0000020ec2fc0a10: ; ImmutableOopMap {[40]=Oop [56]=Oop [64]=Oop [72]=Oop [136]=Oop [80]=Derived_oop_[136] }
                      ;*newarray {reexecute=0 rethrow=0 return_oop=1}
                      ; - java.util.Arrays::copyOfRangeByte@10
                      ; - java.util.Arrays::copyOfRange@13
                      ; - java.lang.StringLatin1::newString@16
                      ; - java.lang.String::substring@41
                      ; - java.lang.Class::getPackageName@62
                      ; - java.lang.ClassLoader::postDefineClass@2
                      ; - java.lang.ClassLoader::defineClass@37
                      ; - java.security.SecureClassLoader::defineClass@12
  0x0000020ec2fc0a10: ec1c 87ff 

  0x0000020ec2fc0a14: ;   {other}
  0x0000020ec2fc0a14: 0f1f 8400 | 041e 0020 | 4c8b 6c24 | 304c 8b74 | 2438 448b | 4c24 2448 | 8b5c 2440 | 4c8b 5c24 
  0x0000020ec2fc0a34: 504c 8b54 | 2458 488b | 7c24 6048 | 8bf0 e9d7 | efff ff4c | 894c 2450 | 4c89 5c24 | 4048 895c 
  0x0000020ec2fc0a54: 2438 894c | 2424 4c89 | 7424 3049 

  0x0000020ec2fc0a60: ;   {metadata({type array byte})}
  0x0000020ec2fc0a60: 8bed 48ba | 1823 00ce | 0e02 0000 

  0x0000020ec2fc0a6c: ;   {runtime_call _new_array_nozero_Java}
  0x0000020ec2fc0a6c: c5f8 77e8 

  0x0000020ec2fc0a70: ; ImmutableOopMap {[36]=NarrowOop [40]=Oop [48]=Oop [56]=Oop [72]=Oop [136]=Oop [64]=Derived_oop_[136] }
                      ;*invokevirtual clone {reexecute=1 rethrow=0 return_oop=1}
                      ; - (reexecute) java.util.Arrays::copyOfRange@18
                      ; - java.lang.StringLatin1::newString@16
                      ; - java.lang.String::substring@41
                      ; - java.lang.Class::getPackageName@62
                      ; - java.lang.ClassLoader::postDefineClass@2
                      ; - java.lang.ClassLoader::defineClass@37
                      ; - java.security.SecureClassLoader::defineClass@12
  0x0000020ec2fc0a70: 8c1c 87ff 

  0x0000020ec2fc0a74: ;   {other}
  0x0000020ec2fc0a74: 0f1f 8400 | 641e 0021 | 4c8b ed4c | 8b74 2430 | 488b 5c24 | 384c 8b5c | 2440 4c8b | 4c24 5048 
  0x0000020ec2fc0a94: 8bf0 e9ba | eeff ff8b | cfe9 ffe8 | ffff baf6 | ffff ff49 | 8bed 6690 

  0x0000020ec2fc0aac: ;   {runtime_call UncommonTrapBlob}
  0x0000020ec2fc0aac: c5f8 77e8 

  0x0000020ec2fc0ab0: ; ImmutableOopMap {rbp=Oop }
                      ;*invokevirtual putIfAbsent {reexecute=0 rethrow=0 return_oop=0}
                      ; - java.lang.ClassLoader::checkCerts@62
                      ; - java.lang.ClassLoader::preDefineClass@113
                      ; - java.lang.ClassLoader::defineClass@4
                      ; - java.security.SecureClassLoader::defineClass@12
  0x0000020ec2fc0ab0: cc38 83ff 

  0x0000020ec2fc0ab4: ;   {other}
  0x0000020ec2fc0ab4: 0f1f 8400 | a41e 0022 | baf6 ffff | ff66 6690 

  0x0000020ec2fc0ac4: ;   {runtime_call UncommonTrapBlob}
  0x0000020ec2fc0ac4: c5f8 77e8 

  0x0000020ec2fc0ac8: ; ImmutableOopMap {rbp=NarrowOop }
                      ;*invokevirtual toExternalForm {reexecute=0 rethrow=0 return_oop=0}
                      ; - java.net.URL::toExternalForm@5
                      ; - java.net.URL::toString@1
                      ; - java.lang.ClassLoader::defineClassSourceLocation@22
                      ; - java.lang.ClassLoader::defineClass@12
                      ; - java.security.SecureClassLoader::defineClass@12
  0x0000020ec2fc0ac8: b438 83ff 

  0x0000020ec2fc0acc: ;   {other}
  0x0000020ec2fc0acc: 0f1f 8400 | bc1e 0023 | baf6 ffff | ff48 8beb 

  0x0000020ec2fc0adc: ;   {runtime_call UncommonTrapBlob}
  0x0000020ec2fc0adc: c5f8 77e8 

  0x0000020ec2fc0ae0: ; ImmutableOopMap {rbp=Oop }
                      ;*invokevirtual get {reexecute=0 rethrow=0 return_oop=0}
                      ; - java.lang.ClassLoader::getNamedPackage@5
                      ; - java.lang.ClassLoader::postDefineClass@9
                      ; - java.lang.ClassLoader::defineClass@37
                      ; - java.security.SecureClassLoader::defineClass@12
  0x0000020ec2fc0ae0: 9c38 83ff 

  0x0000020ec2fc0ae4: ;   {other}
  0x0000020ec2fc0ae4: 0f1f 8400 | d41e 0024 | ba76 ffff | ff41 8bea | 897c 2424 | 4889 5c24 | 5044 8974 | 2460 6690 
  0x0000020ec2fc0b04: ;   {runtime_call UncommonTrapBlob}
  0x0000020ec2fc0b04: c5f8 77e8 

  0x0000020ec2fc0b08: ; ImmutableOopMap {rbp=NarrowOop [40]=Oop [48]=Oop [56]=Oop [80]=Oop [96]=NarrowOop [144]=Oop }
                      ;*iflt {reexecute=1 rethrow=0 return_oop=0}
                      ; - (reexecute) java.lang.StringLatin1::lastIndexOf@19
                      ; - java.lang.String::lastIndexOf@13
                      ; - java.lang.String::lastIndexOf@8
                      ; - java.lang.ClassLoader::checkCerts@3
                      ; - java.lang.ClassLoader::preDefineClass@113
                      ; - java.lang.ClassLoader::defineClass@4
                      ; - java.security.SecureClassLoader::defineClass@12
  0x0000020ec2fc0b08: 7438 83ff 

  0x0000020ec2fc0b0c: ;   {other}
  0x0000020ec2fc0b0c: 0f1f 8400 | fc1e 0025 | bade ffff | ff4c 8b54 | 2428 4c89 | 5424 204c | 8b54 2430 | 4c89 5424 
  0x0000020ec2fc0b2c: 284c 8b54 | 2438 4c89 | 5424 3044 | 8b54 2440 | 4489 5424 | 3844 8b5c | 2444 4489 | 5c24 3c4c 
  0x0000020ec2fc0b4c: 8944 2440 | 4c89 4c24 | 4866 6690 

  0x0000020ec2fc0b58: ;   {runtime_call UncommonTrapBlob}
  0x0000020ec2fc0b58: c5f8 77e8 

  0x0000020ec2fc0b5c: ; ImmutableOopMap {rbp=NarrowOop [32]=Oop [40]=Oop [48]=Oop [64]=Oop [72]=Oop }
                      ;*invokeinterface computeIfAbsent {reexecute=0 rethrow=0 return_oop=0}
                      ; - java.security.SecureClassLoader::getProtectionDomain@28
                      ; - java.security.SecureClassLoader::defineClass@9
  0x0000020ec2fc0b5c: 2038 83ff 

  0x0000020ec2fc0b60: ;   {other}
  0x0000020ec2fc0b60: 0f1f 8400 | 501f 0026 | ba45 ffff | ff48 8b6c | 2428 6690 

  0x0000020ec2fc0b74: ;   {runtime_call UncommonTrapBlob}
  0x0000020ec2fc0b74: c5f8 77e8 

  0x0000020ec2fc0b78: ; ImmutableOopMap {rbp=Oop [48]=Oop [56]=Oop [144]=Oop }
                      ;*ifeq {reexecute=1 rethrow=0 return_oop=0}
                      ; - (reexecute) java.lang.ClassLoader::checkName@8
                      ; - java.lang.ClassLoader::preDefineClass@1
                      ; - java.lang.ClassLoader::defineClass@4
                      ; - java.security.SecureClassLoader::defineClass@12
  0x0000020ec2fc0b78: 0438 83ff 

  0x0000020ec2fc0b7c: ;   {other}
  0x0000020ec2fc0b7c: 0f1f 8400 | 6c1f 0027 | ba6e ffff | ff41 8bea | 897c 2424 | 4889 5c24 | 5044 8974 | 2460 6690 
  0x0000020ec2fc0b9c: ;   {runtime_call UncommonTrapBlob}
  0x0000020ec2fc0b9c: c5f8 77e8 

  0x0000020ec2fc0ba0: ; ImmutableOopMap {rbp=NarrowOop [40]=Oop [48]=Oop [56]=Oop [80]=Oop [96]=NarrowOop [144]=Oop }
                      ;*iflt {reexecute=1 rethrow=0 return_oop=0}
                      ; - (reexecute) java.lang.StringLatin1::lastIndexOf@19
                      ; - java.lang.String::lastIndexOf@13
                      ; - java.lang.String::lastIndexOf@8
                      ; - java.lang.ClassLoader::checkCerts@3
                      ; - java.lang.ClassLoader::preDefineClass@113
                      ; - java.lang.ClassLoader::defineClass@4
                      ; - java.security.SecureClassLoader::defineClass@12
  0x0000020ec2fc0ba0: dc37 83ff 

  0x0000020ec2fc0ba4: ;   {other}
  0x0000020ec2fc0ba4: 0f1f 8400 | 941f 0028 | bace ffff | ff41 8bea | 895c 2460 

  0x0000020ec2fc0bb8: ;   {runtime_call UncommonTrapBlob}
  0x0000020ec2fc0bb8: c5f8 77e8 

  0x0000020ec2fc0bbc: ; ImmutableOopMap {rbp=NarrowOop [40]=Oop [48]=Oop [56]=Oop [144]=Oop }
                      ;*invokestatic indexOfChar {reexecute=0 rethrow=0 return_oop=0}
                      ; - java.lang.StringLatin1::indexOf@33
                      ; - java.lang.String::indexOf@17
                      ; - java.lang.String::indexOf@3
                      ; - java.lang.ClassLoader::checkName@16
                      ; - java.lang.ClassLoader::preDefineClass@1
                      ; - java.lang.ClassLoader::defineClass@4
                      ; - java.security.SecureClassLoader::defineClass@12
  0x0000020ec2fc0bbc: c037 83ff 

  0x0000020ec2fc0bc0: ;   {other}
  0x0000020ec2fc0bc0: 0f1f 8400 | b01f 0029 | 458b cae9 | a3ec ffff | ba76 ffff | ff8b e944 | 8954 2424 | 4c89 7424 
  0x0000020ec2fc0be0: 384c 8974 | 2450 4c89 | 5c24 5890 

  0x0000020ec2fc0bec: ;   {runtime_call UncommonTrapBlob}
  0x0000020ec2fc0bec: c5f8 77e8 

  0x0000020ec2fc0bf0: ; ImmutableOopMap {rbp=NarrowOop [40]=Oop [56]=Oop [80]=Oop [88]=Oop [144]=Oop }
                      ;*iflt {reexecute=1 rethrow=0 return_oop=0}
                      ; - (reexecute) java.lang.StringLatin1::lastIndexOf@19
                      ; - java.lang.String::lastIndexOf@13
                      ; - java.lang.String::lastIndexOf@8
                      ; - java.lang.Class::getPackageName@47
                      ; - java.lang.ClassLoader::postDefineClass@2
                      ; - java.lang.ClassLoader::defineClass@37
                      ; - java.security.SecureClassLoader::defineClass@12
  0x0000020ec2fc0bf0: 8c37 83ff 

  0x0000020ec2fc0bf4: ;   {other}
  0x0000020ec2fc0bf4: 0f1f 8400 | e41f 002a | ba45 ffff | ff48 8944 | 2430 4889 | 4424 4090 

  0x0000020ec2fc0c0c: ;   {runtime_call UncommonTrapBlob}
  0x0000020ec2fc0c0c: c5f8 77e8 

  0x0000020ec2fc0c10: ; ImmutableOopMap {[40]=Oop [48]=Oop [64]=Oop [144]=Oop }
                      ;*ifeq {reexecute=1 rethrow=0 return_oop=0}
                      ; - (reexecute) java.lang.Class::getPackageName@13
                      ; - java.lang.ClassLoader::postDefineClass@2
                      ; - java.lang.ClassLoader::defineClass@37
                      ; - java.security.SecureClassLoader::defineClass@12
  0x0000020ec2fc0c10: 6c37 83ff 

  0x0000020ec2fc0c14: ;   {other}
  0x0000020ec2fc0c14: 0f1f 8400 | 0420 002b | ba6e ffff | ff8b e944 | 8954 2424 | 4c89 7424 | 384c 8974 | 2450 4c89 
  0x0000020ec2fc0c34: 5c24 5890 

  0x0000020ec2fc0c38: ;   {runtime_call UncommonTrapBlob}
  0x0000020ec2fc0c38: c5f8 77e8 

  0x0000020ec2fc0c3c: ; ImmutableOopMap {rbp=NarrowOop [40]=Oop [56]=Oop [80]=Oop [88]=Oop [144]=Oop }
                      ;*iflt {reexecute=1 rethrow=0 return_oop=0}
                      ; - (reexecute) java.lang.StringLatin1::lastIndexOf@19
                      ; - java.lang.String::lastIndexOf@13
                      ; - java.lang.String::lastIndexOf@8
                      ; - java.lang.Class::getPackageName@47
                      ; - java.lang.ClassLoader::postDefineClass@2
                      ; - java.lang.ClassLoader::defineClass@37
                      ; - java.security.SecureClassLoader::defineClass@12
  0x0000020ec2fc0c3c: 4037 83ff 

  0x0000020ec2fc0c40: ;   {other}
  0x0000020ec2fc0c40: 0f1f 8400 | 3020 002c | 4c63 c9e9 | afe8 ffff | 4983 c1fe | 498b c948 | 8bfa 4833 | c048 83f9 
  0x0000020ec2fc0c60: 087f 1048 | ffc9 784f | 4889 04cf | 48ff c97d | f7eb 44c5 | fdef c0e9 | 0d00 0000 | c5fe 7f07 
  0x0000020ec2fc0c80: c5fe 7f47 | 2048 83c7 | 4048 83e9 | 087d ed48 | 83c1 047c | 0cc5 fe7f | 0748 83c7 | 2048 83e9 
  0x0000020ec2fc0ca0: 0448 83c1 | 047e 1048 | ffc9 c5f9 | d607 4883 | c708 48ff | c97d f3e9 | 0fe9 ffff | bacc ffff 
  0x0000020ec2fc0cc0: ff41 8bea | 894c 2424 | 4889 5c24 | 5044 8974 | 2460 4c89 | 6c24 7090 

  0x0000020ec2fc0cd8: ;   {runtime_call UncommonTrapBlob}
  0x0000020ec2fc0cd8: c5f8 77e8 

  0x0000020ec2fc0cdc: ; ImmutableOopMap {rbp=NarrowOop [40]=Oop [48]=Oop [56]=Oop [80]=Oop [96]=NarrowOop [112]=Oop [144]=Oop }
                      ;*newarray {reexecute=1 rethrow=0 return_oop=0}
                      ; - (reexecute) java.util.Arrays::copyOfRangeByte@10
                      ; - java.util.Arrays::copyOfRange@13
                      ; - java.lang.StringLatin1::newString@16
                      ; - java.lang.String::substring@41
                      ; - java.lang.ClassLoader::checkCerts@21
                      ; - java.lang.ClassLoader::preDefineClass@113
                      ; - java.lang.ClassLoader::defineClass@4
                      ; - java.security.SecureClassLoader::defineClass@12
  0x0000020ec2fc0cdc: a036 83ff 

  0x0000020ec2fc0ce0: ;   {other}
  0x0000020ec2fc0ce0: 0f1f 8400 | d020 002d | bade ffff | ff66 6690 

  0x0000020ec2fc0cf0: ;   {runtime_call UncommonTrapBlob}
  0x0000020ec2fc0cf0: c5f8 77e8 

  0x0000020ec2fc0cf4: ; ImmutableOopMap {rbp=NarrowOop }
                      ;*checkcast {reexecute=0 rethrow=0 return_oop=0}
                      ; - java.lang.ClassLoader::getNamedPackage@8
                      ; - java.lang.ClassLoader::postDefineClass@9
                      ; - java.lang.ClassLoader::defineClass@37
                      ; - java.security.SecureClassLoader::defineClass@12
  0x0000020ec2fc0cf4: 8836 83ff 

  0x0000020ec2fc0cf8: ;   {other}
  0x0000020ec2fc0cf8: 0f1f 8400 | e820 002e | 4533 db45 | 85c0 410f | 94c3 ba45 | ffff ff48 | 8b6c 2428 | 4c8b 5424 
  0x0000020ec2fc0d18: 304c 8954 | 2420 4489 | 5c24 6090 

  0x0000020ec2fc0d24: ;   {runtime_call UncommonTrapBlob}
  0x0000020ec2fc0d24: c5f8 77e8 

  0x0000020ec2fc0d28: ; ImmutableOopMap {rbp=Oop [32]=Oop [56]=Oop [144]=Oop }
                      ;*ifeq {reexecute=1 rethrow=0 return_oop=0}
                      ; - (reexecute) java.lang.String::indexOf@4
                      ; - java.lang.String::indexOf@3
                      ; - java.lang.ClassLoader::checkName@16
                      ; - java.lang.ClassLoader::preDefineClass@1
                      ; - java.lang.ClassLoader::defineClass@4
                      ; - java.security.SecureClassLoader::defineClass@12
  0x0000020ec2fc0d28: 5436 83ff 

  0x0000020ec2fc0d2c: ;   {other}
  0x0000020ec2fc0d2c: 0f1f 8400 | 1c21 002f | ba45 ffff | ff89 4c24 | 2089 4c24 | 2448 895c | 2450 4489 | 7424 6044 
  0x0000020ec2fc0d4c: 894c 2470 

  0x0000020ec2fc0d50: ;   {runtime_call UncommonTrapBlob}
  0x0000020ec2fc0d50: c5f8 77e8 

  0x0000020ec2fc0d54: ; ImmutableOopMap {[40]=Oop [48]=Oop [56]=Oop [80]=Oop [96]=NarrowOop [144]=Oop }
                      ;*if_icmpgt {reexecute=1 rethrow=0 return_oop=0}
                      ; - (reexecute) jdk.internal.util.Preconditions::checkFromToIndex@6
                      ; - java.lang.String::checkBoundsBeginEnd@6
                      ; - java.lang.String::substring@8
                      ; - java.lang.ClassLoader::checkCerts@21
                      ; - java.lang.ClassLoader::preDefineClass@113
                      ; - java.lang.ClassLoader::defineClass@4
                      ; - java.security.SecureClassLoader::defineClass@12
  0x0000020ec2fc0d54: 2836 83ff 

  0x0000020ec2fc0d58: ;   {other}
  0x0000020ec2fc0d58: 0f1f 8400 | 4821 0030 | ba45 ffff | ff48 8b6c | 2428 895c | 2450 6690 

  0x0000020ec2fc0d70: ;   {runtime_call UncommonTrapBlob}
  0x0000020ec2fc0d70: c5f8 77e8 

  0x0000020ec2fc0d74: ; ImmutableOopMap {rbp=Oop [48]=Oop [56]=Oop [144]=Oop }
                      ;*if_icmpne {reexecute=1 rethrow=0 return_oop=0}
                      ; - (reexecute) java.lang.ClassLoader::checkName@20
                      ; - java.lang.ClassLoader::preDefineClass@1
                      ; - java.lang.ClassLoader::defineClass@4
                      ; - java.security.SecureClassLoader::defineClass@12
  0x0000020ec2fc0d74: 0836 83ff 

  0x0000020ec2fc0d78: ;   {other}
  0x0000020ec2fc0d78: 0f1f 8400 | 6821 0031 | ba45 ffff | ff4c 8974 | 2430 4c8b | 5424 484c | 8954 2438 | 4c89 5c24 
  0x0000020ec2fc0d98: 4044 894c | 2448 4489 | 4424 4c90 

  0x0000020ec2fc0da4: ;   {runtime_call UncommonTrapBlob}
  0x0000020ec2fc0da4: c5f8 77e8 

  0x0000020ec2fc0da8: ; ImmutableOopMap {[40]=Oop [48]=Oop [56]=Oop [64]=Oop [72]=NarrowOop }
                      ;*ifle {reexecute=1 rethrow=0 return_oop=0}
                      ; - (reexecute) java.util.concurrent.ConcurrentHashMap::get@23
                      ; - java.lang.ClassLoader::getNamedPackage@5
                      ; - java.lang.ClassLoader::postDefineClass@9
                      ; - java.lang.ClassLoader::defineClass@37
                      ; - java.security.SecureClassLoader::defineClass@12
  0x0000020ec2fc0da8: d435 83ff 

  0x0000020ec2fc0dac: ;   {other}
  0x0000020ec2fc0dac: 0f1f 8400 | 9c21 0032 | ba45 ffff | ff4c 8b54 | 2428 4c89 | 5424 204c | 8944 2428 | 4c89 4c24 
  0x0000020ec2fc0dcc: 3089 7c24 | 3889 7424 | 3c66 6690 

  0x0000020ec2fc0dd8: ;   {runtime_call UncommonTrapBlob}
  0x0000020ec2fc0dd8: c5f8 77e8 

  0x0000020ec2fc0ddc: ; ImmutableOopMap {rbp=Oop [32]=Oop [40]=Oop [48]=Oop }
                      ;*ifnonnull {reexecute=1 rethrow=0 return_oop=0}
                      ; - (reexecute) java.security.SecureClassLoader::getProtectionDomain@1
                      ; - java.security.SecureClassLoader::defineClass@9
  0x0000020ec2fc0ddc: a035 83ff 

  0x0000020ec2fc0de0: ;   {other}
  0x0000020ec2fc0de0: 0f1f 8400 | d021 0033 | ba45 ffff | ff66 6690 

  0x0000020ec2fc0df0: ;   {runtime_call UncommonTrapBlob}
  0x0000020ec2fc0df0: c5f8 77e8 

  0x0000020ec2fc0df4: ; ImmutableOopMap {[40]=Oop [48]=Oop [56]=Oop [144]=Oop }
                      ;*if_icmpne {reexecute=1 rethrow=0 return_oop=0}
                      ; - (reexecute) java.lang.ClassLoader::checkName@30
                      ; - java.lang.ClassLoader::preDefineClass@1
                      ; - java.lang.ClassLoader::defineClass@4
                      ; - java.security.SecureClassLoader::defineClass@12
  0x0000020ec2fc0df4: 8835 83ff 

  0x0000020ec2fc0df8: ;   {other}
  0x0000020ec2fc0df8: 0f1f 8400 | e821 0034 | ba45 ffff | ff4c 8b54 | 2428 4c89 | 5424 2048 | 895c 2450 | 4c89 6c24 
  0x0000020ec2fc0e18: 5844 8974 | 2460 6690 

  0x0000020ec2fc0e20: ;   {runtime_call UncommonTrapBlob}
  0x0000020ec2fc0e20: c5f8 77e8 

  0x0000020ec2fc0e24: ; ImmutableOopMap {rbp=NarrowOop [32]=Oop [48]=Oop [56]=Oop [80]=Oop [88]=Oop [96]=NarrowOop [144]=Oop }
                      ;*ifnull {reexecute=1 rethrow=0 return_oop=0}
                      ; - (reexecute) java.security.CodeSource::getCertificates@4
                      ; - java.lang.ClassLoader::checkCerts@34
                      ; - java.lang.ClassLoader::preDefineClass@113
                      ; - java.lang.ClassLoader::defineClass@4
                      ; - java.security.SecureClassLoader::defineClass@12
  0x0000020ec2fc0e24: 5835 83ff 

  0x0000020ec2fc0e28: ;   {other}
  0x0000020ec2fc0e28: 0f1f 8400 | 1822 0035 | ba45 ffff | ff4c 8b54 | 2428 4c89 | 5424 2048 | 895c 2450 | 4c89 6c24 
  0x0000020ec2fc0e48: 5844 8974 | 2460 6690 

  0x0000020ec2fc0e50: ;   {runtime_call UncommonTrapBlob}
  0x0000020ec2fc0e50: c5f8 77e8 

  0x0000020ec2fc0e54: ; ImmutableOopMap {rbp=NarrowOop [32]=Oop [48]=Oop [56]=Oop [80]=Oop [88]=Oop [96]=NarrowOop [144]=Oop }
                      ;*ifnull {reexecute=1 rethrow=0 return_oop=0}
                      ; - (reexecute) java.security.CodeSource::getCertificates@22
                      ; - java.lang.ClassLoader::checkCerts@34
                      ; - java.lang.ClassLoader::preDefineClass@113
                      ; - java.lang.ClassLoader::defineClass@4
                      ; - java.security.SecureClassLoader::defineClass@12
  0x0000020ec2fc0e54: 2835 83ff 

  0x0000020ec2fc0e58: ;   {other}
  0x0000020ec2fc0e58: 0f1f 8400 | 4822 0036 | ba45 ffff | ff89 4c24 | 2089 4c24 | 2448 895c | 2450 4489 | 7424 6044 
  0x0000020ec2fc0e78: 894c 2470 | 4489 4c24 | 7466 6690 

  0x0000020ec2fc0e84: ;   {runtime_call UncommonTrapBlob}
  0x0000020ec2fc0e84: c5f8 77e8 

  0x0000020ec2fc0e88: ; ImmutableOopMap {[40]=Oop [48]=Oop [56]=Oop [80]=Oop [96]=NarrowOop [144]=Oop }
                      ;*if_icmple {reexecute=1 rethrow=0 return_oop=0}
                      ; - (reexecute) jdk.internal.util.Preconditions::checkFromToIndex@11
                      ; - java.lang.String::checkBoundsBeginEnd@6
                      ; - java.lang.String::substring@8
                      ; - java.lang.ClassLoader::checkCerts@21
                      ; - java.lang.ClassLoader::preDefineClass@113
                      ; - java.lang.ClassLoader::defineClass@4
                      ; - java.security.SecureClassLoader::defineClass@12
  0x0000020ec2fc0e88: f434 83ff 

  0x0000020ec2fc0e8c: ;   {other}
  0x0000020ec2fc0e8c: 0f1f 8400 | 7c22 0037 | ba45 ffff | ff4c 8b54 | 2428 4c89 | 5424 2090 

  0x0000020ec2fc0ea4: ;   {runtime_call UncommonTrapBlob}
  0x0000020ec2fc0ea4: c5f8 77e8 

  0x0000020ec2fc0ea8: ; ImmutableOopMap {[32]=Oop [48]=Oop [56]=Oop [144]=Oop }
                      ;*ifne {reexecute=1 rethrow=0 return_oop=0}
                      ; - (reexecute) java.lang.ClassLoader::compareCerts@7
                      ; - java.lang.ClassLoader::checkCerts@80
                      ; - java.lang.ClassLoader::preDefineClass@113
                      ; - java.lang.ClassLoader::defineClass@4
                      ; - java.security.SecureClassLoader::defineClass@12
  0x0000020ec2fc0ea8: d434 83ff 

  0x0000020ec2fc0eac: ;   {other}
  0x0000020ec2fc0eac: 0f1f 8400 | 9c22 0038 | baf6 ffff | ff66 6690 

  0x0000020ec2fc0ebc: ;   {runtime_call UncommonTrapBlob}
  0x0000020ec2fc0ebc: c5f8 77e8 

  0x0000020ec2fc0ec0: ; ImmutableOopMap {}
                      ;*invokevirtual isNamed {reexecute=0 rethrow=0 return_oop=0}
                      ; - java.lang.NamedPackage::<init>@12
                      ; - java.lang.ClassLoader::getNamedPackage@22
                      ; - java.lang.ClassLoader::postDefineClass@9
                      ; - java.lang.ClassLoader::defineClass@37
                      ; - java.security.SecureClassLoader::defineClass@12
  0x0000020ec2fc0ec0: bc34 83ff 

  0x0000020ec2fc0ec4: ;   {other}
  0x0000020ec2fc0ec4: 0f1f 8400 | b422 0039 | 4c89 5424 | 484c 896c | 2420 488b | eb44 8bee | 498b d7c5 | f877 49ba 
  0x0000020ec2fc0ee4: 20a4 6a0f | f87f 0000 

  0x0000020ec2fc0eec: ;   {other}
  0x0000020ec2fc0eec: 41ff d20f | 1f84 0000 | 0000 0041 | 8bf5 488b | dd4c 8b6c | 2420 4c8b | 5424 48e9 | cae6 ffff 
  0x0000020ec2fc0f0c: baf6 ffff | ff66 6690 

  0x0000020ec2fc0f14: ;   {runtime_call UncommonTrapBlob}
  0x0000020ec2fc0f14: c5f8 77e8 

  0x0000020ec2fc0f18: ; ImmutableOopMap {[64]=NarrowOop }
                      ;*invokevirtual append {reexecute=0 rethrow=0 return_oop=0}
                      ; - java.lang.NamedPackage::<init>@35
                      ; - java.lang.ClassLoader::getNamedPackage@22
                      ; - java.lang.ClassLoader::postDefineClass@9
                      ; - java.lang.ClassLoader::defineClass@37
                      ; - java.security.SecureClassLoader::defineClass@12
  0x0000020ec2fc0f18: 6434 83ff 

  0x0000020ec2fc0f1c: ;   {other}
  0x0000020ec2fc0f1c: 0f1f 8400 | 0c23 003a | baf6 ffff | ff66 6690 

  0x0000020ec2fc0f2c: ;   {runtime_call UncommonTrapBlob}
  0x0000020ec2fc0f2c: c5f8 77e8 

  0x0000020ec2fc0f30: ; ImmutableOopMap {}
                      ;*invokevirtual toString {reexecute=0 rethrow=0 return_oop=0}
                      ; - java.lang.NamedPackage::<init>@38
                      ; - java.lang.ClassLoader::getNamedPackage@22
                      ; - java.lang.ClassLoader::postDefineClass@9
                      ; - java.lang.ClassLoader::defineClass@37
                      ; - java.security.SecureClassLoader::defineClass@12
  0x0000020ec2fc0f30: 4c34 83ff 

  0x0000020ec2fc0f34: ;   {other}
  0x0000020ec2fc0f34: 0f1f 8400 | 2423 003b | 4d63 d1e9 | 53ea ffff | 4983 c2fe | 498b ca48 | 8bfa 4833 | c048 83f9 
  0x0000020ec2fc0f54: 087f 1048 | ffc9 784f | 4889 04cf | 48ff c97d | f7eb 44c5 | fdef c0e9 | 0d00 0000 | c5fe 7f07 
  0x0000020ec2fc0f74: c5fe 7f47 | 2048 83c7 | 4048 83e9 | 087d ed48 | 83c1 047c | 0cc5 fe7f | 0748 83c7 | 2048 83e9 
  0x0000020ec2fc0f94: 0448 83c1 | 047e 1048 | ffc9 c5f9 | d607 4883 | c708 48ff | c97d f3e9 | b0ea ffff | bacc ffff 
  0x0000020ec2fc0fb4: ff8b e944 | 894c 2424 | 4c89 7424 | 384c 8b54 | 2448 4c89 | 5424 404c | 8974 2450 | 4889 5c24 
  0x0000020ec2fc0fd4: 6066 6690 

  0x0000020ec2fc0fd8: ;   {runtime_call UncommonTrapBlob}
  0x0000020ec2fc0fd8: c5f8 77e8 

  0x0000020ec2fc0fdc: ; ImmutableOopMap {rbp=NarrowOop [40]=Oop [56]=Oop [64]=Oop [80]=Oop [96]=Oop }
                      ;*newarray {reexecute=1 rethrow=0 return_oop=0}
                      ; - (reexecute) java.util.Arrays::copyOfRangeByte@10
                      ; - java.util.Arrays::copyOfRange@13
                      ; - java.lang.StringLatin1::newString@16
                      ; - java.lang.String::substring@41
                      ; - java.lang.Class::getPackageName@62
                      ; - java.lang.ClassLoader::postDefineClass@2
                      ; - java.lang.ClassLoader::defineClass@37
                      ; - java.security.SecureClassLoader::defineClass@12
  0x0000020ec2fc0fdc: a033 83ff 

  0x0000020ec2fc0fe0: ;   {other}
  0x0000020ec2fc0fe0: 0f1f 8400 | d023 003c | 4585 d244 | 8b54 2420 | 410f 94c2 | ba45 ffff | ff4c 8974 | 2430 4c89 
  0x0000020ec2fc1000: 7424 404c | 895c 2450 | 895c 2458 | 4489 5424 | 5c66 6690 

  0x0000020ec2fc1014: ;   {runtime_call UncommonTrapBlob}
  0x0000020ec2fc1014: c5f8 77e8 

  0x0000020ec2fc1018: ; ImmutableOopMap {[40]=Oop [48]=Oop [64]=Oop [80]=Oop [144]=Oop }
                      ;*ifeq {reexecute=1 rethrow=0 return_oop=0}
                      ; - (reexecute) java.lang.String::lastIndexOf@4
                      ; - java.lang.String::lastIndexOf@8
                      ; - java.lang.Class::getPackageName@47
                      ; - java.lang.ClassLoader::postDefineClass@2
                      ; - java.lang.ClassLoader::defineClass@37
                      ; - java.security.SecureClassLoader::defineClass@12
  0x0000020ec2fc1018: 6433 83ff 

  0x0000020ec2fc101c: ;   {other}
  0x0000020ec2fc101c: 0f1f 8400 | 0c24 003d | 498b d7c5 | f877 49ba | 20a4 6a0f | f87f 0000 

  0x0000020ec2fc1034: ;   {other}
  0x0000020ec2fc1034: 41ff d20f | 1f84 0000 | 0000 00e9 | 94ea ffff | ba45 ffff | ff44 894c | 2420 4489 | 4c24 244c 
  0x0000020ec2fc1054: 8974 2438 | 4c8b 5424 | 484c 8954 | 2440 4c89 | 7424 504c | 895c 2458 | 897c 2464 

  0x0000020ec2fc1070: ;   {runtime_call UncommonTrapBlob}
  0x0000020ec2fc1070: c5f8 77e8 

  0x0000020ec2fc1074: ; ImmutableOopMap {[40]=Oop [56]=Oop [64]=Oop [80]=Oop [88]=Oop }
                      ;*if_icmpgt {reexecute=1 rethrow=0 return_oop=0}
                      ; - (reexecute) jdk.internal.util.Preconditions::checkFromToIndex@6
                      ; - java.lang.String::checkBoundsBeginEnd@6
                      ; - java.lang.String::substring@8
                      ; - java.lang.Class::getPackageName@62
                      ; - java.lang.ClassLoader::postDefineClass@2
                      ; - java.lang.ClassLoader::defineClass@37
                      ; - java.security.SecureClassLoader::defineClass@12
  0x0000020ec2fc1074: 0833 83ff 

  0x0000020ec2fc1078: ;   {other}
  0x0000020ec2fc1078: 0f1f 8400 | 6824 003e | ba45 ffff | ff44 894c | 2420 4489 | 4c24 244c | 8974 2438 | 4c8b 5424 
  0x0000020ec2fc1098: 484c 8954 | 2440 4c89 | 7424 504c | 895c 2458 | 897c 2464 | 897c 2468 

  0x0000020ec2fc10b0: ;   {runtime_call UncommonTrapBlob}
  0x0000020ec2fc10b0: c5f8 77e8 

  0x0000020ec2fc10b4: ; ImmutableOopMap {[40]=Oop [56]=Oop [64]=Oop [80]=Oop [88]=Oop }
                      ;*if_icmple {reexecute=1 rethrow=0 return_oop=0}
                      ; - (reexecute) jdk.internal.util.Preconditions::checkFromToIndex@11
                      ; - java.lang.String::checkBoundsBeginEnd@6
                      ; - java.lang.String::substring@8
                      ; - java.lang.Class::getPackageName@62
                      ; - java.lang.ClassLoader::postDefineClass@2
                      ; - java.lang.ClassLoader::defineClass@37
                      ; - java.security.SecureClassLoader::defineClass@12
  0x0000020ec2fc10b4: c832 83ff 

  0x0000020ec2fc10b8: ;   {other}
  0x0000020ec2fc10b8: 0f1f 8400 | a824 003f | 498b d7c5 | f877 49ba | 20a4 6a0f | f87f 0000 

  0x0000020ec2fc10d0: ;   {other}
  0x0000020ec2fc10d0: 41ff d20f | 1f84 0000 | 0000 00e9 | 8be9 ffff | ba45 ffff | ff4c 8974 | 2430 4489 | 5c24 3890 
  0x0000020ec2fc10f0: ;   {runtime_call UncommonTrapBlob}
  0x0000020ec2fc10f0: c5f8 77e8 

  0x0000020ec2fc10f4: ; ImmutableOopMap {rbp=NarrowOop [40]=Oop [48]=Oop [56]=NarrowOop }
                      ;*ifnull {reexecute=1 rethrow=0 return_oop=0}
                      ; - (reexecute) java.security.CodeSource::getCertificates@4
                      ; - java.lang.ClassLoader::postDefineClass@24
                      ; - java.lang.ClassLoader::defineClass@37
                      ; - java.security.SecureClassLoader::defineClass@12
  0x0000020ec2fc10f4: 8832 83ff 

  0x0000020ec2fc10f8: ;   {other}
  0x0000020ec2fc10f8: 0f1f 8400 | e824 0040 | ba45 ffff | ff4c 8974 | 2430 4489 | 5c24 3890 

  0x0000020ec2fc1110: ;   {runtime_call UncommonTrapBlob}
  0x0000020ec2fc1110: c5f8 77e8 

  0x0000020ec2fc1114: ; ImmutableOopMap {rbp=NarrowOop [40]=Oop [48]=Oop [56]=NarrowOop }
                      ;*ifnull {reexecute=1 rethrow=0 return_oop=0}
                      ; - (reexecute) java.security.CodeSource::getCertificates@22
                      ; - java.lang.ClassLoader::postDefineClass@24
                      ; - java.lang.ClassLoader::defineClass@37
                      ; - java.security.SecureClassLoader::defineClass@12
  0x0000020ec2fc1114: 6832 83ff 

  0x0000020ec2fc1118: ;   {other}
  0x0000020ec2fc1118: 0f1f 8400 | 0825 0041 | bae4 ffff | ff44 8954 | 2420 448b | 5424 4044 | 8954 2424 

  0x0000020ec2fc1134: ;   {runtime_call UncommonTrapBlob}
  0x0000020ec2fc1134: c5f8 77e8 

  0x0000020ec2fc1138: ; ImmutableOopMap {[32]=NarrowOop [40]=Oop [48]=Oop [56]=Oop [144]=Oop }
                      ;*baload {reexecute=0 rethrow=0 return_oop=0}
                      ; - jdk.internal.util.ArraysSupport::mismatch@82
                      ; - java.lang.String::startsWith@70
                      ; - java.lang.String::startsWith@3
                      ; - java.lang.ClassLoader::preDefineClass@43
                      ; - java.lang.ClassLoader::defineClass@4
                      ; - java.security.SecureClassLoader::defineClass@12
  0x0000020ec2fc1138: 4432 83ff 

  0x0000020ec2fc113c: ;   {other}
  0x0000020ec2fc113c: 0f1f 8400 | 2c25 0042 | ba45 ffff | ff4c 8974 | 2430 488b | 4c24 4848 | 894c 2438 | 4489 4c24 
  0x0000020ec2fc115c: 504c 895c | 2458 4489 | 4424 5444 | 8954 2460 | 895c 2464 

  0x0000020ec2fc1170: ;   {runtime_call UncommonTrapBlob}
  0x0000020ec2fc1170: c5f8 77e8 

  0x0000020ec2fc1174: ; ImmutableOopMap {[40]=Oop [48]=Oop [56]=Oop [80]=NarrowOop [84]=NarrowOop [88]=Oop }
                      ;*if_icmpne {reexecute=1 rethrow=0 return_oop=0}
                      ; - (reexecute) java.lang.String::equals@33
                      ; - java.util.concurrent.ConcurrentHashMap::get@73
                      ; - java.lang.ClassLoader::getNamedPackage@5
                      ; - java.lang.ClassLoader::postDefineClass@9
                      ; - java.lang.ClassLoader::defineClass@37
                      ; - java.security.SecureClassLoader::defineClass@12
  0x0000020ec2fc1174: 0832 83ff 

  0x0000020ec2fc1178: ;   {other}
  0x0000020ec2fc1178: 0f1f 8400 | 6825 0043 | baf6 ffff | ff66 6690 

  0x0000020ec2fc1188: ;   {runtime_call UncommonTrapBlob}
  0x0000020ec2fc1188: c5f8 77e8 

  0x0000020ec2fc118c: ; ImmutableOopMap {[56]=Oop [88]=Oop }
                      ;*invokevirtual putIfAbsent {reexecute=0 rethrow=0 return_oop=0}
                      ; - java.lang.ClassLoader::getNamedPackage@32
                      ; - java.lang.ClassLoader::postDefineClass@9
                      ; - java.lang.ClassLoader::defineClass@37
                      ; - java.security.SecureClassLoader::defineClass@12
  0x0000020ec2fc118c: f031 83ff 

  0x0000020ec2fc1190: ;   {other}
  0x0000020ec2fc1190: 0f1f 8400 | 8025 0044 | 488b e8ba | 54ff ffff | 4c8b 5424 | 484c 8954 | 2438 448b | 5424 5044 
  0x0000020ec2fc11b0: 8954 2440 

  0x0000020ec2fc11b4: ;   {runtime_call UncommonTrapBlob}
  0x0000020ec2fc11b4: c5f8 77e8 

  0x0000020ec2fc11b8: ; ImmutableOopMap {rbp=Oop [40]=Oop [48]=Oop [56]=Oop [64]=NarrowOop [88]=Oop }
                      ;*ifnull {reexecute=1 rethrow=0 return_oop=0}
                      ; - (reexecute) java.lang.ClassLoader::getNamedPackage@42
                      ; - java.lang.ClassLoader::postDefineClass@9
                      ; - java.lang.ClassLoader::defineClass@37
                      ; - java.security.SecureClassLoader::defineClass@12
  0x0000020ec2fc11b8: c431 83ff 

  0x0000020ec2fc11bc: ;   {other}
  0x0000020ec2fc11bc: 0f1f 8400 | ac25 0045 | baf6 ffff | ff66 6690 

  0x0000020ec2fc11cc: ;   {runtime_call UncommonTrapBlob}
  0x0000020ec2fc11cc: c5f8 77e8 

  0x0000020ec2fc11d0: ; ImmutableOopMap {}
                      ;*invokevirtual lastIndexOf {reexecute=0 rethrow=0 return_oop=0}
                      ; - java.lang.Class::getPackageName@47
                      ; - java.lang.ClassLoader::postDefineClass@2
                      ; - java.lang.ClassLoader::defineClass@37
                      ; - java.security.SecureClassLoader::defineClass@12
  0x0000020ec2fc11d0: ac31 83ff 

  0x0000020ec2fc11d4: ;   {other}
  0x0000020ec2fc11d4: 0f1f 8400 | c425 0046 | ba45 ffff | ff4c 8974 | 2430 4c8b | 4424 484c | 8944 2438 | 4489 4c24 
  0x0000020ec2fc11f4: 504c 895c | 2458 4889 | 4c24 6044 | 8954 2454 

  0x0000020ec2fc1204: ;   {runtime_call UncommonTrapBlob}
  0x0000020ec2fc1204: c5f8 77e8 

  0x0000020ec2fc1208: ; ImmutableOopMap {rbp=NarrowOop [40]=Oop [48]=Oop [56]=Oop [80]=NarrowOop [88]=Oop [96]=Oop }
                      ;*ifnull {reexecute=1 rethrow=0 return_oop=0}
                      ; - (reexecute) java.util.concurrent.ConcurrentHashMap::get@143
                      ; - java.lang.ClassLoader::getNamedPackage@5
                      ; - java.lang.ClassLoader::postDefineClass@9
                      ; - java.lang.ClassLoader::defineClass@37
                      ; - java.security.SecureClassLoader::defineClass@12
  0x0000020ec2fc1208: 7431 83ff 

  0x0000020ec2fc120c: ;   {other}
  0x0000020ec2fc120c: 0f1f 8400 | fc25 0047 | 4585 d244 | 8b54 2420 | 410f 94c2 | ba45 ffff | ff4c 8974 | 2430 488b 
  0x0000020ec2fc122c: 4c24 4848 | 894c 2438 | 4489 4c24 | 4844 8944 | 244c 4889 | 5c24 5048 | 895c 2458 | 4489 5424 
  0x0000020ec2fc124c: 6066 6690 

  0x0000020ec2fc1250: ;   {runtime_call UncommonTrapBlob}
  0x0000020ec2fc1250: c5f8 77e8 

  0x0000020ec2fc1254: ; ImmutableOopMap {[40]=Oop [48]=Oop [56]=Oop [72]=NarrowOop [76]=NarrowOop [80]=Oop [88]=Oop }
                      ;*ifeq {reexecute=1 rethrow=0 return_oop=0}
                      ; - (reexecute) java.lang.String::hashCode@20
                      ; - java.util.concurrent.ConcurrentHashMap::get@1
                      ; - java.lang.ClassLoader::getNamedPackage@5
                      ; - java.lang.ClassLoader::postDefineClass@9
                      ; - java.lang.ClassLoader::defineClass@37
                      ; - java.security.SecureClassLoader::defineClass@12
  0x0000020ec2fc1254: 2831 83ff 

  0x0000020ec2fc1258: ;   {other}
  0x0000020ec2fc1258: 0f1f 8400 | 4826 0048 | 498b d7c5 | f877 49ba | 20a4 6a0f | f87f 0000 

  0x0000020ec2fc1270: ;   {other}
  0x0000020ec2fc1270: 41ff d20f | 1f84 0000 | 0000 00e9 | 0cef ffff | 498b d7c5 | f877 49ba | 20a4 6a0f | f87f 0000 
  0x0000020ec2fc1290: ;   {other}
  0x0000020ec2fc1290: 41ff d20f | 1f84 0000 | 0000 00e9 | a4ee ffff | ba37 0100 | 0048 8beb | 4c8b 5424 | 384c 8954 
  0x0000020ec2fc12b0: 2428 6690 

  0x0000020ec2fc12b4: ;   {runtime_call UncommonTrapBlob}
  0x0000020ec2fc12b4: c5f8 77e8 

  0x0000020ec2fc12b8: ; ImmutableOopMap {rbp=Oop [40]=Oop [48]=Oop }
                      ;*new {reexecute=0 rethrow=0 return_oop=0}
                      ; - java.lang.ClassLoader::preDefineClass@56
                      ; - java.lang.ClassLoader::defineClass@4
                      ; - java.security.SecureClassLoader::defineClass@12
  0x0000020ec2fc12b8: c430 83ff 

  0x0000020ec2fc12bc: ;   {other}
  0x0000020ec2fc12bc: 0f1f 8400 | ac26 0049 | bade ffff | ff48 8b6c | 2428 4c8b | 5424 304c | 8954 2420 | 4c8b 5424 
  0x0000020ec2fc12dc: 384c 8954 | 2428 4889 | 4424 3890 

  0x0000020ec2fc12e8: ;   {runtime_call UncommonTrapBlob}
  0x0000020ec2fc12e8: c5f8 77e8 

  0x0000020ec2fc12ec: ; ImmutableOopMap {rbp=Oop [32]=Oop [40]=Oop [56]=Oop }
                      ;*checkcast {reexecute=0 rethrow=0 return_oop=0}
                      ; - java.security.SecureClassLoader::getProtectionDomain@33
                      ; - java.security.SecureClassLoader::defineClass@9
  0x0000020ec2fc12ec: 9030 83ff 

  0x0000020ec2fc12f0: ;   {other}
  0x0000020ec2fc12f0: 0f1f 8400 | e026 004a | bade ffff | ff48 8b6c | 2428 4c8b | 5424 384c | 8954 2428 | 448b 5424 
  0x0000020ec2fc1310: 4044 8954 | 2438 448b | 5c24 4444 | 895c 243c | 4889 4424 | 5066 6690 

  0x0000020ec2fc1328: ;   {runtime_call UncommonTrapBlob}
  0x0000020ec2fc1328: c5f8 77e8 

  0x0000020ec2fc132c: ; ImmutableOopMap {rbp=Oop [40]=Oop [48]=Oop [72]=Oop [80]=Oop [144]=Oop }
                      ;*checkcast {reexecute=0 rethrow=0 return_oop=0}
                      ; - java.lang.ClassLoader::checkCerts@65
                      ; - java.lang.ClassLoader::preDefineClass@113
                      ; - java.lang.ClassLoader::defineClass@4
                      ; - java.security.SecureClassLoader::defineClass@12
  0x0000020ec2fc132c: 5030 83ff 

  0x0000020ec2fc1330: ;   {other}
  0x0000020ec2fc1330: 0f1f 8400 | 2027 004b | baf6 ffff | ff49 8be8 | 4c89 4c24 | 2066 6690 

  0x0000020ec2fc1348: ;   {runtime_call UncommonTrapBlob}
  0x0000020ec2fc1348: c5f8 77e8 

  0x0000020ec2fc134c: ; ImmutableOopMap {rbp=Oop [32]=Oop }
                      ;*invokeinterface computeIfAbsent {reexecute=0 rethrow=0 return_oop=0}
                      ; - java.security.SecureClassLoader::getProtectionDomain@28
                      ; - java.security.SecureClassLoader::defineClass@9
  0x0000020ec2fc134c: 3030 83ff 

  0x0000020ec2fc1350: ;   {other}
  0x0000020ec2fc1350: 0f1f 8400 | 4027 004c | baf4 ffff | ff48 8b6c | 2428 4c8b | 5424 304c | 8954 2420 

  0x0000020ec2fc136c: ;   {runtime_call UncommonTrapBlob}
  0x0000020ec2fc136c: c5f8 77e8 

  0x0000020ec2fc1370: ; ImmutableOopMap {rbp=Oop [32]=Oop [56]=Oop }
                      ;*checkcast {reexecute=0 rethrow=0 return_oop=0}
                      ; - java.security.SecureClassLoader::getProtectionDomain@33
                      ; - java.security.SecureClassLoader::defineClass@9
  0x0000020ec2fc1370: 0c30 83ff 

  0x0000020ec2fc1374: ;   {other}
  0x0000020ec2fc1374: 0f1f 8400 | 6427 004d | baf6 ffff | ff66 6690 

  0x0000020ec2fc1384: ;   {runtime_call UncommonTrapBlob}
  0x0000020ec2fc1384: c5f8 77e8 

  0x0000020ec2fc1388: ; ImmutableOopMap {}
                      ;*arraylength {reexecute=0 rethrow=0 return_oop=0}
                      ; - java.lang.String::isEmpty@4
                      ; - java.lang.ClassLoader::checkName@5
                      ; - java.lang.ClassLoader::preDefineClass@1
                      ; - java.lang.ClassLoader::defineClass@4
                      ; - java.security.SecureClassLoader::defineClass@12
  0x0000020ec2fc1388: f42f 83ff 

  0x0000020ec2fc138c: ;   {other}
  0x0000020ec2fc138c: 0f1f 8400 | 7c27 004e | baf6 ffff | ff66 6690 

  0x0000020ec2fc139c: ;   {runtime_call UncommonTrapBlob}
  0x0000020ec2fc139c: c5f8 77e8 

  0x0000020ec2fc13a0: ; ImmutableOopMap {}
                      ;*invokevirtual getPackageName {reexecute=0 rethrow=0 return_oop=0}
                      ; - java.lang.ClassLoader::postDefineClass@2
                      ; - java.lang.ClassLoader::defineClass@37
                      ; - java.security.SecureClassLoader::defineClass@12
  0x0000020ec2fc13a0: dc2f 83ff 

  0x0000020ec2fc13a4: ;   {other}
  0x0000020ec2fc13a4: 0f1f 8400 | 9427 004f | baf6 ffff | ff66 6690 

  0x0000020ec2fc13b4: ;   {runtime_call UncommonTrapBlob}
  0x0000020ec2fc13b4: c5f8 77e8 

  0x0000020ec2fc13b8: ; ImmutableOopMap {}
                      ;*invokevirtual hashCode {reexecute=0 rethrow=0 return_oop=0}
                      ; - java.util.concurrent.ConcurrentHashMap::get@1
                      ; - java.lang.ClassLoader::getNamedPackage@5
                      ; - java.lang.ClassLoader::postDefineClass@9
                      ; - java.lang.ClassLoader::defineClass@37
                      ; - java.security.SecureClassLoader::defineClass@12
  0x0000020ec2fc13b8: c42f 83ff 

  0x0000020ec2fc13bc: ;   {other}
  0x0000020ec2fc13bc: 0f1f 8400 | ac27 0050 | 4d85 d244 | 8b5c 2420 | 410f 94c3 | ba45 ffff | ff48 8944 | 2430 4889 
  0x0000020ec2fc13dc: 4424 4044 | 895c 2448 

  0x0000020ec2fc13e4: ;   {runtime_call UncommonTrapBlob}
  0x0000020ec2fc13e4: c5f8 77e8 

  0x0000020ec2fc13e8: ; ImmutableOopMap {[40]=Oop [48]=Oop [64]=Oop [144]=Oop }
                      ;*ifeq {reexecute=1 rethrow=0 return_oop=0}
                      ; - (reexecute) java.lang.Class::getPackageName@29
                      ; - java.lang.ClassLoader::postDefineClass@2
                      ; - java.lang.ClassLoader::defineClass@37
                      ; - java.security.SecureClassLoader::defineClass@12
  0x0000020ec2fc13e8: 942f 83ff 

  0x0000020ec2fc13ec: ;   {other}
  0x0000020ec2fc13ec: 0f1f 8400 | dc27 0051 | baf6 ffff | ff66 6690 

  0x0000020ec2fc13fc: ;   {runtime_call UncommonTrapBlob}
  0x0000020ec2fc13fc: c5f8 77e8 

  0x0000020ec2fc1400: ; ImmutableOopMap {}
                      ;*arraylength {reexecute=0 rethrow=0 return_oop=0}
                      ; - java.lang.String::length@4
                      ; - java.lang.String::lastIndexOf@3
                      ; - java.lang.Class::getPackageName@47
                      ; - java.lang.ClassLoader::postDefineClass@2
                      ; - java.lang.ClassLoader::defineClass@37
                      ; - java.security.SecureClassLoader::defineClass@12
  0x0000020ec2fc1400: 7c2f 83ff 

  0x0000020ec2fc1404: ;   {other}
  0x0000020ec2fc1404: 0f1f 8400 | f427 0052 | ba45 ffff | ff48 8b6c | 2428 4c8b | 5424 304c | 8954 2420 

  0x0000020ec2fc1420: ;   {runtime_call UncommonTrapBlob}
  0x0000020ec2fc1420: c5f8 77e8 

  0x0000020ec2fc1424: ; ImmutableOopMap {rbp=Oop [32]=Oop [56]=Oop [144]=Oop }
                      ;*ifnull {reexecute=1 rethrow=0 return_oop=0}
                      ; - (reexecute) java.lang.ClassLoader::checkName@1
                      ; - java.lang.ClassLoader::preDefineClass@1
                      ; - java.lang.ClassLoader::defineClass@4
                      ; - java.security.SecureClassLoader::defineClass@12
  0x0000020ec2fc1424: 582f 83ff 

  0x0000020ec2fc1428: ;   {other}
  0x0000020ec2fc1428: 0f1f 8400 | 1828 0053 | ba45 ffff | ff48 8b6c | 2428 4c8b | 5424 384c | 8954 2428 | 448b 5c24 
  0x0000020ec2fc1448: 4044 895c | 2438 448b | 5c24 4444 | 895c 243c | 4889 5c24 | 484c 896c | 2458 4489 | 7424 5490 
  0x0000020ec2fc1468: ;   {runtime_call UncommonTrapBlob}
  0x0000020ec2fc1468: c5f8 77e8 

  0x0000020ec2fc146c: ; ImmutableOopMap {rbp=Oop [40]=Oop [48]=Oop [72]=Oop [84]=NarrowOop [88]=Oop [144]=Oop }
                      ;*ifnull {reexecute=1 rethrow=0 return_oop=0}
                      ; - (reexecute) java.lang.ClassLoader::checkCerts@30
                      ; - java.lang.ClassLoader::preDefineClass@113
                      ; - java.lang.ClassLoader::defineClass@4
                      ; - java.security.SecureClassLoader::defineClass@12
  0x0000020ec2fc146c: 102f 83ff 

  0x0000020ec2fc1470: ;   {other}
  0x0000020ec2fc1470: 0f1f 8400 | 6028 0054 | ba45 ffff | ff48 8b6c | 2428 4c8b | 5424 304c | 8954 2420 | 4c8b 5424 
  0x0000020ec2fc1490: 384c 8954 | 2428 448b | 4424 4044 | 8944 2430 | 448b 5424 | 4444 8954 | 2434 4489 | 5c24 4490 
  0x0000020ec2fc14b0: ;   {runtime_call UncommonTrapBlob}
  0x0000020ec2fc14b0: c5f8 77e8 

  0x0000020ec2fc14b4: ; ImmutableOopMap {rbp=Oop [32]=Oop [40]=Oop [68]=NarrowOop [144]=Oop }
                      ;*ifnull {reexecute=1 rethrow=0 return_oop=0}
                      ; - (reexecute) java.lang.ClassLoader::defineClassSourceLocation@8
                      ; - java.lang.ClassLoader::defineClass@12
                      ; - java.security.SecureClassLoader::defineClass@12
  0x0000020ec2fc14b4: c82e 83ff 

  0x0000020ec2fc14b8: ;   {other}
  0x0000020ec2fc14b8: 0f1f 8400 | a828 0055 | ba45 ffff | ff4c 8b54 | 2428 4c89 | 5424 204c | 8b54 2430 | 4c89 5424 
  0x0000020ec2fc14d8: 284c 8b54 | 2438 4c89 | 5424 3044 | 8b5c 2440 | 4489 5c24 | 3844 8b54 | 2444 4489 | 5424 3c90 
  0x0000020ec2fc14f8: ;   {runtime_call UncommonTrapBlob}
  0x0000020ec2fc14f8: c5f8 77e8 

  0x0000020ec2fc14fc: ; ImmutableOopMap {rbp=NarrowOop [32]=Oop [40]=Oop [48]=Oop [144]=Oop }
                      ;*ifnull {reexecute=1 rethrow=0 return_oop=0}
                      ; - (reexecute) java.lang.ClassLoader::defineClassSourceLocation@15
                      ; - java.lang.ClassLoader::defineClass@12
                      ; - java.security.SecureClassLoader::defineClass@12
  0x0000020ec2fc14fc: 802e 83ff 

  0x0000020ec2fc1500: ;   {other}
  0x0000020ec2fc1500: 0f1f 8400 | f028 0056 | ba45 ffff | ff49 8bee | 4489 5c24 | 2066 6690 

  0x0000020ec2fc1518: ;   {runtime_call UncommonTrapBlob}
  0x0000020ec2fc1518: c5f8 77e8 

  0x0000020ec2fc151c: ; ImmutableOopMap {rbp=Oop [32]=NarrowOop }
                      ;*ifnull {reexecute=1 rethrow=0 return_oop=0}
                      ; - (reexecute) java.lang.ClassLoader::postDefineClass@17
                      ; - java.lang.ClassLoader::defineClass@37
                      ; - java.security.SecureClassLoader::defineClass@12
  0x0000020ec2fc151c: 602e 83ff 

  0x0000020ec2fc1520: ;   {other}
  0x0000020ec2fc1520: 0f1f 8400 | 1029 0057 | ba45 ffff | ff4c 8974 | 2430 488b | 4c24 4848 | 894c 2438 | 4489 4c24 
  0x0000020ec2fc1540: 504c 895c | 2458 4489 | 4424 5444 | 8954 2460 

  0x0000020ec2fc1550: ;   {runtime_call UncommonTrapBlob}
  0x0000020ec2fc1550: c5f8 77e8 

  0x0000020ec2fc1554: ; ImmutableOopMap {rbp=NarrowOop [40]=Oop [48]=Oop [56]=Oop [80]=NarrowOop [84]=NarrowOop [88]=Oop }
                      ;*ifnull {reexecute=1 rethrow=0 return_oop=0}
                      ; - (reexecute) java.util.concurrent.ConcurrentHashMap::get@67
                      ; - java.lang.ClassLoader::getNamedPackage@5
                      ; - java.lang.ClassLoader::postDefineClass@9
                      ; - java.lang.ClassLoader::defineClass@37
                      ; - java.security.SecureClassLoader::defineClass@12
  0x0000020ec2fc1554: 282e 83ff 

  0x0000020ec2fc1558: ;   {other}
  0x0000020ec2fc1558: 0f1f 8400 | 4829 0058 | ba97 ffff | ff44 8b5c | 2440 4489 | 5c24 204c | 8b54 2458 | 4c89 5424 
  0x0000020ec2fc1578: 5066 6690 

  0x0000020ec2fc157c: ;   {runtime_call UncommonTrapBlob}
  0x0000020ec2fc157c: c5f8 77e8 

  0x0000020ec2fc1580: ; ImmutableOopMap {rbp=NarrowOop [36]=NarrowOop [40]=Oop [48]=Oop [56]=Oop [80]=Oop [96]=Oop [144]=Oop }
                      ;*invokevirtual clone {reexecute=1 rethrow=0 return_oop=0}
                      ; - (reexecute) java.util.Arrays::copyOfRange@18
                      ; - java.lang.StringLatin1::newString@16
                      ; - java.lang.String::substring@41
                      ; - java.lang.ClassLoader::checkCerts@21
                      ; - java.lang.ClassLoader::preDefineClass@113
                      ; - java.lang.ClassLoader::defineClass@4
                      ; - java.security.SecureClassLoader::defineClass@12
  0x0000020ec2fc1580: fc2d 83ff 

  0x0000020ec2fc1584: ;   {other}
  0x0000020ec2fc1584: 0f1f 8400 | 7429 0059 | eb30 eb2e | eb2c eb2a | eb28 eb26 | eb24 eb22 | eb20 eb1e | eb1c eb1a 
  0x0000020ec2fc15a4: eb18 eb16 | eb14 eb12 | eb10 eb0e | eb0c eb0a | eb08 eb06 | eb04 eb02 | eb00 488b | d0e9 fbe7 
  0x0000020ec2fc15c4: ffff ba97 | ffff ff8b | 6c24 2490 

  0x0000020ec2fc15d0: ;   {runtime_call UncommonTrapBlob}
  0x0000020ec2fc15d0: c5f8 77e8 

  0x0000020ec2fc15d4: ; ImmutableOopMap {rbp=NarrowOop [40]=Oop [48]=Oop [56]=Oop [72]=Oop }
                      ;*invokevirtual clone {reexecute=1 rethrow=0 return_oop=0}
                      ; - (reexecute) java.util.Arrays::copyOfRange@18
                      ; - java.lang.StringLatin1::newString@16
                      ; - java.lang.String::substring@41
                      ; - java.lang.Class::getPackageName@62
                      ; - java.lang.ClassLoader::postDefineClass@2
                      ; - java.lang.ClassLoader::defineClass@37
                      ; - java.security.SecureClassLoader::defineClass@12
  0x0000020ec2fc15d4: a82d 83ff 

  0x0000020ec2fc15d8: ;   {other}
  0x0000020ec2fc15d8: 0f1f 8400 | c829 005a 

  0x0000020ec2fc15e0: ;   {internal_word}
  0x0000020ec2fc15e0: 49ba e3ff | fbc2 0e02 | 0000 4d89 | 9768 0400 

  0x0000020ec2fc15f0: ;   {runtime_call SafepointBlob}
  0x0000020ec2fc15f0: 00e9 8a3e 

  0x0000020ec2fc15f4: ;   {runtime_call StubRoutines (final stubs)}
  0x0000020ec2fc15f4: 83ff e8a5 | 4e81 ffe9 | 5eda ffff 
[Stub Code]
  0x0000020ec2fc1600: ;   {no_reloc}
  0x0000020ec2fc1600: 48bb 0000 | 0000 0000 

  0x0000020ec2fc1608: ;   {runtime_call nmethod}
  0x0000020ec2fc1608: 0000 e9fb 

  0x0000020ec2fc160c: ;   {static_stub}
  0x0000020ec2fc160c: ffff ff48 | bb00 0000 | 0000 0000 

  0x0000020ec2fc1618: ;   {runtime_call nmethod}
  0x0000020ec2fc1618: 00e9 fbff 

  0x0000020ec2fc161c: ;   {static_stub}
  0x0000020ec2fc161c: ffff 48bb | 0000 0000 | 0000 0000 

  0x0000020ec2fc1628: ;   {runtime_call nmethod}
  0x0000020ec2fc1628: e9fb ffff 

  0x0000020ec2fc162c: ;   {static_stub}
  0x0000020ec2fc162c: ff48 bb00 | 0000 0000 

  0x0000020ec2fc1634: ;   {runtime_call nmethod}
  0x0000020ec2fc1634: 0000 00e9 | fbff ffff 

  0x0000020ec2fc163c: ;   {static_stub}
  0x0000020ec2fc163c: 48bb 0000 | 0000 0000 

  0x0000020ec2fc1644: ;   {runtime_call nmethod}
  0x0000020ec2fc1644: 0000 e9fb 

  0x0000020ec2fc1648: ;   {static_stub}
  0x0000020ec2fc1648: ffff ff48 | bb00 0000 | 0000 0000 

  0x0000020ec2fc1654: ;   {runtime_call nmethod}
  0x0000020ec2fc1654: 00e9 fbff 

  0x0000020ec2fc1658: ;   {static_stub}
  0x0000020ec2fc1658: ffff 48bb | 0000 0000 | 0000 0000 

  0x0000020ec2fc1664: ;   {runtime_call nmethod}
  0x0000020ec2fc1664: e9fb ffff 

  0x0000020ec2fc1668: ;   {static_stub}
  0x0000020ec2fc1668: ff48 bb00 | 0000 0000 

  0x0000020ec2fc1670: ;   {runtime_call nmethod}
  0x0000020ec2fc1670: 0000 00e9 | fbff ffff 

  0x0000020ec2fc1678: ;   {static_stub}
  0x0000020ec2fc1678: 48bb 0000 | 0000 0000 

  0x0000020ec2fc1680: ;   {runtime_call nmethod}
  0x0000020ec2fc1680: 0000 e9fb 

  0x0000020ec2fc1684: ;   {static_stub}
  0x0000020ec2fc1684: ffff ff48 | bb00 0000 | 0000 0000 

  0x0000020ec2fc1690: ;   {runtime_call nmethod}
  0x0000020ec2fc1690: 00e9 fbff 

  0x0000020ec2fc1694: ;   {static_stub}
  0x0000020ec2fc1694: ffff 48bb | 0000 0000 | 0000 0000 

  0x0000020ec2fc16a0: ;   {runtime_call nmethod}
  0x0000020ec2fc16a0: e9fb ffff 

  0x0000020ec2fc16a4: ;   {static_stub}
  0x0000020ec2fc16a4: ff48 bb00 | 0000 0000 

  0x0000020ec2fc16ac: ;   {runtime_call nmethod}
  0x0000020ec2fc16ac: 0000 00e9 | fbff ffff 

  0x0000020ec2fc16b4: ;   {static_stub}
  0x0000020ec2fc16b4: 48bb 0000 | 0000 0000 

  0x0000020ec2fc16bc: ;   {runtime_call nmethod}
  0x0000020ec2fc16bc: 0000 e9fb 

  0x0000020ec2fc16c0: ;   {static_stub}
  0x0000020ec2fc16c0: ffff ff48 | bb00 0000 | 0000 0000 

  0x0000020ec2fc16cc: ;   {runtime_call nmethod}
  0x0000020ec2fc16cc: 00e9 fbff 

  0x0000020ec2fc16d0: ;   {static_stub}
  0x0000020ec2fc16d0: ffff 48bb | 0000 0000 | 0000 0000 

  0x0000020ec2fc16dc: ;   {runtime_call nmethod}
  0x0000020ec2fc16dc: e9fb ffff 

  0x0000020ec2fc16e0: ;   {static_stub}
  0x0000020ec2fc16e0: ff48 bb00 | 0000 0000 

  0x0000020ec2fc16e8: ;   {runtime_call nmethod}
  0x0000020ec2fc16e8: 0000 00e9 | fbff ffff 
[Exception Handler]
  0x0000020ec2fc16f0: ;   {runtime_call ExceptionBlob}
  0x0000020ec2fc16f0: e98b 1987 | ffe8 0000 | 0000 4883 

  0x0000020ec2fc16fc: ;   {runtime_call DeoptimizationBlob}
  0x0000020ec2fc16fc: 2c24 05e9 | 1c30 83ff | f4f4 f4f4 
[/MachCode]


Compiled method (c1) 296991 4462   !   3       java.net.URLClassLoader::defineClass (224 bytes)
 total in heap  [0x0000020ebb4f3b10,0x0000020ebb4f6478] = 10600
 relocation     [0x0000020ebb4f3c70,0x0000020ebb4f3f30] = 704
 main code      [0x0000020ebb4f3f40,0x0000020ebb4f5968] = 6696
 stub code      [0x0000020ebb4f5968,0x0000020ebb4f5b08] = 416
 oops           [0x0000020ebb4f5b08,0x0000020ebb4f5b10] = 8
 metadata       [0x0000020ebb4f5b10,0x0000020ebb4f5ba0] = 144
 scopes data    [0x0000020ebb4f5ba0,0x0000020ebb4f6068] = 1224
 scopes pcs     [0x0000020ebb4f6068,0x0000020ebb4f63e8] = 896
 dependencies   [0x0000020ebb4f63e8,0x0000020ebb4f63f8] = 16
 handler table  [0x0000020ebb4f63f8,0x0000020ebb4f6440] = 72
 nul chk table  [0x0000020ebb4f6440,0x0000020ebb4f6478] = 56

[Constant Pool (empty)]

[MachCode]
[Entry Point]
  # {method} {0x0000020ee3061a98} 'defineClass' '(Ljava/lang/String;Ljdk/internal/loader/Resource;)Ljava/lang/Class;' in 'java/net/URLClassLoader'
  # this:     rdx:rdx   = 'java/net/URLClassLoader'
  # parm0:    r8:r8     = 'java/lang/String'
  # parm1:    r9:r9     = 'jdk/internal/loader/Resource'
  #           [sp+0x150]  (sp of caller)
  0x0000020ebb4f3f40: 448b 5208 | 49bb 0000 | 00ce 0e02 | 0000 4d03 | d34c 3bd0 

  0x0000020ebb4f3f54: ;   {runtime_call ic_miss_stub}
  0x0000020ebb4f3f54: 0f85 26a8 | 2f07 660f | 1f44 0000 
[Verified Entry Point]
  0x0000020ebb4f3f60: 8984 2400 | 80ff ff55 | 4881 ec40 | 0100 0090 | 4181 7f20 | 0500 0000 

  0x0000020ebb4f3f78: ;   {runtime_call StubRoutines (final stubs)}
  0x0000020ebb4f3f78: 7405 e821 | 252e 0748 | 8994 24b8 | 0000 004c | 8984 24a8 | 0000 004c | 898c 24b0 

  0x0000020ebb4f3f94: ;   {metadata(method data for {method} {0x0000020ee3061a98} 'defineClass' '(Ljava/lang/String;Ljdk/internal/loader/Resource;)Ljava/lang/Class;' in 'java/net/URLClassLoader')}
  0x0000020ebb4f3f94: 0000 0048 | be68 ff13 | e30e 0200 | 008b becc | 0000 0083 | c702 89be | cc00 0000 | 81e7 fe07 
  0x0000020ebb4f3fb4: 0000 85ff | 0f84 6b16 

  0x0000020ebb4f3fbc: ;   {metadata(method data for {method} {0x0000020ee3061a98} 'defineClass' '(Ljava/lang/String;Ljdk/internal/loader/Resource;)Ljava/lang/Class;' in 'java/net/URLClassLoader')}
  0x0000020ebb4f3fbc: 0000 48be | 68ff 13e3 | 0e02 0000 | 4883 8610 | 0100 0001 

  0x0000020ebb4f3fd0: ;   {runtime_call}
  0x0000020ebb4f3fd0: 48b8 d030 | a50f f87f | 0000 ffd0 

  0x0000020ebb4f3fdc: ;   {other}
  0x0000020ebb4f3fdc: 0f1f 8400 | 0000 0000 | 4889 8424 | c000 0000 | 4c8b 8424 | a800 0000 

  0x0000020ebb4f3ff4: ; implicit exception: dispatches to 0x0000020ebb4f564a
  0x0000020ebb4f3ff4: 493b 0049 

  0x0000020ebb4f3ff8: ;   {metadata(method data for {method} {0x0000020ee3061a98} 'defineClass' '(Ljava/lang/String;Ljdk/internal/loader/Resource;)Ljava/lang/Class;' in 'java/net/URLClassLoader')}
  0x0000020ebb4f3ff8: 8bc8 48ba | 68ff 13e3 | 0e02 0000 | 4883 8220 | 0100 0001 

  0x0000020ebb4f400c: ;   {metadata(method data for {method} {0x0000020ece453a10} 'lastIndexOf' '(I)I' in 'java/lang/String')}
  0x0000020ebb4f400c: 48b9 e093 | 06e3 0e02 | 0000 8b91 | cc00 0000 | 83c2 0289 | 91cc 0000 | 0081 e2fe | ff1f 0085 
  0x0000020ebb4f402c: d20f 841c | 1600 0049 

  0x0000020ebb4f4034: ;   {metadata(method data for {method} {0x0000020ece453a10} 'lastIndexOf' '(I)I' in 'java/lang/String')}
  0x0000020ebb4f4034: 8bc8 48ba | e093 06e3 | 0e02 0000 | 4883 8210 | 0100 0001 

  0x0000020ebb4f4048: ;   {metadata(method data for {method} {0x0000020ece00ee90} 'length' '()I' in 'java/lang/String')}
  0x0000020ebb4f4048: 48b9 4842 | 01e3 0e02 | 0000 8b91 | cc00 0000 | 83c2 0289 | 91cc 0000 | 0081 e2fe | ff1f 0085 
  0x0000020ebb4f4068: d20f 8401 | 1600 0041 | 8b70 148b | 560c 498b 

  0x0000020ebb4f4078: ;   {metadata(method data for {method} {0x0000020ece00ee90} 'length' '()I' in 'java/lang/String')}
  0x0000020ebb4f4078: c849 b948 | 4201 e30e | 0200 0049 | 8381 1001 

  0x0000020ebb4f4088: ;   {metadata(method data for {method} {0x0000020ece454cf8} 'coder' '()B' in 'java/lang/String')}
  0x0000020ebb4f4088: 0000 0148 | b9f0 3e01 | e30e 0200 | 0044 8b89 | cc00 0000 | 4183 c102 | 4489 89cc | 0000 0041 
  0x0000020ebb4f40a8: 81e1 feff | 1f00 4585 | c90f 84df 

  0x0000020ebb4f40b4: ;   {metadata(method data for {method} {0x0000020ece454cf8} 'coder' '()B' in 'java/lang/String')}
  0x0000020ebb4f40b4: 1500 0048 | b9f0 3e01 | e30e 0200 | 00ff 8120 | 0100 0045 | 0fbe 4810 

  0x0000020ebb4f40cc: ;   {metadata(method data for {method} {0x0000020ece454cf8} 'coder' '()B' in 'java/lang/String')}
  0x0000020ebb4f40cc: 48b9 f03e | 01e3 0e02 | 0000 ff81 | 3001 0000 | 498b c9c1 | e118 c1f9 | 18d3 fa48 | 8bfa ffcf 
  0x0000020ebb4f40ec: ;   {metadata(method data for {method} {0x0000020ece453a10} 'lastIndexOf' '(I)I' in 'java/lang/String')}
  0x0000020ebb4f40ec: 498b d048 | bbe0 9306 | e30e 0200 | 0048 8383 | 4801 0000 

  0x0000020ebb4f4100: ;   {metadata(method data for {method} {0x0000020ece453960} 'lastIndexOf' '(II)I' in 'java/lang/String')}
  0x0000020ebb4f4100: 0148 baf0 | 8c06 e30e | 0200 008b | 9acc 0000 | 0083 c302 | 899a cc00 | 0000 81e3 | feff 1f00 
  0x0000020ebb4f4120: 85db 0f84 | 8f15 0000 

  0x0000020ebb4f4128: ;   {metadata(method data for {method} {0x0000020ece453960} 'lastIndexOf' '(II)I' in 'java/lang/String')}
  0x0000020ebb4f4128: 498b d048 | bbf0 8c06 | e30e 0200 | 0048 8383 | 1001 0000 

  0x0000020ebb4f413c: ;   {metadata(method data for {method} {0x0000020ece4540f0} 'isLatin1' '()Z' in 'java/lang/String')}
  0x0000020ebb4f413c: 0148 baa0 | ce00 e30e | 0200 008b | 9acc 0000 | 0083 c302 | 899a cc00 | 0000 81e3 | feff 1f00 
  0x0000020ebb4f415c: 85db 0f84 | 7415 0000 

  0x0000020ebb4f4164: ;   {metadata(method data for {method} {0x0000020ece4540f0} 'isLatin1' '()Z' in 'java/lang/String')}
  0x0000020ebb4f4164: 48ba a0ce | 00e3 0e02 | 0000 ff82 | 2001 0000 

  0x0000020ebb4f4174: ;   {metadata(method data for {method} {0x0000020ece4540f0} 'isLatin1' '()Z' in 'java/lang/String')}
  0x0000020ebb4f4174: 4585 c948 | baa0 ce00 | e30e 0200 | 0049 c7c1 | 3001 0000 | 7507 49c7 | c140 0100 | 004a 8b1c 
  0x0000020ebb4f4194: 0a48 8d5b | 014a 891c | 0a0f 851a 

  0x0000020ebb4f41a0: ;   {metadata(method data for {method} {0x0000020ece4540f0} 'isLatin1' '()Z' in 'java/lang/String')}
  0x0000020ebb4f41a0: 0000 0048 | baa0 ce00 | e30e 0200 | 00ff 8250 | 0100 00ba | 0100 0000 | e905 0000 | 00ba 0000 
  0x0000020ebb4f41c0: 0000 83e2 

  0x0000020ebb4f41c4: ;   {metadata(method data for {method} {0x0000020ece453960} 'lastIndexOf' '(II)I' in 'java/lang/String')}
  0x0000020ebb4f41c4: 0185 d248 | baf0 8c06 | e30e 0200 | 0049 c7c1 | 4801 0000 | 7407 49c7 | c158 0100 | 004a 8b1c 
  0x0000020ebb4f41e4: 0a48 8d5b | 014a 891c | 0a0f 8446 

  0x0000020ebb4f41f0: ;   {metadata(method data for {method} {0x0000020ece453960} 'lastIndexOf' '(II)I' in 'java/lang/String')}
  0x0000020ebb4f41f0: 0000 0048 | baf0 8c06 | e30e 0200 | 0048 8382 | 6801 0000 | 0148 8bd6 | 41b8 2e00 | 0000 4c8b 
  0x0000020ebb4f4210: cf66 0f1f 

  0x0000020ebb4f4214: ;   {static_call}
  0x0000020ebb4f4214: 4400 00e8 

  0x0000020ebb4f4218: ; ImmutableOopMap {[168]=Oop [176]=Oop [184]=Oop }
                      ;*invokestatic lastIndexOf {reexecute=0 rethrow=0 return_oop=0}
                      ; - java.lang.String::lastIndexOf@13
                      ; - java.lang.String::lastIndexOf@8
                      ; - java.net.URLClassLoader::defineClass@7
  0x0000020ebb4f4218: 040d 8807 

  0x0000020ebb4f421c: ;   {other}
  0x0000020ebb4f421c: 0f1f 8400 | 0c07 0000 

  0x0000020ebb4f4224: ;   {metadata(method data for {method} {0x0000020ece453960} 'lastIndexOf' '(II)I' in 'java/lang/String')}
  0x0000020ebb4f4224: 48ba f08c | 06e3 0e02 | 0000 ff82 | 7801 0000 | e92b 0000 

  0x0000020ebb4f4238: ;   {metadata(method data for {method} {0x0000020ece453960} 'lastIndexOf' '(II)I' in 'java/lang/String')}
  0x0000020ebb4f4238: 0048 baf0 | 8c06 e30e | 0200 0048 | 8382 9001 | 0000 0148 | 8bd6 41b8 | 2e00 0000 

  0x0000020ebb4f4254: ;   {static_call}
  0x0000020ebb4f4254: 4c8b cfe8 

  0x0000020ebb4f4258: ; ImmutableOopMap {[168]=Oop [176]=Oop [184]=Oop }
                      ;*invokestatic lastIndexOf {reexecute=0 rethrow=0 return_oop=0}
                      ; - java.lang.String::lastIndexOf@25
                      ; - java.lang.String::lastIndexOf@8
                      ; - java.net.URLClassLoader::defineClass@7
  0x0000020ebb4f4258: 24ae 2f07 

  0x0000020ebb4f425c: ;   {other}
  0x0000020ebb4f425c: 0f1f 8400 | 4c07 0001 | 8984 24c8 | 0000 004c | 8b8c 24b0 | 0000 0049 | 3b01 498b 

  0x0000020ebb4f4278: ;   {metadata(method data for {method} {0x0000020ee3061a98} 'defineClass' '(Ljava/lang/String;Ljdk/internal/loader/Resource;)Ljava/lang/Class;' in 'java/net/URLClassLoader')}
  0x0000020ebb4f4278: d148 be68 | ff13 e30e | 0200 008b | 5208 49ba | 0000 00ce | 0e02 0000 | 4903 d248 | 3b96 6801 
  0x0000020ebb4f4298: 0000 750d | 4883 8670 | 0100 0001 | e960 0000 | 0048 3b96 | 7801 0000 | 750d 4883 | 8680 0100 
  0x0000020ebb4f42b8: 0001 e94a | 0000 0048 | 83be 6801 | 0000 0075 | 1748 8996 | 6801 0000 | 48c7 8670 | 0100 0001 
  0x0000020ebb4f42d8: 0000 00e9 | 2900 0000 | 4883 be78 | 0100 0000 | 7517 4889 | 9678 0100 | 0048 c786 | 8001 0000 
  0x0000020ebb4f42f8: 0100 0000 | e908 0000 | 0048 8386 | 5801 0000 | 0149 8bd1 | 9048 b830 | 2421 ce0e 

  0x0000020ebb4f4314: ;   {virtual_call}
  0x0000020ebb4f4314: 0200 00e8 

  0x0000020ebb4f4318: ; ImmutableOopMap {[168]=Oop [176]=Oop [184]=Oop }
                      ;*invokevirtual getCodeSourceURL {reexecute=0 rethrow=0 return_oop=0}
                      ; - java.net.URLClassLoader::defineClass@13
  0x0000020ebb4f4318: 0473 2f07 

  0x0000020ebb4f431c: ;   {other}
  0x0000020ebb4f431c: 0f1f 8400 | 0c08 0002 | 4889 8424 | d000 0000 | 448b 8c24 | c800 0000 | 4183 f9ff 

  0x0000020ebb4f4338: ;   {metadata(method data for {method} {0x0000020ee3061a98} 'defineClass' '(Ljava/lang/String;Ljdk/internal/loader/Resource;)Ljava/lang/Class;' in 'java/net/URLClassLoader')}
  0x0000020ebb4f4338: 49b8 68ff | 13e3 0e02 | 0000 48c7 | c290 0100 | 0074 0748 | c7c2 a001 | 0000 498b | 3410 488d 
  0x0000020ebb4f4358: 7601 4989 | 3410 0f84 | 1f04 0000 | 4c8b 8424 | a800 0000 

  0x0000020ebb4f436c: ;   {metadata(method data for {method} {0x0000020ee3061a98} 'defineClass' '(Ljava/lang/String;Ljdk/internal/loader/Resource;)Ljava/lang/Class;' in 'java/net/URLClassLoader')}
  0x0000020ebb4f436c: 48ba 68ff | 13e3 0e02 | 0000 4883 | 82b0 0100 | 0001 41b8 | 0000 0000 | 488b 9424 | a800 0000 
  0x0000020ebb4f438c: ;   {optimized virtual_call}
  0x0000020ebb4f438c: 6666 90e8 

  0x0000020ebb4f4390: ; ImmutableOopMap {[168]=Oop [176]=Oop [184]=Oop [208]=Oop }
                      ;*invokevirtual substring {reexecute=0 rethrow=0 return_oop=0}
                      ; - java.net.URLClassLoader::defineClass@28
  0x0000020ebb4f4390: 6ca7 8a07 

  0x0000020ebb4f4394: ;   {other}
  0x0000020ebb4f4394: 0f1f 8400 | 8408 0003 | 4889 8424 | d800 0000 | 4c8b 8c24 | b000 0000 

  0x0000020ebb4f43ac: ;   {metadata(method data for {method} {0x0000020ee3061a98} 'defineClass' '(Ljava/lang/String;Ljdk/internal/loader/Resource;)Ljava/lang/Class;' in 'java/net/URLClassLoader')}
  0x0000020ebb4f43ac: 48ba 68ff | 13e3 0e02 | 0000 458b | 4908 49ba | 0000 00ce | 0e02 0000 | 4d03 ca4c | 3b8a f801 
  0x0000020ebb4f43cc: 0000 750d | 4883 8200 | 0200 0001 | e960 0000 | 004c 3b8a | 0802 0000 | 750d 4883 | 8210 0200 
  0x0000020ebb4f43ec: 0001 e94a | 0000 0048 | 83ba f801 | 0000 0075 | 174c 898a | f801 0000 | 48c7 8200 | 0200 0001 
  0x0000020ebb4f440c: 0000 00e9 | 2900 0000 | 4883 ba08 | 0200 0000 | 7517 4c89 | 8a08 0200 | 0048 c782 | 1002 0000 
  0x0000020ebb4f442c: 0100 0000 | e908 0000 | 0048 8382 | e801 0000 | 0148 8b94 | 24b0 0000 | 0048 b830 | 2421 ce0e 
  0x0000020ebb4f444c: ;   {virtual_call}
  0x0000020ebb4f444c: 0200 00e8 

  0x0000020ebb4f4450: ; ImmutableOopMap {[168]=Oop [176]=Oop [184]=Oop [208]=Oop [216]=Oop }
                      ;*invokevirtual getManifest {reexecute=0 rethrow=0 return_oop=0}
                      ; - java.net.URLClassLoader::defineClass@34
  0x0000020ebb4f4450: 0c97 daff 

  0x0000020ebb4f4454: ;   {other}
  0x0000020ebb4f4454: 0f1f 8400 | 4409 0004 | 4889 8424 | e000 0000 | 488b 9424 | b800 0000 

  0x0000020ebb4f446c: ;   {metadata(method data for {method} {0x0000020ee3061a98} 'defineClass' '(Ljava/lang/String;Ljdk/internal/loader/Resource;)Ljava/lang/Class;' in 'java/net/URLClassLoader')}
  0x0000020ebb4f446c: 49b8 68ff | 13e3 0e02 | 0000 4983 | 8020 0200 | 0001 4c8b | 8424 d800 | 0000 4c8b | c848 8bbc 
  0x0000020ebb4f448c: 24d0 0000 | 0048 8b94 | 24b8 0000 | 0066 0f1f 

  0x0000020ebb4f449c: ;   {optimized virtual_call}
  0x0000020ebb4f449c: 4400 00e8 

  0x0000020ebb4f44a0: ; ImmutableOopMap {[168]=Oop [176]=Oop [184]=Oop [208]=Oop [216]=Oop [224]=Oop }
                      ;*invokevirtual getAndVerifyPackage {reexecute=0 rethrow=0 return_oop=0}
                      ; - java.net.URLClassLoader::defineClass@46
  0x0000020ebb4f44a0: 7c02 efff 

  0x0000020ebb4f44a4: ;   {other}
  0x0000020ebb4f44a4: 0f1f 8400 | 9409 0005 

  0x0000020ebb4f44ac: ;   {metadata(method data for {method} {0x0000020ee3061a98} 'defineClass' '(Ljava/lang/String;Ljdk/internal/loader/Resource;)Ljava/lang/Class;' in 'java/net/URLClassLoader')}
  0x0000020ebb4f44ac: 4885 c049 | b868 ff13 | e30e 0200 | 0049 c7c1 | 5802 0000 | 7507 49c7 | c168 0200 | 004b 8b3c 
  0x0000020ebb4f44cc: 0848 8d7f | 014b 893c | 080f 85a8 | 0200 0048 | 8b84 24e0 | 0000 0048 

  0x0000020ebb4f44e4: ;   {metadata(method data for {method} {0x0000020ee3061a98} 'defineClass' '(Ljava/lang/String;Ljdk/internal/loader/Resource;)Ljava/lang/Class;' in 'java/net/URLClassLoader')}
  0x0000020ebb4f44e4: 85c0 49b8 | 68ff 13e3 | 0e02 0000 | 49c7 c178 | 0200 0074 | 0749 c7c1 | 8802 0000 | 4b8b 3c08 
  0x0000020ebb4f4504: 488d 7f01 | 4b89 3c08 | 488b 9424 | b800 0000 | 0f84 d000 

  0x0000020ebb4f4518: ;   {metadata(method data for {method} {0x0000020ee3061a98} 'defineClass' '(Ljava/lang/String;Ljdk/internal/loader/Resource;)Ljava/lang/Class;' in 'java/net/URLClassLoader')}
  0x0000020ebb4f4518: 0000 49b8 | 68ff 13e3 | 0e02 0000 | 8b52 0849 | ba00 0000 | ce0e 0200 | 0049 03d2 | 493b 90a8 
  0x0000020ebb4f4538: 0200 0075 | 0d49 8380 | b002 0000 | 01e9 6000 | 0000 493b | 90b8 0200 | 0075 0d49 | 8380 c002 
  0x0000020ebb4f4558: 0000 01e9 | 4a00 0000 | 4983 b8a8 | 0200 0000 | 7517 4989 | 90a8 0200 | 0049 c780 | b002 0000 
  0x0000020ebb4f4578: 0100 0000 | e929 0000 | 0049 83b8 | b802 0000 | 0075 1749 | 8990 b802 | 0000 49c7 | 80c0 0200 
  0x0000020ebb4f4598: 0001 0000 | 00e9 0800 | 0000 4983 | 8098 0200 | 0001 4c8b | 8424 d800 | 0000 4c8b | c848 8bbc 
  0x0000020ebb4f45b8: 24d0 0000 | 0048 8b94 | 24b8 0000 

  0x0000020ebb4f45c4: ;   {optimized virtual_call}
  0x0000020ebb4f45c4: 0066 90e8 

  0x0000020ebb4f45c8: ; ImmutableOopMap {[168]=Oop [176]=Oop [184]=Oop [208]=Oop [216]=Oop [224]=Oop }
                      ;*invokevirtual definePackage {reexecute=0 rethrow=0 return_oop=0}
                      ; - java.net.URLClassLoader::defineClass@64
  0x0000020ebb4f45c8: 54f2 2400 

  0x0000020ebb4f45cc: ;   {other}
  0x0000020ebb4f45cc: 0f1f 8400 | bc0a 0006 

  0x0000020ebb4f45d4: ;   {metadata(method data for {method} {0x0000020ee3061a98} 'defineClass' '(Ljava/lang/String;Ljdk/internal/loader/Resource;)Ljava/lang/Class;' in 'java/net/URLClassLoader')}
  0x0000020ebb4f45d4: 49b8 68ff | 13e3 0e02 | 0000 41ff | 80d0 0200 | 00e9 f200 

  0x0000020ebb4f45e8: ;   {metadata(method data for {method} {0x0000020ee3061a98} 'defineClass' '(Ljava/lang/String;Ljdk/internal/loader/Resource;)Ljava/lang/Class;' in 'java/net/URLClassLoader')}
  0x0000020ebb4f45e8: 0000 49b8 | 68ff 13e3 | 0e02 0000 | 8b52 0849 | ba00 0000 | ce0e 0200 | 0049 03d2 | 493b 90f8 
  0x0000020ebb4f4608: 0200 0075 | 0d49 8380 | 0003 0000 | 01e9 6000 | 0000 493b | 9008 0300 | 0075 0d49 | 8380 1003 
  0x0000020ebb4f4628: 0000 01e9 | 4a00 0000 | 4983 b8f8 | 0200 0000 | 7517 4989 | 90f8 0200 | 0049 c780 | 0003 0000 
  0x0000020ebb4f4648: 0100 0000 | e929 0000 | 0049 83b8 | 0803 0000 | 0075 1749 | 8990 0803 | 0000 49c7 | 8010 0300 
  0x0000020ebb4f4668: 0001 0000 | 00e9 0800 | 0000 4983 | 80e8 0200 | 0001 4c8b | 8424 d800 

  0x0000020ebb4f4680: ;   {oop(nullptr)}
  0x0000020ebb4f4680: 0000 49b9 | 0000 0000 | 0000 0000 

  0x0000020ebb4f468c: ;   {oop(nullptr)}
  0x0000020ebb4f468c: 48bf 0000 | 0000 0000 

  0x0000020ebb4f4694: ;   {oop(nullptr)}
  0x0000020ebb4f4694: 0000 48be | 0000 0000 | 0000 0000 

  0x0000020ebb4f46a0: ;   {oop(nullptr)}
  0x0000020ebb4f46a0: 48b9 0000 | 0000 0000 | 0000 4d33 | d24c 8914 | 244d 33d2 | 4c89 5424 | 084d 33d2 | 4c89 5424 
  0x0000020ebb4f46c0: 1048 8b94 | 24b8 0000 | 0066 0f1f 

  0x0000020ebb4f46cc: ;   {optimized virtual_call}
  0x0000020ebb4f46cc: 4400 00e8 

  0x0000020ebb4f46d0: ; ImmutableOopMap {[168]=Oop [176]=Oop [184]=Oop [208]=Oop [216]=Oop [224]=Oop }
                      ;*invokevirtual definePackage {reexecute=0 rethrow=0 return_oop=0}
                      ; - java.net.URLClassLoader::defineClass@81
  0x0000020ebb4f46d0: aca3 2f07 

  0x0000020ebb4f46d4: ;   {other}
  0x0000020ebb4f46d4: 0f1f 8400 | c40b 0007 

  0x0000020ebb4f46dc: ;   {metadata(method data for {method} {0x0000020ee3061a98} 'defineClass' '(Ljava/lang/String;Ljdk/internal/loader/Resource;)Ljava/lang/Class;' in 'java/net/URLClassLoader')}
  0x0000020ebb4f46dc: 48b8 68ff | 13e3 0e02 | 0000 ff80 | 2003 0000 | e992 0000 | 004c 8b8c | 24e0 0000 | 0049 8b87 
  0x0000020ebb4f46fc: 0005 0000 | 4d33 d24d | 8997 0005 | 0000 4d33 | d24d 8997 | 0805 0000 | 488b 9424 | b800 0000 
  0x0000020ebb4f471c: ;   {metadata(method data for {method} {0x0000020ee3061a98} 'defineClass' '(Ljava/lang/String;Ljdk/internal/loader/Resource;)Ljava/lang/Class;' in 'java/net/URLClassLoader')}
  0x0000020ebb4f471c: 49b8 68ff | 13e3 0e02 | 0000 4983 | 8038 0300 | 0001 4c8b | 8424 d800 | 0000 488b | bc24 d000 
  0x0000020ebb4f473c: 0000 488b | 9424 b800 

  0x0000020ebb4f4744: ;   {optimized virtual_call}
  0x0000020ebb4f4744: 0000 90e8 

  0x0000020ebb4f4748: ; ImmutableOopMap {[168]=Oop [176]=Oop [184]=Oop [208]=Oop [216]=Oop }
                      ;*invokevirtual getAndVerifyPackage {reexecute=0 rethrow=0 return_oop=0}
                      ; - java.net.URLClassLoader::defineClass@97
  0x0000020ebb4f4748: 34a3 2f07 

  0x0000020ebb4f474c: ;   {other}
  0x0000020ebb4f474c: 0f1f 8400 | 3c0c 0008 

  0x0000020ebb4f4754: ;   {metadata(method data for {method} {0x0000020ee3061a98} 'defineClass' '(Ljava/lang/String;Ljdk/internal/loader/Resource;)Ljava/lang/Class;' in 'java/net/URLClassLoader')}
  0x0000020ebb4f4754: 4885 c048 | b868 ff13 | e30e 0200 | 0048 c7c2 | 8003 0000 | 7407 48c7 | c270 0300 | 0048 8b34 
  0x0000020ebb4f4774: 1048 8d76 | 0148 8934 | 100f 84bf | 0a00 004c | 8b8c 24b0 | 0000 0049 

  0x0000020ebb4f478c: ;   {metadata(method data for {method} {0x0000020ee3061a98} 'defineClass' '(Ljava/lang/String;Ljdk/internal/loader/Resource;)Ljava/lang/Class;' in 'java/net/URLClassLoader')}
  0x0000020ebb4f478c: 8bc1 48ba | 68ff 13e3 | 0e02 0000 | 8b40 0849 | ba00 0000 | ce0e 0200 | 0049 03c2 | 483b 8268 
  0x0000020ebb4f47ac: 0400 0075 | 0d48 8382 | 7004 0000 | 01e9 6000 | 0000 483b | 8278 0400 | 0075 0d48 | 8382 8004 
  0x0000020ebb4f47cc: 0000 01e9 | 4a00 0000 | 4883 ba68 | 0400 0000 | 7517 4889 | 8268 0400 | 0048 c782 | 7004 0000 
  0x0000020ebb4f47ec: 0100 0000 | e929 0000 | 0048 83ba | 7804 0000 | 0075 1748 | 8982 7804 | 0000 48c7 | 8280 0400 
  0x0000020ebb4f480c: 0001 0000 | 00e9 0800 | 0000 4883 | 8258 0400 

  0x0000020ebb4f481c: ;   {metadata(method data for {method} {0x0000020ece1700b0} 'getByteBuffer' '()Ljava/nio/ByteBuffer;' in 'jdk/internal/loader/Resource')}
  0x0000020ebb4f481c: 0001 48b8 | e8e4 17e3 | 0e02 0000 | 8b90 cc00 | 0000 83c2 | 0289 90cc | 0000 0081 | e2fe ff1f 
  0x0000020ebb4f483c: 0085 d20f | 84b9 0e00 | 0049 8bc1 

  0x0000020ebb4f4848: ;   {metadata(method data for {method} {0x0000020ece1700b0} 'getByteBuffer' '()Ljava/nio/ByteBuffer;' in 'jdk/internal/loader/Resource')}
  0x0000020ebb4f4848: 48ba e8e4 | 17e3 0e02 | 0000 4883 | 8210 0100 | 0001 488d | 9424 2001 | 0000 4c89 | 4a08 498b 
  0x0000020ebb4f4868: 0148 83c8 | 0148 8902 | f049 0fb1 | 110f 8412 | 0000 0048 | 2bc4 4825 | 07f0 ffff | 4889 020f 
  0x0000020ebb4f4888: 8592 0e00 | 0049 ff87 | 5005 0000 

  0x0000020ebb4f4894: ;   {metadata(method data for {method} {0x0000020ece170370} 'cachedInputStream' '()Ljava/io/InputStream;' in 'jdk/internal/loader/Resource')}
  0x0000020ebb4f4894: 48ba 6808 | 0fe3 0e02 | 0000 8bb2 | cc00 0000 | 83c6 0289 | b2cc 0000 | 0081 e6fe | ff1f 0085 
  0x0000020ebb4f48b4: f60f 8477 | 0e00 0041 | 8b51 0c48 

  0x0000020ebb4f48c0: ;   {metadata(method data for {method} {0x0000020ece170370} 'cachedInputStream' '()Ljava/io/InputStream;' in 'jdk/internal/loader/Resource')}
  0x0000020ebb4f48c0: 85d2 48ba | 6808 0fe3 | 0e02 0000 | 48c7 c610 | 0100 0075 | 0748 c7c6 | 2001 0000 | 488b 3c32 
  0x0000020ebb4f48e0: 488d 7f01 | 4889 3c32 | 0f85 de00 | 0000 498b 

  0x0000020ebb4f48f0: ;   {metadata(method data for {method} {0x0000020ece170370} 'cachedInputStream' '()Ljava/io/InputStream;' in 'jdk/internal/loader/Resource')}
  0x0000020ebb4f48f0: d148 be68 | 080f e30e | 0200 008b | 5208 49ba | 0000 00ce | 0e02 0000 | 4903 d248 | 3b96 4001 
  0x0000020ebb4f4910: 0000 750d | 4883 8648 | 0100 0001 | e960 0000 | 0048 3b96 | 5001 0000 | 750d 4883 | 8658 0100 
  0x0000020ebb4f4930: 0001 e94a | 0000 0048 | 83be 4001 | 0000 0075 | 1748 8996 | 4001 0000 | 48c7 8648 | 0100 0001 
  0x0000020ebb4f4950: 0000 00e9 | 2900 0000 | 4883 be50 | 0100 0000 | 7517 4889 | 9650 0100 | 0048 c786 | 5801 0000 
  0x0000020ebb4f4970: 0100 0000 | e908 0000 | 0048 8386 | 3001 0000 | 0149 8bd1 | 9048 b830 | 2421 ce0e 

  0x0000020ebb4f498c: ;   {virtual_call}
  0x0000020ebb4f498c: 0200 00e8 

  0x0000020ebb4f4990: ; ImmutableOopMap {[168]=Oop [176]=Oop [184]=Oop [208]=Oop [296]=Oop }
                      ;*invokevirtual getInputStream {reexecute=0 rethrow=0 return_oop=0}
                      ; - jdk.internal.loader.Resource::cachedInputStream@9
                      ; - jdk.internal.loader.Resource::getByteBuffer@1
                      ; - java.net.URLClassLoader::defineClass@132
  0x0000020ebb4f4990: cc6c 2f07 

  0x0000020ebb4f4994: ;   {other}
  0x0000020ebb4f4994: 0f1f 8400 | 840e 0009 | 410f be57 | 4085 d24c | 8b8c 24b0 | 0000 000f | 85a2 0d00 | 004c 8bd0 
  0x0000020ebb4f49b4: 4589 510c | 498b d148 | 33d0 48c1 | ea14 4883 | fa00 0f85 | a30d 0000 | 418b 510c | 488d 8424 
  0x0000020ebb4f49d4: 2001 0000 | 488b 3048 | 85f6 0f84 | 0f00 0000 | 488b 7808 | f048 0fb1 | 370f 8594 | 0d00 0049 
  0x0000020ebb4f49f4: ff8f 5005 | 0000 4885 

  0x0000020ebb4f49fc: ;   {metadata(method data for {method} {0x0000020ece1700b0} 'getByteBuffer' '()Ljava/nio/ByteBuffer;' in 'jdk/internal/loader/Resource')}
  0x0000020ebb4f49fc: d275 1648 | bbe8 e417 | e30e 0200 | 0080 8b41 | 0100 0001 | e9e7 0000 

  0x0000020ebb4f4a14: ;   {metadata('sun/nio/ByteBuffered')}
  0x0000020ebb4f4a14: 0048 b878 | 3336 ce0e | 0200 008b | 5a08 49ba | 0000 00ce | 0e02 0000 | 4903 da48 | 3b43 200f 
  0x0000020ebb4f4a34: 841a 0000 | 0048 3bd8 | 0f84 1100 | 0000 5350 

  0x0000020ebb4f4a44: ;   {runtime_call slow_subtype_check Runtime1 stub}
  0x0000020ebb4f4a44: e8b7 253d | 075b 5b85 | db0f 848d 

  0x0000020ebb4f4a50: ;   {metadata(method data for {method} {0x0000020ece1700b0} 'getByteBuffer' '()Ljava/nio/ByteBuffer;' in 'jdk/internal/loader/Resource')}
  0x0000020ebb4f4a50: 0000 0048 | bbe8 e417 | e30e 0200 | 008b 4208 | 49ba 0000 | 00ce 0e02 | 0000 4903 | c248 3b83 
  0x0000020ebb4f4a70: 5801 0000 | 750d 4883 | 8360 0100 | 0001 e97e | 0000 0048 | 3b83 6801 | 0000 750d | 4883 8370 
  0x0000020ebb4f4a90: 0100 0001 | e968 0000 | 0048 83bb | 5801 0000 | 0075 1748 | 8983 5801 | 0000 48c7 | 8360 0100 
  0x0000020ebb4f4ab0: 0001 0000 | 00e9 4700 | 0000 4883 | bb68 0100 | 0000 7517 | 4889 8368 | 0100 0048 | c783 7001 
  0x0000020ebb4f4ad0: 0000 0100 | 0000 e926 | 0000 00e9 | 2100 0000 

  0x0000020ebb4f4ae0: ;   {metadata(method data for {method} {0x0000020ece1700b0} 'getByteBuffer' '()Ljava/nio/ByteBuffer;' in 'jdk/internal/loader/Resource')}
  0x0000020ebb4f4ae0: 48bb e8e4 | 17e3 0e02 | 0000 4883 | ab48 0100 | 0001 e905 | 0000 00e9 | 0500 0000 | 4833 f6eb 
  0x0000020ebb4f4b00: 0748 c7c6 | 0100 0000 

  0x0000020ebb4f4b08: ;   {metadata(method data for {method} {0x0000020ece1700b0} 'getByteBuffer' '()Ljava/nio/ByteBuffer;' in 'jdk/internal/loader/Resource')}
  0x0000020ebb4f4b08: 85f6 48be | e8e4 17e3 | 0e02 0000 | 48c7 c780 | 0100 0074 | 0748 c7c7 | 9001 0000 | 488b 1c3e 
  0x0000020ebb4f4b28: 488d 5b01 | 4889 1c3e | 0f84 bb01 | 0000 4885 

  0x0000020ebb4f4b38: ;   {metadata(method data for {method} {0x0000020ece1700b0} 'getByteBuffer' '()Ljava/nio/ByteBuffer;' in 'jdk/internal/loader/Resource')}
  0x0000020ebb4f4b38: d275 1648 | bfe8 e417 | e30e 0200 | 0080 8f99 | 0100 0001 | e9e7 0000 

  0x0000020ebb4f4b50: ;   {metadata('sun/nio/ByteBuffered')}
  0x0000020ebb4f4b50: 0048 bb78 | 3336 ce0e | 0200 008b | 7a08 49ba | 0000 00ce | 0e02 0000 | 4903 fa48 | 3b5f 200f 
  0x0000020ebb4f4b70: 841a 0000 | 0048 3bfb | 0f84 1100 | 0000 5753 

  0x0000020ebb4f4b80: ;   {runtime_call slow_subtype_check Runtime1 stub}
  0x0000020ebb4f4b80: e87b 243d | 075f 5f85 | ff0f 848d 

  0x0000020ebb4f4b8c: ;   {metadata(method data for {method} {0x0000020ece1700b0} 'getByteBuffer' '()Ljava/nio/ByteBuffer;' in 'jdk/internal/loader/Resource')}
  0x0000020ebb4f4b8c: 0000 0048 | bfe8 e417 | e30e 0200 | 008b 5a08 | 49ba 0000 | 00ce 0e02 | 0000 4903 | da48 3b9f 
  0x0000020ebb4f4bac: b001 0000 | 750d 4883 | 87b8 0100 | 0001 e979 | 0000 0048 | 3b9f c001 | 0000 750d | 4883 87c8 
  0x0000020ebb4f4bcc: 0100 0001 | e963 0000 | 0048 83bf | b001 0000 | 0075 1748 | 899f b001 | 0000 48c7 | 87b8 0100 
  0x0000020ebb4f4bec: 0001 0000 | 00e9 4200 | 0000 4883 | bfc0 0100 | 0000 7517 | 4889 9fc0 | 0100 0048 | c787 c801 
  0x0000020ebb4f4c0c: 0000 0100 | 0000 e921 | 0000 00e9 | 1c00 0000 

  0x0000020ebb4f4c1c: ;   {metadata(method data for {method} {0x0000020ece1700b0} 'getByteBuffer' '()Ljava/nio/ByteBuffer;' in 'jdk/internal/loader/Resource')}
  0x0000020ebb4f4c1c: 48bf e8e4 | 17e3 0e02 | 0000 4883 | afa0 0100 | 0001 e96a | 0b00 00e9 | 0000 0000 

  0x0000020ebb4f4c38: ; implicit exception: dispatches to 0x0000020ebb4f57a6
  0x0000020ebb4f4c38: 483b 0248 

  0x0000020ebb4f4c3c: ;   {metadata(method data for {method} {0x0000020ece1700b0} 'getByteBuffer' '()Ljava/nio/ByteBuffer;' in 'jdk/internal/loader/Resource')}
  0x0000020ebb4f4c3c: 8bf2 48bf | e8e4 17e3 | 0e02 0000 | 8b76 0849 | ba00 0000 | ce0e 0200 | 0049 03f2 | 483b b7e8 
  0x0000020ebb4f4c5c: 0100 0075 | 0d48 8387 | f001 0000 | 01e9 6000 | 0000 483b | b7f8 0100 | 0075 0d48 | 8387 0002 
  0x0000020ebb4f4c7c: 0000 01e9 | 4a00 0000 | 4883 bfe8 | 0100 0000 | 7517 4889 | b7e8 0100 | 0048 c787 | f001 0000 
  0x0000020ebb4f4c9c: 0100 0000 | e929 0000 | 0048 83bf | f801 0000 | 0075 1748 | 89b7 f801 | 0000 48c7 | 8700 0200 
  0x0000020ebb4f4cbc: 0001 0000 | 00e9 0800 | 0000 4883 | 87d8 0100 | 0001 0f1f | 8000 0000 | 0048 b8ff | ffff ffff 
  0x0000020ebb4f4cdc: ;   {virtual_call}
  0x0000020ebb4f4cdc: ffff ffe8 

  0x0000020ebb4f4ce0: ; ImmutableOopMap {[168]=Oop [176]=Oop [184]=Oop [208]=Oop }
                      ;*invokeinterface getByteBuffer {reexecute=0 rethrow=0 return_oop=0}
                      ; - jdk.internal.loader.Resource::getByteBuffer@16
                      ; - java.net.URLClassLoader::defineClass@132
  0x0000020ebb4f4ce0: 9ca0 2f07 

  0x0000020ebb4f4ce4: ;   {other}
  0x0000020ebb4f4ce4: 0f1f 8400 | d411 000a | e90a 0000 

  0x0000020ebb4f4cf0: ;   {oop(nullptr)}
  0x0000020ebb4f4cf0: 0048 b800 | 0000 0000 | 0000 0048 

  0x0000020ebb4f4cfc: ;   {metadata(method data for {method} {0x0000020ee3061a98} 'defineClass' '(Ljava/lang/String;Ljdk/internal/loader/Resource;)Ljava/lang/Class;' in 'java/net/URLClassLoader')}
  0x0000020ebb4f4cfc: 85c0 48ba | 68ff 13e3 | 0e02 0000 | 48c7 c690 | 0400 0074 | 0748 c7c6 | a004 0000 | 488b 3c32 
  0x0000020ebb4f4d1c: 488d 7f01 | 4889 3c32 | 0f84 3002 | 0000 4889 | 8424 e800 | 0000 4c8b | 8c24 b000 

  0x0000020ebb4f4d38: ;   {metadata(method data for {method} {0x0000020ee3061a98} 'defineClass' '(Ljava/lang/String;Ljdk/internal/loader/Resource;)Ljava/lang/Class;' in 'java/net/URLClassLoader')}
  0x0000020ebb4f4d38: 0000 48ba | 68ff 13e3 | 0e02 0000 | 458b 4908 | 49ba 0000 | 00ce 0e02 | 0000 4d03 | ca4c 3b8a 
  0x0000020ebb4f4d58: c004 0000 | 750d 4883 | 82c8 0400 | 0001 e960 | 0000 004c | 3b8a d004 | 0000 750d | 4883 82d8 
  0x0000020ebb4f4d78: 0400 0001 | e94a 0000 | 0048 83ba | c004 0000 | 0075 174c | 898a c004 | 0000 48c7 | 82c8 0400 
  0x0000020ebb4f4d98: 0001 0000 | 00e9 2900 | 0000 4883 | bad0 0400 | 0000 7517 | 4c89 8ad0 | 0400 0048 | c782 d804 
  0x0000020ebb4f4db8: 0000 0100 | 0000 e908 | 0000 0048 | 8382 b004 | 0000 0148 | 8b94 24b0 | 0000 0066 | 9048 b8ff 
  0x0000020ebb4f4dd8: ffff ffff 

  0x0000020ebb4f4ddc: ;   {virtual_call}
  0x0000020ebb4f4ddc: ffff ffe8 

  0x0000020ebb4f4de0: ; ImmutableOopMap {[168]=Oop [184]=Oop [208]=Oop [232]=Oop }
                      ;*invokevirtual getCodeSigners {reexecute=0 rethrow=0 return_oop=0}
                      ; - java.net.URLClassLoader::defineClass@143
  0x0000020ebb4f4de0: 9c9f 2f07 

  0x0000020ebb4f4de4: ;   {other}
  0x0000020ebb4f4de4: 0f1f 8400 | d412 000b 

  0x0000020ebb4f4dec: ;   {metadata('java/security/CodeSource')}
  0x0000020ebb4f4dec: 4c8b c848 | ba28 5c00 | ce0e 0200 | 0049 8b87 | b801 0000 | 488d 7828 | 493b bfc8 | 0100 000f 
  0x0000020ebb4f4e0c: 879a 0900 | 0049 89bf | b801 0000 | 48c7 0001 | 0000 0048 | 8bca 49ba | 0000 00ce | 0e02 0000 
  0x0000020ebb4f4e2c: 492b ca89 | 4808 4833 | c989 480c | 4833 c948 | 8948 1048 | 8948 1848 | 8948 204c 

  0x0000020ebb4f4e48: ;   {metadata(method data for {method} {0x0000020ee3061a98} 'defineClass' '(Ljava/lang/String;Ljdk/internal/loader/Resource;)Ljava/lang/Class;' in 'java/net/URLClassLoader')}
  0x0000020ebb4f4e48: 8bc0 48ba | 68ff 13e3 | 0e02 0000 | 4883 82e8 | 0400 0001 | 4c8b 8424 | d000 0000 | 488b d048 
  0x0000020ebb4f4e68: 8984 24f0 

  0x0000020ebb4f4e6c: ;   {optimized virtual_call}
  0x0000020ebb4f4e6c: 0000 00e8 

  0x0000020ebb4f4e70: ; ImmutableOopMap {[168]=Oop [184]=Oop [232]=Oop [240]=Oop }
                      ;*invokespecial <init> {reexecute=0 rethrow=0 return_oop=0}
                      ; - java.net.URLClassLoader::defineClass@156
  0x0000020ebb4f4e70: 0c9c 2f07 

  0x0000020ebb4f4e74: ;   {other}
  0x0000020ebb4f4e74: 0f1f 8400 | 6413 000c 

  0x0000020ebb4f4e7c: ;   {metadata(method data for {method} {0x0000020ee3061a98} 'defineClass' '(Ljava/lang/String;Ljdk/internal/loader/Resource;)Ljava/lang/Class;' in 'java/net/URLClassLoader')}
  0x0000020ebb4f4e7c: 49b8 68ff | 13e3 0e02 | 0000 4983 | 80f8 0400 

  0x0000020ebb4f4e8c: ;   {metadata(method data for {method} {0x0000020ece1042a8} 'getReadClassBytesTime' '()Ljdk/internal/perf/PerfCounter;' in 'jdk/internal/perf/PerfCounter')}
  0x0000020ebb4f4e8c: 0001 49b8 | 7092 16e3 | 0e02 0000 | 418b 90cc | 0000 0083 | c202 4189 | 90cc 0000 | 0081 e2fe 
  0x0000020ebb4f4eac: ff1f 0085 | d20f 8401 

  0x0000020ebb4f4eb4: ;   {oop(a 'jdk/internal/perf/PerfCounter'{0x00000000e0701330})}
  0x0000020ebb4f4eb4: 0900 0048 | ba30 1370 | e000 0000 | 004c 8bc2 

  0x0000020ebb4f4ec4: ;   {metadata(method data for {method} {0x0000020ee3061a98} 'defineClass' '(Ljava/lang/String;Ljdk/internal/loader/Resource;)Ljava/lang/Class;' in 'java/net/URLClassLoader')}
  0x0000020ebb4f4ec4: 48be 68ff | 13e3 0e02 

  0x0000020ebb4f4ecc: ;   {metadata('jdk/internal/perf/PerfCounter')}
  0x0000020ebb4f4ecc: 0000 49ba | 6036 10ce | 0e02 0000 | 4c89 9618 | 0500 0048 | 8386 2005 | 0000 014c | 8b84 24c0 
  0x0000020ebb4f4eec: ;   {optimized virtual_call}
  0x0000020ebb4f4eec: 0000 00e8 

  0x0000020ebb4f4ef0: ; ImmutableOopMap {[168]=Oop [184]=Oop [232]=Oop [240]=Oop }
                      ;*invokevirtual addElapsedTimeFrom {reexecute=0 rethrow=0 return_oop=0}
                      ; - java.net.URLClassLoader::defineClass@165
  0x0000020ebb4f4ef0: 8c9b 2f07 

  0x0000020ebb4f4ef4: ;   {other}
  0x0000020ebb4f4ef4: 0f1f 8400 | e413 000d | 488b 9424 | b800 0000 

  0x0000020ebb4f4f04: ;   {metadata(method data for {method} {0x0000020ee3061a98} 'defineClass' '(Ljava/lang/String;Ljdk/internal/loader/Resource;)Ljava/lang/Class;' in 'java/net/URLClassLoader')}
  0x0000020ebb4f4f04: 49b8 68ff | 13e3 0e02 | 0000 4983 | 8040 0500 | 0001 4c8b | 8424 a800 | 0000 4c8b | 8c24 e800 
  0x0000020ebb4f4f24: 0000 488b | bc24 f000 | 0000 488b | 9424 b800 

  0x0000020ebb4f4f34: ;   {optimized virtual_call}
  0x0000020ebb4f4f34: 0000 90e8 

  0x0000020ebb4f4f38: ; ImmutableOopMap {}
                      ;*invokevirtual defineClass {reexecute=0 rethrow=0 return_oop=0}
                      ; - java.net.URLClassLoader::defineClass@174
  0x0000020ebb4f4f38: 449b 2f07 

  0x0000020ebb4f4f3c: ;   {other}
  0x0000020ebb4f4f3c: 0f1f 8400 | 2c14 000e | 4881 c440 | 0100 005d 

  0x0000020ebb4f4f4c: ;   {poll_return}
  0x0000020ebb4f4f4c: 493b a750 | 0400 000f | 8780 0800 | 00c3 4c8b | 8c24 b000 | 0000 498b 

  0x0000020ebb4f4f64: ;   {metadata(method data for {method} {0x0000020ee3061a98} 'defineClass' '(Ljava/lang/String;Ljdk/internal/loader/Resource;)Ljava/lang/Class;' in 'java/net/URLClassLoader')}
  0x0000020ebb4f4f64: f948 bb68 | ff13 e30e | 0200 008b | 7f08 49ba | 0000 00ce | 0e02 0000 | 4903 fa48 | 3bbb 8805 
  0x0000020ebb4f4f84: 0000 750d | 4883 8390 | 0500 0001 | e960 0000 | 0048 3bbb | 9805 0000 | 750d 4883 | 83a0 0500 
  0x0000020ebb4f4fa4: 0001 e94a | 0000 0048 | 83bb 8805 | 0000 0075 | 1748 89bb | 8805 0000 | 48c7 8390 | 0500 0001 
  0x0000020ebb4f4fc4: 0000 00e9 | 2900 0000 | 4883 bb98 | 0500 0000 | 7517 4889 | bb98 0500 | 0048 c783 | a005 0000 
  0x0000020ebb4f4fe4: 0100 0000 | e908 0000 | 0048 8383 | 7805 0000 | 0149 8bd1 | 0f1f 4400 | 0048 b830 | 2421 ce0e 
  0x0000020ebb4f5004: ;   {virtual_call}
  0x0000020ebb4f5004: 0200 00e8 

  0x0000020ebb4f5008: ; ImmutableOopMap {[168]=Oop [176]=Oop [184]=Oop [208]=Oop }
                      ;*invokevirtual getBytes {reexecute=0 rethrow=0 return_oop=0}
                      ; - java.net.URLClassLoader::defineClass@179
  0x0000020ebb4f5008: 9466 2f07 

  0x0000020ebb4f500c: ;   {other}
  0x0000020ebb4f500c: 0f1f 8400 | fc14 000f | 4c8b 8c24 | b000 0000 

  0x0000020ebb4f501c: ;   {metadata(method data for {method} {0x0000020ee3061a98} 'defineClass' '(Ljava/lang/String;Ljdk/internal/loader/Resource;)Ljava/lang/Class;' in 'java/net/URLClassLoader')}
  0x0000020ebb4f501c: 48ba 68ff | 13e3 0e02 | 0000 458b | 4908 49ba | 0000 00ce | 0e02 0000 | 4d03 ca4c | 3b8a c005 
  0x0000020ebb4f503c: 0000 750d | 4883 82c8 | 0500 0001 | e960 0000 | 004c 3b8a | d005 0000 | 750d 4883 | 82d8 0500 
  0x0000020ebb4f505c: 0001 e94a | 0000 0048 | 83ba c005 | 0000 0075 | 174c 898a | c005 0000 | 48c7 82c8 | 0500 0001 
  0x0000020ebb4f507c: 0000 00e9 | 2900 0000 | 4883 bad0 | 0500 0000 | 7517 4c89 | 8ad0 0500 | 0048 c782 | d805 0000 
  0x0000020ebb4f509c: 0100 0000 | e908 0000 | 0048 8382 | b005 0000 | 0148 8b94 | 24b0 0000 | 0048 8984 | 24f8 0000 
  0x0000020ebb4f50bc: 0048 b830 | 2421 ce0e 

  0x0000020ebb4f50c4: ;   {virtual_call}
  0x0000020ebb4f50c4: 0200 00e8 

  0x0000020ebb4f50c8: ; ImmutableOopMap {[168]=Oop [184]=Oop [208]=Oop [248]=Oop }
                      ;*invokevirtual getCodeSigners {reexecute=0 rethrow=0 return_oop=0}
                      ; - java.net.URLClassLoader::defineClass@185
  0x0000020ebb4f50c8: d466 2f07 

  0x0000020ebb4f50cc: ;   {other}
  0x0000020ebb4f50cc: 0f1f 8400 | bc15 0010 

  0x0000020ebb4f50d4: ;   {metadata('java/security/CodeSource')}
  0x0000020ebb4f50d4: 4c8b c848 | ba28 5c00 | ce0e 0200 | 0049 8b87 | b801 0000 | 488d 7828 | 493b bfc8 | 0100 000f 
  0x0000020ebb4f50f4: 87f6 0600 | 0049 89bf | b801 0000 | 48c7 0001 | 0000 0048 | 8bca 49ba | 0000 00ce | 0e02 0000 
  0x0000020ebb4f5114: 492b ca89 | 4808 4833 | c989 480c | 4833 c948 | 8948 1048 | 8948 1848 | 8948 204c 

  0x0000020ebb4f5130: ;   {metadata(method data for {method} {0x0000020ee3061a98} 'defineClass' '(Ljava/lang/String;Ljdk/internal/loader/Resource;)Ljava/lang/Class;' in 'java/net/URLClassLoader')}
  0x0000020ebb4f5130: 8bc0 48ba | 68ff 13e3 | 0e02 0000 | 4883 82e8 | 0500 0001 | 4c8b 8424 | d000 0000 | 488b d048 
  0x0000020ebb4f5150: 8984 2400 

  0x0000020ebb4f5154: ;   {optimized virtual_call}
  0x0000020ebb4f5154: 0100 00e8 

  0x0000020ebb4f5158: ; ImmutableOopMap {[168]=Oop [184]=Oop [248]=Oop [256]=Oop }
                      ;*invokespecial <init> {reexecute=0 rethrow=0 return_oop=0}
                      ; - java.net.URLClassLoader::defineClass@198
  0x0000020ebb4f5158: 842b a807 

  0x0000020ebb4f515c: ;   {other}
  0x0000020ebb4f515c: 0f1f 8400 | 4c16 0011 

  0x0000020ebb4f5164: ;   {metadata(method data for {method} {0x0000020ee3061a98} 'defineClass' '(Ljava/lang/String;Ljdk/internal/loader/Resource;)Ljava/lang/Class;' in 'java/net/URLClassLoader')}
  0x0000020ebb4f5164: 49b8 68ff | 13e3 0e02 | 0000 4983 | 80f8 0500 

  0x0000020ebb4f5174: ;   {metadata(method data for {method} {0x0000020ece1042a8} 'getReadClassBytesTime' '()Ljdk/internal/perf/PerfCounter;' in 'jdk/internal/perf/PerfCounter')}
  0x0000020ebb4f5174: 0001 49b8 | 7092 16e3 | 0e02 0000 | 418b 90cc | 0000 0083 | c202 4189 | 90cc 0000 | 0081 e2fe 
  0x0000020ebb4f5194: ff1f 0085 | d20f 845d 

  0x0000020ebb4f519c: ;   {oop(a 'jdk/internal/perf/PerfCounter'{0x00000000e0701330})}
  0x0000020ebb4f519c: 0600 0048 | ba30 1370 | e000 0000 | 004c 8bc2 

  0x0000020ebb4f51ac: ;   {metadata(method data for {method} {0x0000020ee3061a98} 'defineClass' '(Ljava/lang/String;Ljdk/internal/loader/Resource;)Ljava/lang/Class;' in 'java/net/URLClassLoader')}
  0x0000020ebb4f51ac: 48be 68ff | 13e3 0e02 | 0000 4883 | 8620 0600 | 0001 4c8b | 8424 c000 

  0x0000020ebb4f51c4: ;   {optimized virtual_call}
  0x0000020ebb4f51c4: 0000 90e8 

  0x0000020ebb4f51c8: ; ImmutableOopMap {[168]=Oop [184]=Oop [248]=Oop [256]=Oop }
                      ;*invokevirtual addElapsedTimeFrom {reexecute=0 rethrow=0 return_oop=0}
                      ; - java.net.URLClassLoader::defineClass@207
  0x0000020ebb4f51c8: 744d 9a07 

  0x0000020ebb4f51cc: ;   {other}
  0x0000020ebb4f51cc: 0f1f 8400 | bc16 0012 | 488b 8424 | f800 0000 

  0x0000020ebb4f51dc: ; implicit exception: dispatches to 0x0000020ebb4f581d
  0x0000020ebb4f51dc: 8b70 0c48 | 8b94 24b8 

  0x0000020ebb4f51e4: ;   {metadata(method data for {method} {0x0000020ee3061a98} 'defineClass' '(Ljava/lang/String;Ljdk/internal/loader/Resource;)Ljava/lang/Class;' in 'java/net/URLClassLoader')}
  0x0000020ebb4f51e4: 0000 0049 | b868 ff13 | e30e 0200 | 0049 8380 | 4006 0000 | 014c 8b84 | 24a8 0000 | 004c 8bc8 
  0x0000020ebb4f5204: bf00 0000 | 0048 8b8c | 2400 0100 | 0048 8b94 | 24b8 0000 | 0066 0f1f 

  0x0000020ebb4f521c: ;   {optimized virtual_call}
  0x0000020ebb4f521c: 4400 00e8 

  0x0000020ebb4f5220: ; ImmutableOopMap {}
                      ;*invokevirtual defineClass {reexecute=0 rethrow=0 return_oop=0}
                      ; - java.net.URLClassLoader::defineClass@220
  0x0000020ebb4f5220: 1c9e ac07 

  0x0000020ebb4f5224: ;   {other}
  0x0000020ebb4f5224: 0f1f 8400 | 1417 0013 | 4881 c440 | 0100 005d 

  0x0000020ebb4f5234: ;   {poll_return}
  0x0000020ebb4f5234: 493b a750 | 0400 000f | 87e1 0500 | 00c3 660f | 1f44 0000 

  0x0000020ebb4f5248: ;   {no_reloc}
  0x0000020ebb4f5248: e9fa 0500 | 0000 0000 | 0000 80ba | 3101 0000 | 040f 85f7 | 0500 0049 | 8b87 b801 | 0000 488d 
  0x0000020ebb4f5268: 7828 493b | bfc8 0100 | 000f 87df | 0500 0049 | 89bf b801 | 0000 48c7 | 0001 0000 | 0048 8bca 
  0x0000020ebb4f5288: 49ba 0000 | 00ce 0e02 | 0000 492b | ca89 4808 | 4833 c989 | 480c 4833 | c948 8948 | 1048 8948 
  0x0000020ebb4f52a8: 1848 8948 

  0x0000020ebb4f52ac: ;   {metadata('java/lang/StringBuilder')}
  0x0000020ebb4f52ac: 2048 ba40 | 8000 ce0e | 0200 0048 | 8984 2410 | 0100 0049 | 8b87 b801 | 0000 488d | 7818 493b 
  0x0000020ebb4f52cc: bfc8 0100 | 000f 878c | 0500 0049 | 89bf b801 | 0000 48c7 | 0001 0000 | 0048 8bca | 49ba 0000 
  0x0000020ebb4f52ec: 00ce 0e02 | 0000 492b | ca89 4808 | 4833 c989 | 480c 4833 | c948 8948 | 104c 8bc0 

  0x0000020ebb4f5308: ;   {metadata(method data for {method} {0x0000020ee3061a98} 'defineClass' '(Ljava/lang/String;Ljdk/internal/loader/Resource;)Ljava/lang/Class;' in 'java/net/URLClassLoader')}
  0x0000020ebb4f5308: 48ba 68ff | 13e3 0e02 | 0000 4883 | 8290 0300 

  0x0000020ebb4f5318: ;   {metadata(method data for {method} {0x0000020ece4619d8} '<init>' '()V' in 'java/lang/StringBuilder')}
  0x0000020ebb4f5318: 0001 49b8 | f02c 03e3 | 0e02 0000 | 418b 90cc | 0000 0083 | c202 4189 | 90cc 0000 | 0081 e2fe 
  0x0000020ebb4f5338: ff1f 0085 | d20f 842d | 0500 004c 

  0x0000020ebb4f5344: ;   {metadata(method data for {method} {0x0000020ece4619d8} '<init>' '()V' in 'java/lang/StringBuilder')}
  0x0000020ebb4f5344: 8bc0 48ba | f02c 03e3 | 0e02 0000 | 4883 8210 | 0100 0001 | 41b8 1000 | 0000 488b | d048 8984 
  0x0000020ebb4f5364: 2408 0100 | 0066 0f1f 

  0x0000020ebb4f536c: ;   {optimized virtual_call}
  0x0000020ebb4f536c: 4400 00e8 

  0x0000020ebb4f5370: ; ImmutableOopMap {[216]=Oop [264]=Oop [272]=Oop }
                      ;*invokespecial <init> {reexecute=0 rethrow=0 return_oop=0}
                      ; - java.lang.StringBuilder::<init>@3
                      ; - java.net.URLClassLoader::defineClass@111
  0x0000020ebb4f5370: 0c97 2f07 

  0x0000020ebb4f5374: ;   {other}
  0x0000020ebb4f5374: 0f1f 8400 | 6418 0014 | 488b 8424 | 0801 0000 

  0x0000020ebb4f5384: ;   {metadata(method data for {method} {0x0000020ee3061a98} 'defineClass' '(Ljava/lang/String;Ljdk/internal/loader/Resource;)Ljava/lang/Class;' in 'java/net/URLClassLoader')}
  0x0000020ebb4f5384: 49b8 68ff | 13e3 0e02 | 0000 4983 | 80a0 0300 

  0x0000020ebb4f5394: ;   {metadata(method data for {method} {0x0000020ece4617c8} 'append' '(Ljava/lang/String;)Ljava/lang/StringBuilder;' in 'java/lang/StringBuilder')}
  0x0000020ebb4f5394: 0001 49b8 | e02f 03e3 | 0e02 0000 | 418b 90cc | 0000 0083 | c202 4189 | 90cc 0000 | 0081 e2fe 
  0x0000020ebb4f53b4: ff1f 0085 | d20f 84d2 | 0400 0048 | 8b84 2408 

  0x0000020ebb4f53c4: ;   {metadata(method data for {method} {0x0000020ece4617c8} 'append' '(Ljava/lang/String;)Ljava/lang/StringBuilder;' in 'java/lang/StringBuilder')}
  0x0000020ebb4f53c4: 0100 0049 | b8e0 2f03 | e30e 0200 | 0049 8380 | 1001 0000 

  0x0000020ebb4f53d8: ;   {oop("Cannot find package "{0x00000000e0d154e8})}
  0x0000020ebb4f53d8: 0149 b8e8 | 54d1 e000 | 0000 0048 | 8b94 2408 | 0100 000f 

  0x0000020ebb4f53ec: ;   {optimized virtual_call}
  0x0000020ebb4f53ec: 1f40 00e8 

  0x0000020ebb4f53f0: ; ImmutableOopMap {[216]=Oop [264]=Oop [272]=Oop }
                      ;*invokespecial append {reexecute=0 rethrow=0 return_oop=0}
                      ; - java.lang.StringBuilder::append@2
                      ; - java.net.URLClassLoader::defineClass@116
  0x0000020ebb4f53f0: 8c96 2f07 

  0x0000020ebb4f53f4: ;   {other}
  0x0000020ebb4f53f4: 0f1f 8400 | e418 0015 | 488b 8424 | 0801 0000 

  0x0000020ebb4f5404: ;   {metadata(method data for {method} {0x0000020ee3061a98} 'defineClass' '(Ljava/lang/String;Ljdk/internal/loader/Resource;)Ljava/lang/Class;' in 'java/net/URLClassLoader')}
  0x0000020ebb4f5404: 49b8 68ff | 13e3 0e02 | 0000 4983 | 80d8 0300 

  0x0000020ebb4f5414: ;   {metadata(method data for {method} {0x0000020ece4617c8} 'append' '(Ljava/lang/String;)Ljava/lang/StringBuilder;' in 'java/lang/StringBuilder')}
  0x0000020ebb4f5414: 0001 49b8 | e02f 03e3 | 0e02 0000 | 418b 90cc | 0000 0083 | c202 4189 | 90cc 0000 | 0081 e2fe 
  0x0000020ebb4f5434: ff1f 0085 | d20f 8473 | 0400 0048 | 8b84 2408 

  0x0000020ebb4f5444: ;   {metadata(method data for {method} {0x0000020ece4617c8} 'append' '(Ljava/lang/String;)Ljava/lang/StringBuilder;' in 'java/lang/StringBuilder')}
  0x0000020ebb4f5444: 0100 0049 | b8e0 2f03 | e30e 0200 | 0049 8380 | 1001 0000 | 014c 8b84 | 24d8 0000 | 0048 8b94 
  0x0000020ebb4f5464: 2408 0100 | 0066 0f1f 

  0x0000020ebb4f546c: ;   {optimized virtual_call}
  0x0000020ebb4f546c: 4400 00e8 

  0x0000020ebb4f5470: ; ImmutableOopMap {[264]=Oop [272]=Oop }
                      ;*invokespecial append {reexecute=0 rethrow=0 return_oop=0}
                      ; - java.lang.StringBuilder::append@2
                      ; - java.net.URLClassLoader::defineClass@121
  0x0000020ebb4f5470: 0c96 2f07 

  0x0000020ebb4f5474: ;   {other}
  0x0000020ebb4f5474: 0f1f 8400 | 6419 0016 | 488b 8424 | 0801 0000 

  0x0000020ebb4f5484: ;   {metadata(method data for {method} {0x0000020ee3061a98} 'defineClass' '(Ljava/lang/String;Ljdk/internal/loader/Resource;)Ljava/lang/Class;' in 'java/net/URLClassLoader')}
  0x0000020ebb4f5484: 48ba 68ff | 13e3 0e02 | 0000 4883 | 8210 0400 

  0x0000020ebb4f5494: ;   {metadata(method data for {method} {0x0000020ece008958} 'toString' '()Ljava/lang/String;' in 'java/lang/StringBuilder')}
  0x0000020ebb4f5494: 0001 48ba | 0837 03e3 | 0e02 0000 | 8bb2 cc00 | 0000 83c6 | 0289 b2cc | 0000 0081 | e6fe ff1f 
  0x0000020ebb4f54b4: 0085 f60f | 8416 0400 

  0x0000020ebb4f54bc: ;   {metadata('java/lang/String')}
  0x0000020ebb4f54bc: 0048 ba78 | e800 ce0e | 0200 0049 | 8b87 b801 | 0000 488d | 7818 493b | bfc8 0100 | 000f 8715 
  0x0000020ebb4f54dc: 0400 0049 | 89bf b801 | 0000 48c7 | 0001 0000 | 0048 8bca | 49ba 0000 | 00ce 0e02 | 0000 492b 
  0x0000020ebb4f54fc: ca89 4808 | 4833 c989 | 480c 4833 | c948 8948 | 104c 8bc0 

  0x0000020ebb4f5510: ;   {metadata(method data for {method} {0x0000020ece008958} 'toString' '()Ljava/lang/String;' in 'java/lang/StringBuilder')}
  0x0000020ebb4f5510: 49b9 0837 | 03e3 0e02 | 0000 4983 | 8110 0100 

  0x0000020ebb4f5520: ;   {metadata(method data for {method} {0x0000020ece455ab8} '<init>' '(Ljava/lang/StringBuilder;)V' in 'java/lang/String')}
  0x0000020ebb4f5520: 0001 49b8 | 5038 03e3 | 0e02 0000 | 458b 88cc | 0000 0041 | 83c1 0245 | 8988 cc00 | 0000 4181 
  0x0000020ebb4f5540: e1fe ff1f | 0045 85c9 | 0f84 b303 | 0000 4c8b 

  0x0000020ebb4f5550: ;   {metadata(method data for {method} {0x0000020ece455ab8} '<init>' '(Ljava/lang/StringBuilder;)V' in 'java/lang/String')}
  0x0000020ebb4f5550: c049 b950 | 3803 e30e | 0200 0049 | 8381 1001 | 0000 014c | 8b84 2408 

  0x0000020ebb4f5568: ;   {oop(nullptr)}
  0x0000020ebb4f5568: 0100 0049 | b900 0000 | 0000 0000 | 0048 8bd0 | 4889 8424 | 1801 0000 | 0f1f 8000 

  0x0000020ebb4f5584: ;   {optimized virtual_call}
  0x0000020ebb4f5584: 0000 00e8 

  0x0000020ebb4f5588: ; ImmutableOopMap {[272]=Oop [280]=Oop }
                      ;*invokespecial <init> {reexecute=0 rethrow=0 return_oop=0}
                      ; - java.lang.String::<init>@3
                      ; - java.lang.StringBuilder::toString@5
                      ; - java.net.URLClassLoader::defineClass@124
  0x0000020ebb4f5588: f494 2f07 

  0x0000020ebb4f558c: ;   {other}
  0x0000020ebb4f558c: 0f1f 8400 | 7c1a 0017 | 488b 8424 | 1001 0000 

  0x0000020ebb4f559c: ;   {metadata(method data for {method} {0x0000020ee3061a98} 'defineClass' '(Ljava/lang/String;Ljdk/internal/loader/Resource;)Ljava/lang/Class;' in 'java/net/URLClassLoader')}
  0x0000020ebb4f559c: 49b8 68ff | 13e3 0e02 | 0000 4983 | 8048 0400 | 0001 4c8b | 8424 1801 | 0000 488b | 9424 1001 
  0x0000020ebb4f55bc: ;   {optimized virtual_call}
  0x0000020ebb4f55bc: 0000 90e8 

  0x0000020ebb4f55c0: ; ImmutableOopMap {[272]=Oop }
                      ;*invokespecial <init> {reexecute=0 rethrow=0 return_oop=0}
                      ; - java.net.URLClassLoader::defineClass@127
  0x0000020ebb4f55c0: bc94 2f07 

  0x0000020ebb4f55c4: ;   {other}
  0x0000020ebb4f55c4: 0f1f 8400 | b41a 0018 | 488b 8424 | 1001 0000 | e97c 0300 | 0049 8b87 | 0005 0000 | 4d33 d24d 
  0x0000020ebb4f55e4: 8997 0005 | 0000 4d33 | d24d 8997 | 0805 0000 | 488b f048 | 8d84 2420 | 0100 0048 | 8b38 4885 
  0x0000020ebb4f5604: ff0f 840f | 0000 0048 | 8b58 08f0 | 480f b13b | 0f85 0803 | 0000 49ff | 8f50 0500 | 0048 8bc6 
  0x0000020ebb4f5624: e92c 0300 

  0x0000020ebb4f5628: ;   {metadata({method} {0x0000020ee3061a98} 'defineClass' '(Ljava/lang/String;Ljdk/internal/loader/Resource;)Ljava/lang/Class;' in 'java/net/URLClassLoader')}
  0x0000020ebb4f5628: 0049 ba90 | 1a06 e30e | 0200 004c | 8954 2408 | 48c7 0424 | ffff ffff 

  0x0000020ebb4f5640: ;   {runtime_call counter_overflow Runtime1 stub}
  0x0000020ebb4f5640: e8bb 403d 

  0x0000020ebb4f5644: ; ImmutableOopMap {rdx=Oop r8=Oop r9=Oop [168]=Oop [176]=Oop [184]=Oop }
                      ;*synchronization entry
                      ; - java.net.URLClassLoader::defineClass@-1
  0x0000020ebb4f5644: 07e9 74e9 

  0x0000020ebb4f5648: ;   {runtime_call throw_null_pointer_exception Runtime1 stub}
  0x0000020ebb4f5648: ffff e831 

  0x0000020ebb4f564c: ; ImmutableOopMap {r8=Oop [168]=Oop [176]=Oop [184]=Oop }
                      ;*invokevirtual lastIndexOf {reexecute=0 rethrow=0 return_oop=0}
                      ; - java.net.URLClassLoader::defineClass@7
                      ;   {metadata({method} {0x0000020ece453a10} 'lastIndexOf' '(I)I' in 'java/lang/String')}
  0x0000020ebb4f564c: fa33 0749 | ba08 3a45 | ce0e 0200 | 004c 8954 | 2408 48c7 | 0424 ffff 

  0x0000020ebb4f5664: ;   {runtime_call counter_overflow Runtime1 stub}
  0x0000020ebb4f5664: ffff e895 

  0x0000020ebb4f5668: ; ImmutableOopMap {r8=Oop [168]=Oop [176]=Oop [184]=Oop }
                      ;*synchronization entry
                      ; - java.lang.String::lastIndexOf@-1
                      ; - java.net.URLClassLoader::defineClass@7
  0x0000020ebb4f5668: 403d 07e9 | c3e9 ffff 

  0x0000020ebb4f5670: ;   {metadata({method} {0x0000020ece00ee90} 'length' '()I' in 'java/lang/String')}
  0x0000020ebb4f5670: 49ba 88ee | 00ce 0e02 | 0000 4c89 | 5424 0848 | c704 24ff 

  0x0000020ebb4f5684: ;   {runtime_call counter_overflow Runtime1 stub}
  0x0000020ebb4f5684: ffff ffe8 

  0x0000020ebb4f5688: ; ImmutableOopMap {r8=Oop [168]=Oop [176]=Oop [184]=Oop }
                      ;*synchronization entry
                      ; - java.lang.String::length@-1
                      ; - java.lang.String::lastIndexOf@3
                      ; - java.net.URLClassLoader::defineClass@7
  0x0000020ebb4f5688: 7440 3d07 | e9de e9ff 

  0x0000020ebb4f5690: ;   {runtime_call throw_null_pointer_exception Runtime1 stub}
  0x0000020ebb4f5690: ffe8 eaf9 

  0x0000020ebb4f5694: ; ImmutableOopMap {r8=Oop rsi=Oop [168]=Oop [176]=Oop [184]=Oop }
                      ;*arraylength {reexecute=0 rethrow=0 return_oop=0}
                      ; - java.lang.String::length@4
                      ; - java.lang.String::lastIndexOf@3
                      ; - java.net.URLClassLoader::defineClass@7
                      ;   {metadata({method} {0x0000020ece454cf8} 'coder' '()B' in 'java/lang/String')}
  0x0000020ebb4f5694: 3307 49ba | f04c 45ce | 0e02 0000 | 4c89 5424 | 0848 c704 | 24ff ffff 

  0x0000020ebb4f56ac: ;   {runtime_call counter_overflow Runtime1 stub}
  0x0000020ebb4f56ac: ffe8 4e40 

  0x0000020ebb4f56b0: ; ImmutableOopMap {r8=Oop rsi=Oop [168]=Oop [176]=Oop [184]=Oop }
                      ;*synchronization entry
                      ; - java.lang.String::coder@-1
                      ; - java.lang.String::length@6
                      ; - java.lang.String::lastIndexOf@3
                      ; - java.net.URLClassLoader::defineClass@7
  0x0000020ebb4f56b0: 3d07 e900 

  0x0000020ebb4f56b4: ;   {metadata({method} {0x0000020ece453960} 'lastIndexOf' '(II)I' in 'java/lang/String')}
  0x0000020ebb4f56b4: eaff ff49 | ba58 3945 | ce0e 0200 | 004c 8954 | 2408 48c7 | 0424 ffff 

  0x0000020ebb4f56cc: ;   {runtime_call counter_overflow Runtime1 stub}
  0x0000020ebb4f56cc: ffff e82d 

  0x0000020ebb4f56d0: ; ImmutableOopMap {r8=Oop rsi=Oop [168]=Oop [176]=Oop [184]=Oop }
                      ;*synchronization entry
                      ; - java.lang.String::lastIndexOf@-1
                      ; - java.lang.String::lastIndexOf@8
                      ; - java.net.URLClassLoader::defineClass@7
  0x0000020ebb4f56d0: 403d 07e9 | 50ea ffff 

  0x0000020ebb4f56d8: ;   {metadata({method} {0x0000020ece4540f0} 'isLatin1' '()Z' in 'java/lang/String')}
  0x0000020ebb4f56d8: 49ba e840 | 45ce 0e02 | 0000 4c89 | 5424 0848 | c704 24ff 

  0x0000020ebb4f56ec: ;   {runtime_call counter_overflow Runtime1 stub}
  0x0000020ebb4f56ec: ffff ffe8 

  0x0000020ebb4f56f0: ; ImmutableOopMap {r8=Oop rsi=Oop [168]=Oop [176]=Oop [184]=Oop }
                      ;*synchronization entry
                      ; - java.lang.String::isLatin1@-1
                      ; - java.lang.String::lastIndexOf@1
                      ; - java.lang.String::lastIndexOf@8
                      ; - java.net.URLClassLoader::defineClass@7
  0x0000020ebb4f56f0: 0c40 3d07 | e96b eaff 

  0x0000020ebb4f56f8: ;   {runtime_call throw_null_pointer_exception Runtime1 stub}
  0x0000020ebb4f56f8: ffe8 82f9 

  0x0000020ebb4f56fc: ; ImmutableOopMap {r9=Oop [168]=Oop [176]=Oop [184]=Oop }
                      ;*invokevirtual getCodeSourceURL {reexecute=0 rethrow=0 return_oop=0}
                      ; - java.net.URLClassLoader::defineClass@13
                      ;   {metadata({method} {0x0000020ece1700b0} 'getByteBuffer' '()Ljava/nio/ByteBuffer;' in 'jdk/internal/loader/Resource')}
  0x0000020ebb4f56fc: 3307 49ba | a800 17ce | 0e02 0000 | 4c89 5424 | 0848 c704 | 24ff ffff 

  0x0000020ebb4f5714: ;   {runtime_call counter_overflow Runtime1 stub}
  0x0000020ebb4f5714: ffe8 e63f 

  0x0000020ebb4f5718: ; ImmutableOopMap {r9=Oop [168]=Oop [176]=Oop [184]=Oop [208]=Oop }
                      ;*synchronization entry
                      ; - jdk.internal.loader.Resource::getByteBuffer@-1
                      ; - java.net.URLClassLoader::defineClass@132
  0x0000020ebb4f5718: 3d07 e926 | f1ff ff4c | 894c 2408 | 4889 1424 

  0x0000020ebb4f5728: ;   {runtime_call monitorenter_nofpu Runtime1 stub}
  0x0000020ebb4f5728: e8d3 1e3d 

  0x0000020ebb4f572c: ; ImmutableOopMap {r9=Oop [168]=Oop [176]=Oop [184]=Oop [208]=Oop [296]=Oop }
                      ;*synchronization entry
                      ; - jdk.internal.loader.Resource::cachedInputStream@-1
                      ; - jdk.internal.loader.Resource::getByteBuffer@1
                      ; - java.net.URLClassLoader::defineClass@132
  0x0000020ebb4f572c: 07e9 62f1 

  0x0000020ebb4f5730: ;   {metadata({method} {0x0000020ece170370} 'cachedInputStream' '()Ljava/io/InputStream;' in 'jdk/internal/loader/Resource')}
  0x0000020ebb4f5730: ffff 49ba | 6803 17ce | 0e02 0000 | 4c89 5424 | 0848 c704 | 24ff ffff 

  0x0000020ebb4f5748: ;   {runtime_call counter_overflow Runtime1 stub}
  0x0000020ebb4f5748: ffe8 b23f 

  0x0000020ebb4f574c: ; ImmutableOopMap {r9=Oop [168]=Oop [176]=Oop [184]=Oop [208]=Oop [296]=Oop }
                      ;*synchronization entry
                      ; - jdk.internal.loader.Resource::cachedInputStream@-1
                      ; - jdk.internal.loader.Resource::getByteBuffer@1
                      ; - java.net.URLClassLoader::defineClass@132
  0x0000020ebb4f574c: 3d07 e968 | f1ff ff41 | 8b51 0c48 | 83fa 000f | 8450 f2ff | ff48 8914 

  0x0000020ebb4f5764: ;   {runtime_call g1_pre_barrier_slow}
  0x0000020ebb4f5764: 24e8 9645 | 3d07 e942 | f2ff ff48 | 83f8 000f | 8453 f2ff | ff4c 890c 

  0x0000020ebb4f577c: ;   {runtime_call g1_post_barrier_slow}
  0x0000020ebb4f577c: 24e8 7e48 | 3d07 e945 | f2ff ff48 | 8d84 2420 | 0100 0048 

  0x0000020ebb4f5790: ;   {runtime_call monitorexit_nofpu Runtime1 stub}
  0x0000020ebb4f5790: 8904 24e8 | 6824 3d07 | e95d f2ff | ff48 8914 

  0x0000020ebb4f57a0: ;   {runtime_call throw_class_cast_exception Runtime1 stub}
  0x0000020ebb4f57a0: 24e8 5a12 

  0x0000020ebb4f57a4: ; ImmutableOopMap {[168]=Oop [176]=Oop [184]=Oop [208]=Oop }
                      ;*checkcast {reexecute=0 rethrow=0 return_oop=0}
                      ; - jdk.internal.loader.Resource::getByteBuffer@13
                      ; - java.net.URLClassLoader::defineClass@132
                      ;   {runtime_call throw_null_pointer_exception Runtime1 stub}
  0x0000020ebb4f57a4: 3d07 e8d5 

  0x0000020ebb4f57a8: ; ImmutableOopMap {rdx=Oop [168]=Oop [176]=Oop [184]=Oop [208]=Oop }
                      ;*invokeinterface getByteBuffer {reexecute=0 rethrow=0 return_oop=0}
                      ; - jdk.internal.loader.Resource::getByteBuffer@16
                      ; - java.net.URLClassLoader::defineClass@132
  0x0000020ebb4f57a8: f833 0748 

  0x0000020ebb4f57ac: ;   {runtime_call fast_new_instance Runtime1 stub}
  0x0000020ebb4f57ac: 8bd2 e8cd 

  0x0000020ebb4f57b0: ; ImmutableOopMap {r9=Oop [168]=Oop [184]=Oop [208]=Oop [232]=Oop }
                      ;*new {reexecute=0 rethrow=0 return_oop=0}
                      ; - java.net.URLClassLoader::defineClass@148
  0x0000020ebb4f57b0: ef33 07e9 | 8ff6 ffff 

  0x0000020ebb4f57b8: ;   {metadata({method} {0x0000020ece1042a8} 'getReadClassBytesTime' '()Ljdk/internal/perf/PerfCounter;' in 'jdk/internal/perf/PerfCounter')}
  0x0000020ebb4f57b8: 49ba a042 | 10ce 0e02 | 0000 4c89 | 5424 0848 | c704 24ff 

  0x0000020ebb4f57cc: ;   {runtime_call counter_overflow Runtime1 stub}
  0x0000020ebb4f57cc: ffff ffe8 

  0x0000020ebb4f57d0: ; ImmutableOopMap {[168]=Oop [184]=Oop [232]=Oop [240]=Oop }
                      ;*synchronization entry
                      ; - jdk.internal.perf.PerfCounter::getReadClassBytesTime@-1
                      ; - java.net.URLClassLoader::defineClass@161
  0x0000020ebb4f57d0: 2c3f 3d07 | e9de f6ff 

  0x0000020ebb4f57d8: ;   {internal_word}
  0x0000020ebb4f57d8: ff49 ba4c | 4f4f bb0e | 0200 004d | 8997 6804 

  0x0000020ebb4f57e8: ;   {runtime_call SafepointBlob}
  0x0000020ebb4f57e8: 0000 e991 | fc2f 0748 

  0x0000020ebb4f57f0: ;   {runtime_call fast_new_instance Runtime1 stub}
  0x0000020ebb4f57f0: 8bd2 e889 

  0x0000020ebb4f57f4: ; ImmutableOopMap {r9=Oop [168]=Oop [184]=Oop [208]=Oop [248]=Oop }
                      ;*new {reexecute=0 rethrow=0 return_oop=0}
                      ; - java.net.URLClassLoader::defineClass@190
  0x0000020ebb4f57f4: ef33 07e9 | 33f9 ffff 

  0x0000020ebb4f57fc: ;   {metadata({method} {0x0000020ece1042a8} 'getReadClassBytesTime' '()Ljdk/internal/perf/PerfCounter;' in 'jdk/internal/perf/PerfCounter')}
  0x0000020ebb4f57fc: 49ba a042 | 10ce 0e02 | 0000 4c89 | 5424 0848 | c704 24ff 

  0x0000020ebb4f5810: ;   {runtime_call counter_overflow Runtime1 stub}
  0x0000020ebb4f5810: ffff ffe8 

  0x0000020ebb4f5814: ; ImmutableOopMap {[168]=Oop [184]=Oop [248]=Oop [256]=Oop }
                      ;*synchronization entry
                      ; - jdk.internal.perf.PerfCounter::getReadClassBytesTime@-1
                      ; - java.net.URLClassLoader::defineClass@203
  0x0000020ebb4f5814: e83e 3d07 | e982 f9ff 

  0x0000020ebb4f581c: ;   {runtime_call throw_null_pointer_exception Runtime1 stub}
  0x0000020ebb4f581c: ffe8 5ef8 

  0x0000020ebb4f5820: ; ImmutableOopMap {rax=Oop [168]=Oop [184]=Oop [256]=Oop }
                      ;*arraylength {reexecute=0 rethrow=0 return_oop=0}
                      ; - java.net.URLClassLoader::defineClass@217
                      ;   {internal_word}
  0x0000020ebb4f5820: 3307 49ba | 3452 4fbb | 0e02 0000 | 4d89 9768 

  0x0000020ebb4f5830: ;   {runtime_call SafepointBlob}
  0x0000020ebb4f5830: 0400 00e9 | 48fc 2f07 

  0x0000020ebb4f5838: ;   {metadata(nullptr)}
  0x0000020ebb4f5838: 48ba 0000 | 0000 0000 | 0000 b800 

  0x0000020ebb4f5844: ;   {runtime_call load_klass_patching Runtime1 stub}
  0x0000020ebb4f5844: 0f05 0ae8 

  0x0000020ebb4f5848: ; ImmutableOopMap {[216]=Oop }
                      ;*new {reexecute=1 rethrow=0 return_oop=0}
                      ; - (reexecute) java.net.URLClassLoader::defineClass@103
  0x0000020ebb4f5848: 342e 3d07 | e9f7 f9ff 

  0x0000020ebb4f5850: ;   {runtime_call throw_null_pointer_exception Runtime1 stub}
  0x0000020ebb4f5850: ffe8 2af8 

  0x0000020ebb4f5854: ; ImmutableOopMap {[216]=Oop }
                      ;*new {reexecute=0 rethrow=0 return_oop=0}
                      ; - java.net.URLClassLoader::defineClass@103
  0x0000020ebb4f5854: 3307 488b 

  0x0000020ebb4f5858: ;   {runtime_call fast_new_instance_init_check Runtime1 stub}
  0x0000020ebb4f5858: d2e8 22ec 

  0x0000020ebb4f585c: ; ImmutableOopMap {[216]=Oop }
                      ;*new {reexecute=0 rethrow=0 return_oop=0}
                      ; - java.net.URLClassLoader::defineClass@103
  0x0000020ebb4f585c: 3307 e94a | faff ff48 

  0x0000020ebb4f5864: ;   {runtime_call fast_new_instance Runtime1 stub}
  0x0000020ebb4f5864: 8bd2 e815 

  0x0000020ebb4f5868: ; ImmutableOopMap {[216]=Oop [272]=Oop }
                      ;*new {reexecute=0 rethrow=0 return_oop=0}
                      ; - java.net.URLClassLoader::defineClass@107
  0x0000020ebb4f5868: ef33 07e9 | 95fa ffff 

  0x0000020ebb4f5870: ;   {metadata({method} {0x0000020ece4619d8} '<init>' '()V' in 'java/lang/StringBuilder')}
  0x0000020ebb4f5870: 49ba d019 | 46ce 0e02 | 0000 4c89 | 5424 0848 | c704 24ff 

  0x0000020ebb4f5884: ;   {runtime_call counter_overflow Runtime1 stub}
  0x0000020ebb4f5884: ffff ffe8 

  0x0000020ebb4f5888: ; ImmutableOopMap {rax=Oop [216]=Oop [272]=Oop }
                      ;*synchronization entry
                      ; - java.lang.StringBuilder::<init>@-1
                      ; - java.net.URLClassLoader::defineClass@111
  0x0000020ebb4f5888: 743e 3d07 | e9b2 faff 

  0x0000020ebb4f5890: ;   {metadata({method} {0x0000020ece4617c8} 'append' '(Ljava/lang/String;)Ljava/lang/StringBuilder;' in 'java/lang/StringBuilder')}
  0x0000020ebb4f5890: ff49 bac0 | 1746 ce0e | 0200 004c | 8954 2408 | 48c7 0424 | ffff ffff 

  0x0000020ebb4f58a8: ;   {runtime_call counter_overflow Runtime1 stub}
  0x0000020ebb4f58a8: e853 3e3d 

  0x0000020ebb4f58ac: ; ImmutableOopMap {[216]=Oop [264]=Oop [272]=Oop }
                      ;*synchronization entry
                      ; - java.lang.StringBuilder::append@-1
                      ; - java.net.URLClassLoader::defineClass@116
  0x0000020ebb4f58ac: 07e9 0dfb 

  0x0000020ebb4f58b0: ;   {metadata({method} {0x0000020ece4617c8} 'append' '(Ljava/lang/String;)Ljava/lang/StringBuilder;' in 'java/lang/StringBuilder')}
  0x0000020ebb4f58b0: ffff 49ba | c017 46ce | 0e02 0000 | 4c89 5424 | 0848 c704 | 24ff ffff 

  0x0000020ebb4f58c8: ;   {runtime_call counter_overflow Runtime1 stub}
  0x0000020ebb4f58c8: ffe8 323e 

  0x0000020ebb4f58cc: ; ImmutableOopMap {[216]=Oop [264]=Oop [272]=Oop }
                      ;*synchronization entry
                      ; - java.lang.StringBuilder::append@-1
                      ; - java.net.URLClassLoader::defineClass@121
  0x0000020ebb4f58cc: 3d07 e96c 

  0x0000020ebb4f58d0: ;   {metadata({method} {0x0000020ece008958} 'toString' '()Ljava/lang/String;' in 'java/lang/StringBuilder')}
  0x0000020ebb4f58d0: fbff ff49 | ba50 8900 | ce0e 0200 | 004c 8954 | 2408 48c7 | 0424 ffff 

  0x0000020ebb4f58e8: ;   {runtime_call counter_overflow Runtime1 stub}
  0x0000020ebb4f58e8: ffff e811 

  0x0000020ebb4f58ec: ; ImmutableOopMap {[264]=Oop [272]=Oop }
                      ;*synchronization entry
                      ; - java.lang.StringBuilder::toString@-1
                      ; - java.net.URLClassLoader::defineClass@124
  0x0000020ebb4f58ec: 3e3d 07e9 | c9fb ffff 

  0x0000020ebb4f58f4: ;   {runtime_call fast_new_instance Runtime1 stub}
  0x0000020ebb4f58f4: 488b d2e8 

  0x0000020ebb4f58f8: ; ImmutableOopMap {[264]=Oop [272]=Oop }
                      ;*new {reexecute=0 rethrow=0 return_oop=0}
                      ; - java.lang.StringBuilder::toString@0
                      ; - java.net.URLClassLoader::defineClass@124
  0x0000020ebb4f58f8: 84ee 3307 | e90c fcff 

  0x0000020ebb4f5900: ;   {metadata({method} {0x0000020ece455ab8} '<init>' '(Ljava/lang/StringBuilder;)V' in 'java/lang/String')}
  0x0000020ebb4f5900: ff49 bab0 | 5a45 ce0e | 0200 004c | 8954 2408 | 48c7 0424 | ffff ffff 

  0x0000020ebb4f5918: ;   {runtime_call counter_overflow Runtime1 stub}
  0x0000020ebb4f5918: e8e3 3d3d 

  0x0000020ebb4f591c: ; ImmutableOopMap {rax=Oop [264]=Oop [272]=Oop }
                      ;*synchronization entry
                      ; - java.lang.String::<init>@-1
                      ; - java.lang.StringBuilder::toString@5
                      ; - java.net.URLClassLoader::defineClass@124
  0x0000020ebb4f591c: 07e9 2cfc | ffff 488d | 8424 2001 | 0000 4889 

  0x0000020ebb4f592c: ;   {runtime_call monitorexit_nofpu Runtime1 stub}
  0x0000020ebb4f592c: 0424 e8cd | 223d 07e9 | e9fc ffff | 498b 8700 | 0500 0049 | c787 0005 | 0000 0000 | 0000 49c7 
  0x0000020ebb4f594c: 8708 0500 | 0000 0000 | 0048 81c4 | 4001 0000 

  0x0000020ebb4f595c: ;   {runtime_call unwind_exception Runtime1 stub}
  0x0000020ebb4f595c: 5de9 1e06 | 3407 f4f4 | f4f4 f4f4 
[Stub Code]
  0x0000020ebb4f5968: ;   {no_reloc}
  0x0000020ebb4f5968: 0f1f 4400 

  0x0000020ebb4f596c: ;   {static_stub}
  0x0000020ebb4f596c: 0048 bb00 | 0000 0000 

  0x0000020ebb4f5974: ;   {runtime_call nmethod}
  0x0000020ebb4f5974: 0000 00e9 | fbff ffff 

  0x0000020ebb4f597c: ;   {static_stub}
  0x0000020ebb4f597c: 9048 bb00 | 0000 0000 

  0x0000020ebb4f5984: ;   {runtime_call nmethod}
  0x0000020ebb4f5984: 0000 00e9 | fbff ffff 

  0x0000020ebb4f598c: ;   {static_stub}
  0x0000020ebb4f598c: 9048 bb00 | 0000 0000 

  0x0000020ebb4f5994: ;   {runtime_call nmethod}
  0x0000020ebb4f5994: 0000 00e9 | fbff ffff 

  0x0000020ebb4f599c: ;   {static_stub}
  0x0000020ebb4f599c: 9048 bb00 | 0000 0000 

  0x0000020ebb4f59a4: ;   {runtime_call nmethod}
  0x0000020ebb4f59a4: 0000 00e9 | fbff ffff 

  0x0000020ebb4f59ac: ;   {static_stub}
  0x0000020ebb4f59ac: 9048 bb00 | 0000 0000 

  0x0000020ebb4f59b4: ;   {runtime_call nmethod}
  0x0000020ebb4f59b4: 0000 00e9 | fbff ffff 

  0x0000020ebb4f59bc: ;   {static_stub}
  0x0000020ebb4f59bc: 9048 bb00 | 0000 0000 

  0x0000020ebb4f59c4: ;   {runtime_call nmethod}
  0x0000020ebb4f59c4: 0000 00e9 | fbff ffff 

  0x0000020ebb4f59cc: ;   {static_stub}
  0x0000020ebb4f59cc: 9048 bb00 | 0000 0000 

  0x0000020ebb4f59d4: ;   {runtime_call nmethod}
  0x0000020ebb4f59d4: 0000 00e9 | fbff ffff 

  0x0000020ebb4f59dc: ;   {static_stub}
  0x0000020ebb4f59dc: 9048 bb00 | 0000 0000 

  0x0000020ebb4f59e4: ;   {runtime_call nmethod}
  0x0000020ebb4f59e4: 0000 00e9 | fbff ffff 

  0x0000020ebb4f59ec: ;   {static_stub}
  0x0000020ebb4f59ec: 9048 bb00 | 0000 0000 

  0x0000020ebb4f59f4: ;   {runtime_call nmethod}
  0x0000020ebb4f59f4: 0000 00e9 | fbff ffff 

  0x0000020ebb4f59fc: ;   {static_stub}
  0x0000020ebb4f59fc: 9048 bb00 | 0000 0000 

  0x0000020ebb4f5a04: ;   {runtime_call nmethod}
  0x0000020ebb4f5a04: 0000 00e9 | fbff ffff 

  0x0000020ebb4f5a0c: ;   {static_stub}
  0x0000020ebb4f5a0c: 9048 bb00 | 0000 0000 

  0x0000020ebb4f5a14: ;   {runtime_call nmethod}
  0x0000020ebb4f5a14: 0000 00e9 | fbff ffff 

  0x0000020ebb4f5a1c: ;   {static_stub}
  0x0000020ebb4f5a1c: 9048 bb00 | 0000 0000 

  0x0000020ebb4f5a24: ;   {runtime_call nmethod}
  0x0000020ebb4f5a24: 0000 00e9 | fbff ffff 

  0x0000020ebb4f5a2c: ;   {static_stub}
  0x0000020ebb4f5a2c: 9048 bb00 | 0000 0000 

  0x0000020ebb4f5a34: ;   {runtime_call nmethod}
  0x0000020ebb4f5a34: 0000 00e9 | fbff ffff 

  0x0000020ebb4f5a3c: ;   {static_stub}
  0x0000020ebb4f5a3c: 9048 bb00 | 0000 0000 

  0x0000020ebb4f5a44: ;   {runtime_call nmethod}
  0x0000020ebb4f5a44: 0000 00e9 | fbff ffff 

  0x0000020ebb4f5a4c: ;   {static_stub}
  0x0000020ebb4f5a4c: 48bb 0000 | 0000 0000 

  0x0000020ebb4f5a54: ;   {runtime_call nmethod}
  0x0000020ebb4f5a54: 0000 e9fb 

  0x0000020ebb4f5a58: ;   {static_stub}
  0x0000020ebb4f5a58: ffff ff48 | bb00 0000 | 0000 0000 

  0x0000020ebb4f5a64: ;   {runtime_call nmethod}
  0x0000020ebb4f5a64: 00e9 fbff 

  0x0000020ebb4f5a68: ;   {static_stub}
  0x0000020ebb4f5a68: ffff 48bb | 0000 0000 | 0000 0000 

  0x0000020ebb4f5a74: ;   {runtime_call nmethod}
  0x0000020ebb4f5a74: e9fb ffff 

  0x0000020ebb4f5a78: ;   {static_stub}
  0x0000020ebb4f5a78: ff48 bb00 | 0000 0000 

  0x0000020ebb4f5a80: ;   {runtime_call nmethod}
  0x0000020ebb4f5a80: 0000 00e9 | fbff ffff 

  0x0000020ebb4f5a88: ;   {static_stub}
  0x0000020ebb4f5a88: 48bb 0000 | 0000 0000 

  0x0000020ebb4f5a90: ;   {runtime_call nmethod}
  0x0000020ebb4f5a90: 0000 e9fb 

  0x0000020ebb4f5a94: ;   {static_stub}
  0x0000020ebb4f5a94: ffff ff48 | bb00 0000 | 0000 0000 

  0x0000020ebb4f5aa0: ;   {runtime_call nmethod}
  0x0000020ebb4f5aa0: 00e9 fbff 

  0x0000020ebb4f5aa4: ;   {static_stub}
  0x0000020ebb4f5aa4: ffff 48bb | 0000 0000 | 0000 0000 

  0x0000020ebb4f5ab0: ;   {runtime_call nmethod}
  0x0000020ebb4f5ab0: e9fb ffff 

  0x0000020ebb4f5ab4: ;   {static_stub}
  0x0000020ebb4f5ab4: ff48 bb00 | 0000 0000 

  0x0000020ebb4f5abc: ;   {runtime_call nmethod}
  0x0000020ebb4f5abc: 0000 00e9 | fbff ffff 

  0x0000020ebb4f5ac4: ;   {static_stub}
  0x0000020ebb4f5ac4: 48bb 0000 | 0000 0000 

  0x0000020ebb4f5acc: ;   {runtime_call nmethod}
  0x0000020ebb4f5acc: 0000 e9fb 

  0x0000020ebb4f5ad0: ;   {runtime_call handle_exception_from_callee Runtime1 stub}
  0x0000020ebb4f5ad0: ffff ffe8 | 2809 3d07 

  0x0000020ebb4f5ad8: ;   {external_word}
  0x0000020ebb4f5ad8: 48b9 5063 | d80f f87f | 0000 4883 

  0x0000020ebb4f5ae4: ;   {runtime_call}
  0x0000020ebb4f5ae4: e4f0 48b8 | c0c9 9a0f | f87f 0000 

  0x0000020ebb4f5af0: ;   {section_word}
  0x0000020ebb4f5af0: ffd0 f449 | baf3 5a4f | bb0e 0200 

  0x0000020ebb4f5afc: ;   {runtime_call DeoptimizationBlob}
  0x0000020ebb4f5afc: 0041 52e9 | 1cec 2f07 | f4f4 f4f4 
[/MachCode]


---------------  P R O C E S S  ---------------

Threads class SMR info:
_java_thread_list=0x0000020eeab84560, length=36, elements={
0x0000020eb5cb8280, 0x0000020ecde6cc60, 0x0000020ecde6e430, 0x0000020ee7008c20,
0x0000020ee7009680, 0x0000020ee70110b0, 0x0000020ee7011b10, 0x0000020ee70128a0,
0x0000020ee7013340, 0x0000020ee7168060, 0x0000020ee71d2a20, 0x0000020ee9091650,
0x0000020ee90bde90, 0x0000020ee843dc00, 0x0000020ee8753620, 0x0000020ee7b4cd10,
0x0000020ee7f49720, 0x0000020ee865c660, 0x0000020ee865ac20, 0x0000020ee865b2b0,
0x0000020ee865b940, 0x0000020ee865bfd0, 0x0000020ee86591e0, 0x0000020ee8659870,
0x0000020ee8659f00, 0x0000020ee9a335f0, 0x0000020ee9a33c80, 0x0000020ee9a349a0,
0x0000020ee9a35030, 0x0000020ee9a35d50, 0x0000020ee9a363e0, 0x0000020ee9a38b40,
0x0000020ee9a391d0, 0x0000020ee9a39ef0, 0x0000020ee9a37790, 0x0000020ee9a36a70
}

Java Threads: ( => current thread )
  0x0000020eb5cb8280 JavaThread "main"                              [_thread_blocked, id=28888, stack(0x0000008b27800000,0x0000008b27900000) (1024K)]
  0x0000020ecde6cc60 JavaThread "Reference Handler"          daemon [_thread_blocked, id=12804, stack(0x0000008b28100000,0x0000008b28200000) (1024K)]
  0x0000020ecde6e430 JavaThread "Finalizer"                  daemon [_thread_blocked, id=53796, stack(0x0000008b28200000,0x0000008b28300000) (1024K)]
  0x0000020ee7008c20 JavaThread "Signal Dispatcher"          daemon [_thread_blocked, id=36832, stack(0x0000008b28300000,0x0000008b28400000) (1024K)]
  0x0000020ee7009680 JavaThread "Attach Listener"            daemon [_thread_blocked, id=52336, stack(0x0000008b28400000,0x0000008b28500000) (1024K)]
  0x0000020ee70110b0 JavaThread "Service Thread"             daemon [_thread_blocked, id=54068, stack(0x0000008b28500000,0x0000008b28600000) (1024K)]
  0x0000020ee7011b10 JavaThread "Monitor Deflation Thread"   daemon [_thread_blocked, id=34456, stack(0x0000008b28600000,0x0000008b28700000) (1024K)]
  0x0000020ee70128a0 JavaThread "C2 CompilerThread0"         daemon [_thread_blocked, id=25204, stack(0x0000008b28700000,0x0000008b28800000) (1024K)]
  0x0000020ee7013340 JavaThread "C1 CompilerThread0"         daemon [_thread_blocked, id=47968, stack(0x0000008b28800000,0x0000008b28900000) (1024K)]
  0x0000020ee7168060 JavaThread "Common-Cleaner"             daemon [_thread_blocked, id=9812, stack(0x0000008b28900000,0x0000008b28a00000) (1024K)]
  0x0000020ee71d2a20 JavaThread "Notification Thread"        daemon [_thread_blocked, id=18372, stack(0x0000008b28a00000,0x0000008b28b00000) (1024K)]
  0x0000020ee9091650 JavaThread "Daemon health stats"               [_thread_blocked, id=55784, stack(0x0000008b27900000,0x0000008b27a00000) (1024K)]
  0x0000020ee90bde90 JavaThread "Incoming local TCP Connector on port 50308"        [_thread_in_native, id=16836, stack(0x0000008b29000000,0x0000008b29100000) (1024K)]
  0x0000020ee843dc00 JavaThread "Daemon periodic checks"            [_thread_blocked, id=57820, stack(0x0000008b29100000,0x0000008b29200000) (1024K)]
  0x0000020ee8753620 JavaThread "Daemon"                            [_thread_blocked, id=58572, stack(0x0000008b29400000,0x0000008b29500000) (1024K)]
  0x0000020ee7b4cd10 JavaThread "Handler for socket connection from /127.0.0.1:50308 to /127.0.0.1:65306"        [_thread_in_native, id=58576, stack(0x0000008b29500000,0x0000008b29600000) (1024K)]
  0x0000020ee7f49720 JavaThread "Cancel handler"                    [_thread_blocked, id=58712, stack(0x0000008b29600000,0x0000008b29700000) (1024K)]
=>0x0000020ee865c660 JavaThread "Daemon worker"                     [_thread_in_vm, id=58980, stack(0x0000008b29700000,0x0000008b29800000) (1024K)]
  0x0000020ee865ac20 JavaThread "Asynchronous log dispatcher for DefaultDaemonConnection: socket connection from /127.0.0.1:50308 to /127.0.0.1:65306"        [_thread_blocked, id=59016, stack(0x0000008b29800000,0x0000008b29900000) (1024K)]
  0x0000020ee865b2b0 JavaThread "Stdin handler"                     [_thread_blocked, id=59040, stack(0x0000008b29900000,0x0000008b29a00000) (1024K)]
  0x0000020ee865b940 JavaThread "Daemon client event forwarder"        [_thread_blocked, id=59044, stack(0x0000008b29a00000,0x0000008b29b00000) (1024K)]
  0x0000020ee865bfd0 JavaThread "Cache worker for journal cache (C:\Users\harry\.gradle\caches\journal-1)"        [_thread_blocked, id=59272, stack(0x0000008b29c00000,0x0000008b29d00000) (1024K)]
  0x0000020ee86591e0 JavaThread "File lock request listener"        [_thread_in_native, id=58396, stack(0x0000008b29d00000,0x0000008b29e00000) (1024K)]
  0x0000020ee8659870 JavaThread "File lock release action executor"        [_thread_blocked, id=56460, stack(0x0000008b29e00000,0x0000008b29f00000) (1024K)]
  0x0000020ee8659f00 JavaThread "Cache worker for file hash cache (C:\Users\harry\.gradle\caches\9.7.1\fileHashes)"        [_thread_blocked, id=15732, stack(0x0000008b29b00000,0x0000008b29c00000) (1024K)]
  0x0000020ee9a335f0 JavaThread "Cache worker for file hash cache (C:\Users\harry\Desktop\KDT_2026\2026B_Spring\demo\.gradle\9.7.1\fileHashes)"        [_thread_blocked, id=59884, stack(0x0000008b2a500000,0x0000008b2a600000) (1024K)]
  0x0000020ee9a33c80 JavaThread "Cache worker for Build Output Cleanup Cache (C:\Users\harry\Desktop\KDT_2026\2026B_Spring\demo\.gradle\buildOutputCleanup)"        [_thread_blocked, id=60088, stack(0x0000008b2a600000,0x0000008b2a700000) (1024K)]
  0x0000020ee9a349a0 JavaThread "File watcher server"        daemon [_thread_in_native, id=51416, stack(0x0000008b2a700000,0x0000008b2a800000) (1024K)]
  0x0000020ee9a35030 JavaThread "File watcher consumer"      daemon [_thread_blocked, id=56268, stack(0x0000008b2a800000,0x0000008b2a900000) (1024K)]
  0x0000020ee9a35d50 JavaThread "Cache worker for file content cache (C:\Users\harry\.gradle\caches\9.7.1\fileContent)"        [_thread_blocked, id=13644, stack(0x0000008b2a900000,0x0000008b2aa00000) (1024K)]
  0x0000020ee9a363e0 JavaThread "Cache worker for checksums cache (C:\Users\harry\Desktop\KDT_2026\2026B_Spring\demo\.gradle\9.7.1\checksums)"        [_thread_blocked, id=32060, stack(0x0000008b2aa00000,0x0000008b2ab00000) (1024K)]
  0x0000020ee9a38b40 JavaThread "Cache worker for cache directory md-supplier (C:\Users\harry\.gradle\caches\9.7.1\md-supplier)"        [_thread_blocked, id=20988, stack(0x0000008b2ac00000,0x0000008b2ad00000) (1024K)]
  0x0000020ee9a391d0 JavaThread "Cache worker for cache directory md-rule (C:\Users\harry\.gradle\caches\9.7.1\md-rule)"        [_thread_blocked, id=40548, stack(0x0000008b2ab00000,0x0000008b2ac00000) (1024K)]
  0x0000020ee9a39ef0 JavaThread "jar transforms"                    [_thread_blocked, id=32312, stack(0x0000008b2ad00000,0x0000008b2ae00000) (1024K)]
  0x0000020ee9a37790 JavaThread "jar transforms Thread 2"           [_thread_blocked, id=10124, stack(0x0000008b2ae00000,0x0000008b2af00000) (1024K)]
  0x0000020ee9a36a70 JavaThread "jar transforms Thread 3"           [_thread_blocked, id=42296, stack(0x0000008b27700000,0x0000008b27800000) (1024K)]
Total: 36

Other Threads:
  0x0000020ecde508e0 VMThread "VM Thread"                           [id=42776, stack(0x0000008b28000000,0x0000008b28100000) (1024K)] _threads_hazard_ptr=0x0000020eeab84560
  0x0000020ecde428d0 WatcherThread "VM Periodic Task Thread"        [id=21532, stack(0x0000008b27f00000,0x0000008b28000000) (1024K)]
  0x0000020eb809dd70 WorkerThread "GC Thread#0"                     [id=38224, stack(0x0000008b27a00000,0x0000008b27b00000) (1024K)]
  0x0000020ee79ed600 WorkerThread "GC Thread#1"                     [id=56212, stack(0x0000008b28b00000,0x0000008b28c00000) (1024K)]
  0x0000020ee72f5820 WorkerThread "GC Thread#2"                     [id=56216, stack(0x0000008b28c00000,0x0000008b28d00000) (1024K)]
  0x0000020ee72f5bd0 WorkerThread "GC Thread#3"                     [id=56220, stack(0x0000008b28d00000,0x0000008b28e00000) (1024K)]
  0x0000020ee72f5f80 WorkerThread "GC Thread#4"                     [id=56224, stack(0x0000008b28e00000,0x0000008b28f00000) (1024K)]
  0x0000020ee72f6330 WorkerThread "GC Thread#5"                     [id=56228, stack(0x0000008b28f00000,0x0000008b29000000) (1024K)]
  0x0000020ee8b4f210 WorkerThread "GC Thread#6"                     [id=36012, stack(0x0000008b29f00000,0x0000008b2a000000) (1024K)]
  0x0000020eeab00920 WorkerThread "GC Thread#7"                     [id=35496, stack(0x0000008b2a000000,0x0000008b2a100000) (1024K)]
  0x0000020eeaafd580 WorkerThread "GC Thread#8"                     [id=33188, stack(0x0000008b2a100000,0x0000008b2a200000) (1024K)]
  0x0000020eeaafeba0 WorkerThread "GC Thread#9"                     [id=28024, stack(0x0000008b2a200000,0x0000008b2a300000) (1024K)]
  0x0000020eb80a2c70 ConcurrentGCThread "G1 Main Marker"            [id=49712, stack(0x0000008b27b00000,0x0000008b27c00000) (1024K)]
  0x0000020eb80a3690 WorkerThread "G1 Conc#0"                       [id=1388, stack(0x0000008b27c00000,0x0000008b27d00000) (1024K)]
  0x0000020eeaaff6b0 WorkerThread "G1 Conc#1"                       [id=10488, stack(0x0000008b2a300000,0x0000008b2a400000) (1024K)]
  0x0000020eeaafd930 WorkerThread "G1 Conc#2"                       [id=57552, stack(0x0000008b2a400000,0x0000008b2a500000) (1024K)]
  0x0000020eb812e920 ConcurrentGCThread "G1 Refine#0"               [id=38708, stack(0x0000008b27d00000,0x0000008b27e00000) (1024K)]
  0x0000020ecdd145e0 ConcurrentGCThread "G1 Service"                [id=34788, stack(0x0000008b27e00000,0x0000008b27f00000) (1024K)]
Total: 18

Threads with active compile tasks:
C2 CompilerThread0  304737 4955       4       jdk.internal.loader.URLClassPath$JarLoader$2::getBytes (48 bytes)
Total: 1

VM state: synchronizing (normal execution)

VM Mutex/Monitor currently owned by a thread:  ([mutex/lock_event])
[0x00007ff81003d530] Metaspace_lock - owner thread: 0x0000020ee865c660
[0x00007ff81003f5b0] Threads_lock - owner thread: 0x0000020ecde508e0

Heap address: 0x00000000e0000000, size: 512 MB, Compressed Oops mode: 32-bit

CDS archive(s) mapped at: [0x0000020ece000000-0x0000020eceba0000-0x0000020eceba0000), size 12189696, SharedBaseAddress: 0x0000020ece000000, ArchiveRelocationMode: 1.
Compressed class space mapped at: 0x0000020ecf000000-0x0000020ee3000000, reserved size: 335544320
Narrow klass base: 0x0000020ece000000, Narrow klass shift: 0, Narrow klass range: 0x100000000

GC Precious Log:
 CardTable entry size: 512
 Card Set container configuration: InlinePtr #cards 5 size 8 Array Of Cards #cards 12 size 40 Howl #buckets 4 coarsen threshold 1843 Howl Bitmap #cards 512 size 80 coarsen threshold 460 Card regions per heap region 1 cards per card region 2048
 CPUs: 12 total, 12 available
 Memory: 16067M
 Large Page Support: Disabled
 NUMA Support: Disabled
 Compressed Oops: Enabled (32-bit)
 Heap Region Size: 1M
 Heap Min Capacity: 256M
 Heap Initial Capacity: 256M
 Heap Max Capacity: 512M
 Pre-touch: Disabled
 Parallel Workers: 10
 Concurrent Workers: 3
 Concurrent Refinement Workers: 10
 Periodic GC: Disabled

Heap:
 garbage-first heap   total 262144K, used 53709K [0x00000000e0000000, 0x0000000100000000)
  region size 1024K, 24 young (24576K), 4 survivors (4096K)
 Metaspace       used 41417K, committed 43136K, reserved 393216K
  class space    used 6245K, committed 7104K, reserved 327680K

Heap Regions: E=young(eden), S=young(survivor), O=old, HS=humongous(starts), HC=humongous(continues), CS=collection set, F=free, TAMS=top-at-mark-start, PB=parsable bottom
|   0|0x00000000e0000000, 0x00000000e0100000, 0x00000000e0100000|100%|HS|  |TAMS 0x00000000e0000000| PB 0x00000000e0000000| Complete 
|   1|0x00000000e0100000, 0x00000000e0200000, 0x00000000e0200000|100%|HC|  |TAMS 0x00000000e0100000| PB 0x00000000e0100000| Complete 
|   2|0x00000000e0200000, 0x00000000e0300000, 0x00000000e0300000|100%|HC|  |TAMS 0x00000000e0200000| PB 0x00000000e0200000| Complete 
|   3|0x00000000e0300000, 0x00000000e0400000, 0x00000000e0400000|100%|HC|  |TAMS 0x00000000e0300000| PB 0x00000000e0300000| Complete 
|   4|0x00000000e0400000, 0x00000000e0500000, 0x00000000e0500000|100%| O|  |TAMS 0x00000000e0400000| PB 0x00000000e0400000| Untracked 
|   5|0x00000000e0500000, 0x00000000e0600000, 0x00000000e0600000|100%| O|  |TAMS 0x00000000e0500000| PB 0x00000000e0500000| Untracked 
|   6|0x00000000e0600000, 0x00000000e0700000, 0x00000000e0700000|100%| O|  |TAMS 0x00000000e0600000| PB 0x00000000e0600000| Untracked 
|   7|0x00000000e0700000, 0x00000000e0800000, 0x00000000e0800000|100%| O|  |TAMS 0x00000000e0700000| PB 0x00000000e0700000| Untracked 
|   8|0x00000000e0800000, 0x00000000e0900000, 0x00000000e0900000|100%| O|  |TAMS 0x00000000e0800000| PB 0x00000000e0800000| Untracked 
|   9|0x00000000e0900000, 0x00000000e0a00000, 0x00000000e0a00000|100%| O|  |TAMS 0x00000000e0900000| PB 0x00000000e0900000| Untracked 
|  10|0x00000000e0a00000, 0x00000000e0b00000, 0x00000000e0b00000|100%| O|  |TAMS 0x00000000e0a00000| PB 0x00000000e0a00000| Untracked 
|  11|0x00000000e0b00000, 0x00000000e0c00000, 0x00000000e0c00000|100%| O|  |TAMS 0x00000000e0b00000| PB 0x00000000e0b00000| Untracked 
|  12|0x00000000e0c00000, 0x00000000e0d00000, 0x00000000e0d00000|100%|HS|  |TAMS 0x00000000e0c00000| PB 0x00000000e0c00000| Complete 
|  13|0x00000000e0d00000, 0x00000000e0e00000, 0x00000000e0e00000|100%| O|  |TAMS 0x00000000e0d00000| PB 0x00000000e0d00000| Untracked 
|  14|0x00000000e0e00000, 0x00000000e0f00000, 0x00000000e0f00000|100%| O|  |TAMS 0x00000000e0e00000| PB 0x00000000e0e00000| Untracked 
|  15|0x00000000e0f00000, 0x00000000e1000000, 0x00000000e1000000|100%| O|  |TAMS 0x00000000e0f00000| PB 0x00000000e0f00000| Untracked 
|  16|0x00000000e1000000, 0x00000000e1100000, 0x00000000e1100000|100%| O|  |TAMS 0x00000000e1000000| PB 0x00000000e1000000| Untracked 
|  17|0x00000000e1100000, 0x00000000e1200000, 0x00000000e1200000|100%| O|  |TAMS 0x00000000e1100000| PB 0x00000000e1100000| Untracked 
|  18|0x00000000e1200000, 0x00000000e1300000, 0x00000000e1300000|100%| O|  |TAMS 0x00000000e1200000| PB 0x00000000e1200000| Untracked 
|  19|0x00000000e1300000, 0x00000000e1400000, 0x00000000e1400000|100%| O|  |TAMS 0x00000000e1300000| PB 0x00000000e1300000| Untracked 
|  20|0x00000000e1400000, 0x00000000e1500000, 0x00000000e1500000|100%| O|  |TAMS 0x00000000e1400000| PB 0x00000000e1400000| Untracked 
|  21|0x00000000e1500000, 0x00000000e1600000, 0x00000000e1600000|100%| O|  |TAMS 0x00000000e1500000| PB 0x00000000e1500000| Untracked 
|  22|0x00000000e1600000, 0x00000000e1700000, 0x00000000e1700000|100%| O|Cm|TAMS 0x00000000e1600000| PB 0x00000000e1600000| Complete 
|  23|0x00000000e1700000, 0x00000000e1800000, 0x00000000e1800000|100%| O|  |TAMS 0x00000000e1700000| PB 0x00000000e1700000| Untracked 
|  24|0x00000000e1800000, 0x00000000e1900000, 0x00000000e1900000|100%| O|  |TAMS 0x00000000e1800000| PB 0x00000000e1800000| Untracked 
|  25|0x00000000e1900000, 0x00000000e1a00000, 0x00000000e1a00000|100%| O|  |TAMS 0x00000000e1900000| PB 0x00000000e1900000| Untracked 
|  26|0x00000000e1a00000, 0x00000000e1b00000, 0x00000000e1b00000|100%| O|  |TAMS 0x00000000e1a00000| PB 0x00000000e1a00000| Untracked 
|  27|0x00000000e1b00000, 0x00000000e1c00000, 0x00000000e1c00000|100%| O|  |TAMS 0x00000000e1b00000| PB 0x00000000e1b00000| Untracked 
|  28|0x00000000e1c00000, 0x00000000e1d00000, 0x00000000e1d00000|100%| O|  |TAMS 0x00000000e1c00000| PB 0x00000000e1c00000| Untracked 
|  29|0x00000000e1d00000, 0x00000000e1e00000, 0x00000000e1e00000|100%| O|  |TAMS 0x00000000e1d00000| PB 0x00000000e1d00000| Untracked 
|  30|0x00000000e1e00000, 0x00000000e1e08400, 0x00000000e1f00000|  3%| O|  |TAMS 0x00000000e1e00000| PB 0x00000000e1e00000| Untracked 
|  31|0x00000000e1f00000, 0x00000000e1f00000, 0x00000000e2000000|  0%| F|  |TAMS 0x00000000e1f00000| PB 0x00000000e1f00000| Untracked 
|  32|0x00000000e2000000, 0x00000000e2000000, 0x00000000e2100000|  0%| F|  |TAMS 0x00000000e2000000| PB 0x00000000e2000000| Untracked 
|  33|0x00000000e2100000, 0x00000000e2100000, 0x00000000e2200000|  0%| F|  |TAMS 0x00000000e2100000| PB 0x00000000e2100000| Untracked 
|  34|0x00000000e2200000, 0x00000000e2200000, 0x00000000e2300000|  0%| F|  |TAMS 0x00000000e2200000| PB 0x00000000e2200000| Untracked 
|  35|0x00000000e2300000, 0x00000000e2300000, 0x00000000e2400000|  0%| F|  |TAMS 0x00000000e2300000| PB 0x00000000e2300000| Untracked 
|  36|0x00000000e2400000, 0x00000000e2400000, 0x00000000e2500000|  0%| F|  |TAMS 0x00000000e2400000| PB 0x00000000e2400000| Untracked 
|  37|0x00000000e2500000, 0x00000000e2500000, 0x00000000e2600000|  0%| F|  |TAMS 0x00000000e2500000| PB 0x00000000e2500000| Untracked 
|  38|0x00000000e2600000, 0x00000000e2600000, 0x00000000e2700000|  0%| F|  |TAMS 0x00000000e2600000| PB 0x00000000e2600000| Untracked 
|  39|0x00000000e2700000, 0x00000000e2700000, 0x00000000e2800000|  0%| F|  |TAMS 0x00000000e2700000| PB 0x00000000e2700000| Untracked 
|  40|0x00000000e2800000, 0x00000000e2800000, 0x00000000e2900000|  0%| F|  |TAMS 0x00000000e2800000| PB 0x00000000e2800000| Untracked 
|  41|0x00000000e2900000, 0x00000000e2900000, 0x00000000e2a00000|  0%| F|  |TAMS 0x00000000e2900000| PB 0x00000000e2900000| Untracked 
|  42|0x00000000e2a00000, 0x00000000e2a00000, 0x00000000e2b00000|  0%| F|  |TAMS 0x00000000e2a00000| PB 0x00000000e2a00000| Untracked 
|  43|0x00000000e2b00000, 0x00000000e2b00000, 0x00000000e2c00000|  0%| F|  |TAMS 0x00000000e2b00000| PB 0x00000000e2b00000| Untracked 
|  44|0x00000000e2c00000, 0x00000000e2c00000, 0x00000000e2d00000|  0%| F|  |TAMS 0x00000000e2c00000| PB 0x00000000e2c00000| Untracked 
|  45|0x00000000e2d00000, 0x00000000e2d00000, 0x00000000e2e00000|  0%| F|  |TAMS 0x00000000e2d00000| PB 0x00000000e2d00000| Untracked 
|  46|0x00000000e2e00000, 0x00000000e2e00000, 0x00000000e2f00000|  0%| F|  |TAMS 0x00000000e2e00000| PB 0x00000000e2e00000| Untracked 
|  47|0x00000000e2f00000, 0x00000000e2f00000, 0x00000000e3000000|  0%| F|  |TAMS 0x00000000e2f00000| PB 0x00000000e2f00000| Untracked 
|  48|0x00000000e3000000, 0x00000000e3000000, 0x00000000e3100000|  0%| F|  |TAMS 0x00000000e3000000| PB 0x00000000e3000000| Untracked 
|  49|0x00000000e3100000, 0x00000000e3100000, 0x00000000e3200000|  0%| F|  |TAMS 0x00000000e3100000| PB 0x00000000e3100000| Untracked 
|  50|0x00000000e3200000, 0x00000000e3200000, 0x00000000e3300000|  0%| F|  |TAMS 0x00000000e3200000| PB 0x00000000e3200000| Untracked 
|  51|0x00000000e3300000, 0x00000000e3300000, 0x00000000e3400000|  0%| F|  |TAMS 0x00000000e3300000| PB 0x00000000e3300000| Untracked 
|  52|0x00000000e3400000, 0x00000000e3400000, 0x00000000e3500000|  0%| F|  |TAMS 0x00000000e3400000| PB 0x00000000e3400000| Untracked 
|  53|0x00000000e3500000, 0x00000000e3500000, 0x00000000e3600000|  0%| F|  |TAMS 0x00000000e3500000| PB 0x00000000e3500000| Untracked 
|  54|0x00000000e3600000, 0x00000000e3600000, 0x00000000e3700000|  0%| F|  |TAMS 0x00000000e3600000| PB 0x00000000e3600000| Untracked 
|  55|0x00000000e3700000, 0x00000000e3700000, 0x00000000e3800000|  0%| F|  |TAMS 0x00000000e3700000| PB 0x00000000e3700000| Untracked 
|  56|0x00000000e3800000, 0x00000000e3800000, 0x00000000e3900000|  0%| F|  |TAMS 0x00000000e3800000| PB 0x00000000e3800000| Untracked 
|  57|0x00000000e3900000, 0x00000000e3900000, 0x00000000e3a00000|  0%| F|  |TAMS 0x00000000e3900000| PB 0x00000000e3900000| Untracked 
|  58|0x00000000e3a00000, 0x00000000e3a00000, 0x00000000e3b00000|  0%| F|  |TAMS 0x00000000e3a00000| PB 0x00000000e3a00000| Untracked 
|  59|0x00000000e3b00000, 0x00000000e3b00000, 0x00000000e3c00000|  0%| F|  |TAMS 0x00000000e3b00000| PB 0x00000000e3b00000| Untracked 
|  60|0x00000000e3c00000, 0x00000000e3c00000, 0x00000000e3d00000|  0%| F|  |TAMS 0x00000000e3c00000| PB 0x00000000e3c00000| Untracked 
|  61|0x00000000e3d00000, 0x00000000e3d00000, 0x00000000e3e00000|  0%| F|  |TAMS 0x00000000e3d00000| PB 0x00000000e3d00000| Untracked 
|  62|0x00000000e3e00000, 0x00000000e3e00000, 0x00000000e3f00000|  0%| F|  |TAMS 0x00000000e3e00000| PB 0x00000000e3e00000| Untracked 
|  63|0x00000000e3f00000, 0x00000000e3f00000, 0x00000000e4000000|  0%| F|  |TAMS 0x00000000e3f00000| PB 0x00000000e3f00000| Untracked 
|  64|0x00000000e4000000, 0x00000000e4000000, 0x00000000e4100000|  0%| F|  |TAMS 0x00000000e4000000| PB 0x00000000e4000000| Untracked 
|  65|0x00000000e4100000, 0x00000000e4100000, 0x00000000e4200000|  0%| F|  |TAMS 0x00000000e4100000| PB 0x00000000e4100000| Untracked 
|  66|0x00000000e4200000, 0x00000000e4200000, 0x00000000e4300000|  0%| F|  |TAMS 0x00000000e4200000| PB 0x00000000e4200000| Untracked 
|  67|0x00000000e4300000, 0x00000000e4300000, 0x00000000e4400000|  0%| F|  |TAMS 0x00000000e4300000| PB 0x00000000e4300000| Untracked 
|  68|0x00000000e4400000, 0x00000000e4400000, 0x00000000e4500000|  0%| F|  |TAMS 0x00000000e4400000| PB 0x00000000e4400000| Untracked 
|  69|0x00000000e4500000, 0x00000000e4500000, 0x00000000e4600000|  0%| F|  |TAMS 0x00000000e4500000| PB 0x00000000e4500000| Untracked 
|  70|0x00000000e4600000, 0x00000000e4600000, 0x00000000e4700000|  0%| F|  |TAMS 0x00000000e4600000| PB 0x00000000e4600000| Untracked 
|  71|0x00000000e4700000, 0x00000000e4700000, 0x00000000e4800000|  0%| F|  |TAMS 0x00000000e4700000| PB 0x00000000e4700000| Untracked 
|  72|0x00000000e4800000, 0x00000000e4800000, 0x00000000e4900000|  0%| F|  |TAMS 0x00000000e4800000| PB 0x00000000e4800000| Untracked 
|  73|0x00000000e4900000, 0x00000000e4900000, 0x00000000e4a00000|  0%| F|  |TAMS 0x00000000e4900000| PB 0x00000000e4900000| Untracked 
|  74|0x00000000e4a00000, 0x00000000e4a00000, 0x00000000e4b00000|  0%| F|  |TAMS 0x00000000e4a00000| PB 0x00000000e4a00000| Untracked 
|  75|0x00000000e4b00000, 0x00000000e4b00000, 0x00000000e4c00000|  0%| F|  |TAMS 0x00000000e4b00000| PB 0x00000000e4b00000| Untracked 
|  76|0x00000000e4c00000, 0x00000000e4c00000, 0x00000000e4d00000|  0%| F|  |TAMS 0x00000000e4c00000| PB 0x00000000e4c00000| Untracked 
|  77|0x00000000e4d00000, 0x00000000e4d00000, 0x00000000e4e00000|  0%| F|  |TAMS 0x00000000e4d00000| PB 0x00000000e4d00000| Untracked 
|  78|0x00000000e4e00000, 0x00000000e4e00000, 0x00000000e4f00000|  0%| F|  |TAMS 0x00000000e4e00000| PB 0x00000000e4e00000| Untracked 
|  79|0x00000000e4f00000, 0x00000000e4f00000, 0x00000000e5000000|  0%| F|  |TAMS 0x00000000e4f00000| PB 0x00000000e4f00000| Untracked 
|  80|0x00000000e5000000, 0x00000000e5000000, 0x00000000e5100000|  0%| F|  |TAMS 0x00000000e5000000| PB 0x00000000e5000000| Untracked 
|  81|0x00000000e5100000, 0x00000000e5100000, 0x00000000e5200000|  0%| F|  |TAMS 0x00000000e5100000| PB 0x00000000e5100000| Untracked 
|  82|0x00000000e5200000, 0x00000000e5200000, 0x00000000e5300000|  0%| F|  |TAMS 0x00000000e5200000| PB 0x00000000e5200000| Untracked 
|  83|0x00000000e5300000, 0x00000000e5300000, 0x00000000e5400000|  0%| F|  |TAMS 0x00000000e5300000| PB 0x00000000e5300000| Untracked 
|  84|0x00000000e5400000, 0x00000000e5400000, 0x00000000e5500000|  0%| F|  |TAMS 0x00000000e5400000| PB 0x00000000e5400000| Untracked 
|  85|0x00000000e5500000, 0x00000000e5500000, 0x00000000e5600000|  0%| F|  |TAMS 0x00000000e5500000| PB 0x00000000e5500000| Untracked 
|  86|0x00000000e5600000, 0x00000000e5600000, 0x00000000e5700000|  0%| F|  |TAMS 0x00000000e5600000| PB 0x00000000e5600000| Untracked 
|  87|0x00000000e5700000, 0x00000000e5700000, 0x00000000e5800000|  0%| F|  |TAMS 0x00000000e5700000| PB 0x00000000e5700000| Untracked 
|  88|0x00000000e5800000, 0x00000000e5800000, 0x00000000e5900000|  0%| F|  |TAMS 0x00000000e5800000| PB 0x00000000e5800000| Untracked 
|  89|0x00000000e5900000, 0x00000000e5900000, 0x00000000e5a00000|  0%| F|  |TAMS 0x00000000e5900000| PB 0x00000000e5900000| Untracked 
|  90|0x00000000e5a00000, 0x00000000e5a00000, 0x00000000e5b00000|  0%| F|  |TAMS 0x00000000e5a00000| PB 0x00000000e5a00000| Untracked 
|  91|0x00000000e5b00000, 0x00000000e5b00000, 0x00000000e5c00000|  0%| F|  |TAMS 0x00000000e5b00000| PB 0x00000000e5b00000| Untracked 
|  92|0x00000000e5c00000, 0x00000000e5c00000, 0x00000000e5d00000|  0%| F|  |TAMS 0x00000000e5c00000| PB 0x00000000e5c00000| Untracked 
|  93|0x00000000e5d00000, 0x00000000e5d00000, 0x00000000e5e00000|  0%| F|  |TAMS 0x00000000e5d00000| PB 0x00000000e5d00000| Untracked 
|  94|0x00000000e5e00000, 0x00000000e5e00000, 0x00000000e5f00000|  0%| F|  |TAMS 0x00000000e5e00000| PB 0x00000000e5e00000| Untracked 
|  95|0x00000000e5f00000, 0x00000000e5f00000, 0x00000000e6000000|  0%| F|  |TAMS 0x00000000e5f00000| PB 0x00000000e5f00000| Untracked 
|  96|0x00000000e6000000, 0x00000000e6000000, 0x00000000e6100000|  0%| F|  |TAMS 0x00000000e6000000| PB 0x00000000e6000000| Untracked 
|  97|0x00000000e6100000, 0x00000000e6100000, 0x00000000e6200000|  0%| F|  |TAMS 0x00000000e6100000| PB 0x00000000e6100000| Untracked 
|  98|0x00000000e6200000, 0x00000000e6200000, 0x00000000e6300000|  0%| F|  |TAMS 0x00000000e6200000| PB 0x00000000e6200000| Untracked 
|  99|0x00000000e6300000, 0x00000000e6300000, 0x00000000e6400000|  0%| F|  |TAMS 0x00000000e6300000| PB 0x00000000e6300000| Untracked 
| 100|0x00000000e6400000, 0x00000000e6400000, 0x00000000e6500000|  0%| F|  |TAMS 0x00000000e6400000| PB 0x00000000e6400000| Untracked 
| 101|0x00000000e6500000, 0x00000000e6500000, 0x00000000e6600000|  0%| F|  |TAMS 0x00000000e6500000| PB 0x00000000e6500000| Untracked 
| 102|0x00000000e6600000, 0x00000000e6600000, 0x00000000e6700000|  0%| F|  |TAMS 0x00000000e6600000| PB 0x00000000e6600000| Untracked 
| 103|0x00000000e6700000, 0x00000000e6700000, 0x00000000e6800000|  0%| F|  |TAMS 0x00000000e6700000| PB 0x00000000e6700000| Untracked 
| 104|0x00000000e6800000, 0x00000000e6800000, 0x00000000e6900000|  0%| F|  |TAMS 0x00000000e6800000| PB 0x00000000e6800000| Untracked 
| 105|0x00000000e6900000, 0x00000000e6900000, 0x00000000e6a00000|  0%| F|  |TAMS 0x00000000e6900000| PB 0x00000000e6900000| Untracked 
| 106|0x00000000e6a00000, 0x00000000e6a00000, 0x00000000e6b00000|  0%| F|  |TAMS 0x00000000e6a00000| PB 0x00000000e6a00000| Untracked 
| 107|0x00000000e6b00000, 0x00000000e6b00000, 0x00000000e6c00000|  0%| F|  |TAMS 0x00000000e6b00000| PB 0x00000000e6b00000| Untracked 
| 108|0x00000000e6c00000, 0x00000000e6c00000, 0x00000000e6d00000|  0%| F|  |TAMS 0x00000000e6c00000| PB 0x00000000e6c00000| Untracked 
| 109|0x00000000e6d00000, 0x00000000e6d00000, 0x00000000e6e00000|  0%| F|  |TAMS 0x00000000e6d00000| PB 0x00000000e6d00000| Untracked 
| 110|0x00000000e6e00000, 0x00000000e6e00000, 0x00000000e6f00000|  0%| F|  |TAMS 0x00000000e6e00000| PB 0x00000000e6e00000| Untracked 
| 111|0x00000000e6f00000, 0x00000000e6f00000, 0x00000000e7000000|  0%| F|  |TAMS 0x00000000e6f00000| PB 0x00000000e6f00000| Untracked 
| 112|0x00000000e7000000, 0x00000000e7000000, 0x00000000e7100000|  0%| F|  |TAMS 0x00000000e7000000| PB 0x00000000e7000000| Untracked 
| 113|0x00000000e7100000, 0x00000000e7100000, 0x00000000e7200000|  0%| F|  |TAMS 0x00000000e7100000| PB 0x00000000e7100000| Untracked 
| 114|0x00000000e7200000, 0x00000000e7200000, 0x00000000e7300000|  0%| F|  |TAMS 0x00000000e7200000| PB 0x00000000e7200000| Untracked 
| 115|0x00000000e7300000, 0x00000000e7300000, 0x00000000e7400000|  0%| F|  |TAMS 0x00000000e7300000| PB 0x00000000e7300000| Untracked 
| 116|0x00000000e7400000, 0x00000000e7400000, 0x00000000e7500000|  0%| F|  |TAMS 0x00000000e7400000| PB 0x00000000e7400000| Untracked 
| 117|0x00000000e7500000, 0x00000000e7500000, 0x00000000e7600000|  0%| F|  |TAMS 0x00000000e7500000| PB 0x00000000e7500000| Untracked 
| 118|0x00000000e7600000, 0x00000000e7600000, 0x00000000e7700000|  0%| F|  |TAMS 0x00000000e7600000| PB 0x00000000e7600000| Untracked 
| 119|0x00000000e7700000, 0x00000000e7700000, 0x00000000e7800000|  0%| F|  |TAMS 0x00000000e7700000| PB 0x00000000e7700000| Untracked 
| 120|0x00000000e7800000, 0x00000000e7800000, 0x00000000e7900000|  0%| F|  |TAMS 0x00000000e7800000| PB 0x00000000e7800000| Untracked 
| 121|0x00000000e7900000, 0x00000000e7900000, 0x00000000e7a00000|  0%| F|  |TAMS 0x00000000e7900000| PB 0x00000000e7900000| Untracked 
| 122|0x00000000e7a00000, 0x00000000e7a00000, 0x00000000e7b00000|  0%| F|  |TAMS 0x00000000e7a00000| PB 0x00000000e7a00000| Untracked 
| 123|0x00000000e7b00000, 0x00000000e7b00000, 0x00000000e7c00000|  0%| F|  |TAMS 0x00000000e7b00000| PB 0x00000000e7b00000| Untracked 
| 124|0x00000000e7c00000, 0x00000000e7c00000, 0x00000000e7d00000|  0%| F|  |TAMS 0x00000000e7c00000| PB 0x00000000e7c00000| Untracked 
| 125|0x00000000e7d00000, 0x00000000e7d00000, 0x00000000e7e00000|  0%| F|  |TAMS 0x00000000e7d00000| PB 0x00000000e7d00000| Untracked 
| 126|0x00000000e7e00000, 0x00000000e7e00000, 0x00000000e7f00000|  0%| F|  |TAMS 0x00000000e7e00000| PB 0x00000000e7e00000| Untracked 
| 127|0x00000000e7f00000, 0x00000000e7f00000, 0x00000000e8000000|  0%| F|  |TAMS 0x00000000e7f00000| PB 0x00000000e7f00000| Untracked 
| 128|0x00000000e8000000, 0x00000000e8000000, 0x00000000e8100000|  0%| F|  |TAMS 0x00000000e8000000| PB 0x00000000e8000000| Untracked 
| 129|0x00000000e8100000, 0x00000000e8100000, 0x00000000e8200000|  0%| F|  |TAMS 0x00000000e8100000| PB 0x00000000e8100000| Untracked 
| 130|0x00000000e8200000, 0x00000000e8200000, 0x00000000e8300000|  0%| F|  |TAMS 0x00000000e8200000| PB 0x00000000e8200000| Untracked 
| 131|0x00000000e8300000, 0x00000000e8300000, 0x00000000e8400000|  0%| F|  |TAMS 0x00000000e8300000| PB 0x00000000e8300000| Untracked 
| 132|0x00000000e8400000, 0x00000000e8400000, 0x00000000e8500000|  0%| F|  |TAMS 0x00000000e8400000| PB 0x00000000e8400000| Untracked 
| 133|0x00000000e8500000, 0x00000000e8500000, 0x00000000e8600000|  0%| F|  |TAMS 0x00000000e8500000| PB 0x00000000e8500000| Untracked 
| 134|0x00000000e8600000, 0x00000000e8600000, 0x00000000e8700000|  0%| F|  |TAMS 0x00000000e8600000| PB 0x00000000e8600000| Untracked 
| 135|0x00000000e8700000, 0x00000000e8700000, 0x00000000e8800000|  0%| F|  |TAMS 0x00000000e8700000| PB 0x00000000e8700000| Untracked 
| 136|0x00000000e8800000, 0x00000000e8800000, 0x00000000e8900000|  0%| F|  |TAMS 0x00000000e8800000| PB 0x00000000e8800000| Untracked 
| 137|0x00000000e8900000, 0x00000000e8900000, 0x00000000e8a00000|  0%| F|  |TAMS 0x00000000e8900000| PB 0x00000000e8900000| Untracked 
| 138|0x00000000e8a00000, 0x00000000e8a00000, 0x00000000e8b00000|  0%| F|  |TAMS 0x00000000e8a00000| PB 0x00000000e8a00000| Untracked 
| 139|0x00000000e8b00000, 0x00000000e8b00000, 0x00000000e8c00000|  0%| F|  |TAMS 0x00000000e8b00000| PB 0x00000000e8b00000| Untracked 
| 140|0x00000000e8c00000, 0x00000000e8c00000, 0x00000000e8d00000|  0%| F|  |TAMS 0x00000000e8c00000| PB 0x00000000e8c00000| Untracked 
| 141|0x00000000e8d00000, 0x00000000e8d00000, 0x00000000e8e00000|  0%| F|  |TAMS 0x00000000e8d00000| PB 0x00000000e8d00000| Untracked 
| 142|0x00000000e8e00000, 0x00000000e8e00000, 0x00000000e8f00000|  0%| F|  |TAMS 0x00000000e8e00000| PB 0x00000000e8e00000| Untracked 
| 143|0x00000000e8f00000, 0x00000000e8f00000, 0x00000000e9000000|  0%| F|  |TAMS 0x00000000e8f00000| PB 0x00000000e8f00000| Untracked 
| 144|0x00000000e9000000, 0x00000000e9000000, 0x00000000e9100000|  0%| F|  |TAMS 0x00000000e9000000| PB 0x00000000e9000000| Untracked 
| 145|0x00000000e9100000, 0x00000000e9100000, 0x00000000e9200000|  0%| F|  |TAMS 0x00000000e9100000| PB 0x00000000e9100000| Untracked 
| 146|0x00000000e9200000, 0x00000000e9200000, 0x00000000e9300000|  0%| F|  |TAMS 0x00000000e9200000| PB 0x00000000e9200000| Untracked 
| 147|0x00000000e9300000, 0x00000000e9300000, 0x00000000e9400000|  0%| F|  |TAMS 0x00000000e9300000| PB 0x00000000e9300000| Untracked 
| 148|0x00000000e9400000, 0x00000000e9400000, 0x00000000e9500000|  0%| F|  |TAMS 0x00000000e9400000| PB 0x00000000e9400000| Untracked 
| 149|0x00000000e9500000, 0x00000000e9500000, 0x00000000e9600000|  0%| F|  |TAMS 0x00000000e9500000| PB 0x00000000e9500000| Untracked 
| 150|0x00000000e9600000, 0x00000000e9600000, 0x00000000e9700000|  0%| F|  |TAMS 0x00000000e9600000| PB 0x00000000e9600000| Untracked 
| 151|0x00000000e9700000, 0x00000000e9700000, 0x00000000e9800000|  0%| F|  |TAMS 0x00000000e9700000| PB 0x00000000e9700000| Untracked 
| 152|0x00000000e9800000, 0x00000000e9800000, 0x00000000e9900000|  0%| F|  |TAMS 0x00000000e9800000| PB 0x00000000e9800000| Untracked 
| 153|0x00000000e9900000, 0x00000000e9900000, 0x00000000e9a00000|  0%| F|  |TAMS 0x00000000e9900000| PB 0x00000000e9900000| Untracked 
| 154|0x00000000e9a00000, 0x00000000e9a00000, 0x00000000e9b00000|  0%| F|  |TAMS 0x00000000e9a00000| PB 0x00000000e9a00000| Untracked 
| 155|0x00000000e9b00000, 0x00000000e9b00000, 0x00000000e9c00000|  0%| F|  |TAMS 0x00000000e9b00000| PB 0x00000000e9b00000| Untracked 
| 156|0x00000000e9c00000, 0x00000000e9c00000, 0x00000000e9d00000|  0%| F|  |TAMS 0x00000000e9c00000| PB 0x00000000e9c00000| Untracked 
| 157|0x00000000e9d00000, 0x00000000e9d00000, 0x00000000e9e00000|  0%| F|  |TAMS 0x00000000e9d00000| PB 0x00000000e9d00000| Untracked 
| 158|0x00000000e9e00000, 0x00000000e9e00000, 0x00000000e9f00000|  0%| F|  |TAMS 0x00000000e9e00000| PB 0x00000000e9e00000| Untracked 
| 159|0x00000000e9f00000, 0x00000000e9f00000, 0x00000000ea000000|  0%| F|  |TAMS 0x00000000e9f00000| PB 0x00000000e9f00000| Untracked 
| 160|0x00000000ea000000, 0x00000000ea000000, 0x00000000ea100000|  0%| F|  |TAMS 0x00000000ea000000| PB 0x00000000ea000000| Untracked 
| 161|0x00000000ea100000, 0x00000000ea100000, 0x00000000ea200000|  0%| F|  |TAMS 0x00000000ea100000| PB 0x00000000ea100000| Untracked 
| 162|0x00000000ea200000, 0x00000000ea200000, 0x00000000ea300000|  0%| F|  |TAMS 0x00000000ea200000| PB 0x00000000ea200000| Untracked 
| 163|0x00000000ea300000, 0x00000000ea300000, 0x00000000ea400000|  0%| F|  |TAMS 0x00000000ea300000| PB 0x00000000ea300000| Untracked 
| 164|0x00000000ea400000, 0x00000000ea400000, 0x00000000ea500000|  0%| F|  |TAMS 0x00000000ea400000| PB 0x00000000ea400000| Untracked 
| 165|0x00000000ea500000, 0x00000000ea500000, 0x00000000ea600000|  0%| F|  |TAMS 0x00000000ea500000| PB 0x00000000ea500000| Untracked 
| 166|0x00000000ea600000, 0x00000000ea600000, 0x00000000ea700000|  0%| F|  |TAMS 0x00000000ea600000| PB 0x00000000ea600000| Untracked 
| 167|0x00000000ea700000, 0x00000000ea700000, 0x00000000ea800000|  0%| F|  |TAMS 0x00000000ea700000| PB 0x00000000ea700000| Untracked 
| 168|0x00000000ea800000, 0x00000000ea800000, 0x00000000ea900000|  0%| F|  |TAMS 0x00000000ea800000| PB 0x00000000ea800000| Untracked 
| 169|0x00000000ea900000, 0x00000000ea900000, 0x00000000eaa00000|  0%| F|  |TAMS 0x00000000ea900000| PB 0x00000000ea900000| Untracked 
| 170|0x00000000eaa00000, 0x00000000eaa00000, 0x00000000eab00000|  0%| F|  |TAMS 0x00000000eaa00000| PB 0x00000000eaa00000| Untracked 
| 171|0x00000000eab00000, 0x00000000eab00000, 0x00000000eac00000|  0%| F|  |TAMS 0x00000000eab00000| PB 0x00000000eab00000| Untracked 
| 172|0x00000000eac00000, 0x00000000eac00000, 0x00000000ead00000|  0%| F|  |TAMS 0x00000000eac00000| PB 0x00000000eac00000| Untracked 
| 173|0x00000000ead00000, 0x00000000ead00000, 0x00000000eae00000|  0%| F|  |TAMS 0x00000000ead00000| PB 0x00000000ead00000| Untracked 
| 174|0x00000000eae00000, 0x00000000eae00000, 0x00000000eaf00000|  0%| F|  |TAMS 0x00000000eae00000| PB 0x00000000eae00000| Untracked 
| 175|0x00000000eaf00000, 0x00000000eaf00000, 0x00000000eb000000|  0%| F|  |TAMS 0x00000000eaf00000| PB 0x00000000eaf00000| Untracked 
| 176|0x00000000eb000000, 0x00000000eb000000, 0x00000000eb100000|  0%| F|  |TAMS 0x00000000eb000000| PB 0x00000000eb000000| Untracked 
| 177|0x00000000eb100000, 0x00000000eb100000, 0x00000000eb200000|  0%| F|  |TAMS 0x00000000eb100000| PB 0x00000000eb100000| Untracked 
| 178|0x00000000eb200000, 0x00000000eb200000, 0x00000000eb300000|  0%| F|  |TAMS 0x00000000eb200000| PB 0x00000000eb200000| Untracked 
| 179|0x00000000eb300000, 0x00000000eb300000, 0x00000000eb400000|  0%| F|  |TAMS 0x00000000eb300000| PB 0x00000000eb300000| Untracked 
| 180|0x00000000eb400000, 0x00000000eb400000, 0x00000000eb500000|  0%| F|  |TAMS 0x00000000eb400000| PB 0x00000000eb400000| Untracked 
| 181|0x00000000eb500000, 0x00000000eb500000, 0x00000000eb600000|  0%| F|  |TAMS 0x00000000eb500000| PB 0x00000000eb500000| Untracked 
| 182|0x00000000eb600000, 0x00000000eb600000, 0x00000000eb700000|  0%| F|  |TAMS 0x00000000eb600000| PB 0x00000000eb600000| Untracked 
| 183|0x00000000eb700000, 0x00000000eb700000, 0x00000000eb800000|  0%| F|  |TAMS 0x00000000eb700000| PB 0x00000000eb700000| Untracked 
| 184|0x00000000eb800000, 0x00000000eb800000, 0x00000000eb900000|  0%| F|  |TAMS 0x00000000eb800000| PB 0x00000000eb800000| Untracked 
| 185|0x00000000eb900000, 0x00000000eb900000, 0x00000000eba00000|  0%| F|  |TAMS 0x00000000eb900000| PB 0x00000000eb900000| Untracked 
| 186|0x00000000eba00000, 0x00000000eba00000, 0x00000000ebb00000|  0%| F|  |TAMS 0x00000000eba00000| PB 0x00000000eba00000| Untracked 
| 187|0x00000000ebb00000, 0x00000000ebb00000, 0x00000000ebc00000|  0%| F|  |TAMS 0x00000000ebb00000| PB 0x00000000ebb00000| Untracked 
| 188|0x00000000ebc00000, 0x00000000ebc00000, 0x00000000ebd00000|  0%| F|  |TAMS 0x00000000ebc00000| PB 0x00000000ebc00000| Untracked 
| 189|0x00000000ebd00000, 0x00000000ebd00000, 0x00000000ebe00000|  0%| F|  |TAMS 0x00000000ebd00000| PB 0x00000000ebd00000| Untracked 
| 190|0x00000000ebe00000, 0x00000000ebe00000, 0x00000000ebf00000|  0%| F|  |TAMS 0x00000000ebe00000| PB 0x00000000ebe00000| Untracked 
| 191|0x00000000ebf00000, 0x00000000ebf00000, 0x00000000ec000000|  0%| F|  |TAMS 0x00000000ebf00000| PB 0x00000000ebf00000| Untracked 
| 192|0x00000000ec000000, 0x00000000ec000000, 0x00000000ec100000|  0%| F|  |TAMS 0x00000000ec000000| PB 0x00000000ec000000| Untracked 
| 193|0x00000000ec100000, 0x00000000ec100000, 0x00000000ec200000|  0%| F|  |TAMS 0x00000000ec100000| PB 0x00000000ec100000| Untracked 
| 194|0x00000000ec200000, 0x00000000ec200000, 0x00000000ec300000|  0%| F|  |TAMS 0x00000000ec200000| PB 0x00000000ec200000| Untracked 
| 195|0x00000000ec300000, 0x00000000ec300000, 0x00000000ec400000|  0%| F|  |TAMS 0x00000000ec300000| PB 0x00000000ec300000| Untracked 
| 196|0x00000000ec400000, 0x00000000ec400000, 0x00000000ec500000|  0%| F|  |TAMS 0x00000000ec400000| PB 0x00000000ec400000| Untracked 
| 197|0x00000000ec500000, 0x00000000ec500000, 0x00000000ec600000|  0%| F|  |TAMS 0x00000000ec500000| PB 0x00000000ec500000| Untracked 
| 198|0x00000000ec600000, 0x00000000ec600000, 0x00000000ec700000|  0%| F|  |TAMS 0x00000000ec600000| PB 0x00000000ec600000| Untracked 
| 199|0x00000000ec700000, 0x00000000ec700000, 0x00000000ec800000|  0%| F|  |TAMS 0x00000000ec700000| PB 0x00000000ec700000| Untracked 
| 200|0x00000000ec800000, 0x00000000ec800000, 0x00000000ec900000|  0%| F|  |TAMS 0x00000000ec800000| PB 0x00000000ec800000| Untracked 
| 201|0x00000000ec900000, 0x00000000ec900000, 0x00000000eca00000|  0%| F|  |TAMS 0x00000000ec900000| PB 0x00000000ec900000| Untracked 
| 202|0x00000000eca00000, 0x00000000eca00000, 0x00000000ecb00000|  0%| F|  |TAMS 0x00000000eca00000| PB 0x00000000eca00000| Untracked 
| 203|0x00000000ecb00000, 0x00000000ecb00000, 0x00000000ecc00000|  0%| F|  |TAMS 0x00000000ecb00000| PB 0x00000000ecb00000| Untracked 
| 204|0x00000000ecc00000, 0x00000000ecc00000, 0x00000000ecd00000|  0%| F|  |TAMS 0x00000000ecc00000| PB 0x00000000ecc00000| Untracked 
| 205|0x00000000ecd00000, 0x00000000ecd00000, 0x00000000ece00000|  0%| F|  |TAMS 0x00000000ecd00000| PB 0x00000000ecd00000| Untracked 
| 206|0x00000000ece00000, 0x00000000ece00000, 0x00000000ecf00000|  0%| F|  |TAMS 0x00000000ece00000| PB 0x00000000ece00000| Untracked 
| 207|0x00000000ecf00000, 0x00000000ecf00000, 0x00000000ed000000|  0%| F|  |TAMS 0x00000000ecf00000| PB 0x00000000ecf00000| Untracked 
| 208|0x00000000ed000000, 0x00000000ed000000, 0x00000000ed100000|  0%| F|  |TAMS 0x00000000ed000000| PB 0x00000000ed000000| Untracked 
| 209|0x00000000ed100000, 0x00000000ed100000, 0x00000000ed200000|  0%| F|  |TAMS 0x00000000ed100000| PB 0x00000000ed100000| Untracked 
| 210|0x00000000ed200000, 0x00000000ed200000, 0x00000000ed300000|  0%| F|  |TAMS 0x00000000ed200000| PB 0x00000000ed200000| Untracked 
| 211|0x00000000ed300000, 0x00000000ed36b368, 0x00000000ed400000| 41%| S|CS|TAMS 0x00000000ed300000| PB 0x00000000ed300000| Complete 
| 212|0x00000000ed400000, 0x00000000ed500000, 0x00000000ed500000|100%| S|CS|TAMS 0x00000000ed400000| PB 0x00000000ed400000| Complete 
| 213|0x00000000ed500000, 0x00000000ed600000, 0x00000000ed600000|100%| S|CS|TAMS 0x00000000ed500000| PB 0x00000000ed500000| Complete 
| 214|0x00000000ed600000, 0x00000000ed700000, 0x00000000ed700000|100%| S|CS|TAMS 0x00000000ed600000| PB 0x00000000ed600000| Complete 
| 215|0x00000000ed700000, 0x00000000ed700000, 0x00000000ed800000|  0%| F|  |TAMS 0x00000000ed700000| PB 0x00000000ed700000| Untracked 
| 216|0x00000000ed800000, 0x00000000ed800000, 0x00000000ed900000|  0%| F|  |TAMS 0x00000000ed800000| PB 0x00000000ed800000| Untracked 
| 217|0x00000000ed900000, 0x00000000ed900000, 0x00000000eda00000|  0%| F|  |TAMS 0x00000000ed900000| PB 0x00000000ed900000| Untracked 
| 218|0x00000000eda00000, 0x00000000eda00000, 0x00000000edb00000|  0%| F|  |TAMS 0x00000000eda00000| PB 0x00000000eda00000| Untracked 
| 219|0x00000000edb00000, 0x00000000edb00000, 0x00000000edc00000|  0%| F|  |TAMS 0x00000000edb00000| PB 0x00000000edb00000| Untracked 
| 220|0x00000000edc00000, 0x00000000edc00000, 0x00000000edd00000|  0%| F|  |TAMS 0x00000000edc00000| PB 0x00000000edc00000| Untracked 
| 221|0x00000000edd00000, 0x00000000edd00000, 0x00000000ede00000|  0%| F|  |TAMS 0x00000000edd00000| PB 0x00000000edd00000| Untracked 
| 222|0x00000000ede00000, 0x00000000ede00000, 0x00000000edf00000|  0%| F|  |TAMS 0x00000000ede00000| PB 0x00000000ede00000| Untracked 
| 223|0x00000000edf00000, 0x00000000edf00000, 0x00000000ee000000|  0%| F|  |TAMS 0x00000000edf00000| PB 0x00000000edf00000| Untracked 
| 224|0x00000000ee000000, 0x00000000ee000000, 0x00000000ee100000|  0%| F|  |TAMS 0x00000000ee000000| PB 0x00000000ee000000| Untracked 
| 225|0x00000000ee100000, 0x00000000ee100000, 0x00000000ee200000|  0%| F|  |TAMS 0x00000000ee100000| PB 0x00000000ee100000| Untracked 
| 226|0x00000000ee200000, 0x00000000ee200000, 0x00000000ee300000|  0%| F|  |TAMS 0x00000000ee200000| PB 0x00000000ee200000| Untracked 
| 227|0x00000000ee300000, 0x00000000ee300000, 0x00000000ee400000|  0%| F|  |TAMS 0x00000000ee300000| PB 0x00000000ee300000| Untracked 
| 228|0x00000000ee400000, 0x00000000ee400000, 0x00000000ee500000|  0%| F|  |TAMS 0x00000000ee400000| PB 0x00000000ee400000| Untracked 
| 229|0x00000000ee500000, 0x00000000ee500000, 0x00000000ee600000|  0%| F|  |TAMS 0x00000000ee500000| PB 0x00000000ee500000| Untracked 
| 230|0x00000000ee600000, 0x00000000ee600000, 0x00000000ee700000|  0%| F|  |TAMS 0x00000000ee600000| PB 0x00000000ee600000| Untracked 
| 231|0x00000000ee700000, 0x00000000ee700000, 0x00000000ee800000|  0%| F|  |TAMS 0x00000000ee700000| PB 0x00000000ee700000| Untracked 
| 232|0x00000000ee800000, 0x00000000ee800000, 0x00000000ee900000|  0%| F|  |TAMS 0x00000000ee800000| PB 0x00000000ee800000| Untracked 
| 233|0x00000000ee900000, 0x00000000ee900000, 0x00000000eea00000|  0%| F|  |TAMS 0x00000000ee900000| PB 0x00000000ee900000| Untracked 
| 234|0x00000000eea00000, 0x00000000eea00000, 0x00000000eeb00000|  0%| F|  |TAMS 0x00000000eea00000| PB 0x00000000eea00000| Untracked 
| 235|0x00000000eeb00000, 0x00000000eeb00000, 0x00000000eec00000|  0%| F|  |TAMS 0x00000000eeb00000| PB 0x00000000eeb00000| Untracked 
| 236|0x00000000eec00000, 0x00000000eec80000, 0x00000000eed00000| 50%| E|  |TAMS 0x00000000eec00000| PB 0x00000000eec00000| Complete 
| 237|0x00000000eed00000, 0x00000000eee00000, 0x00000000eee00000|100%| E|CS|TAMS 0x00000000eed00000| PB 0x00000000eed00000| Complete 
| 238|0x00000000eee00000, 0x00000000eef00000, 0x00000000eef00000|100%| E|CS|TAMS 0x00000000eee00000| PB 0x00000000eee00000| Complete 
| 239|0x00000000eef00000, 0x00000000ef000000, 0x00000000ef000000|100%| E|CS|TAMS 0x00000000eef00000| PB 0x00000000eef00000| Complete 
| 240|0x00000000ef000000, 0x00000000ef100000, 0x00000000ef100000|100%| E|CS|TAMS 0x00000000ef000000| PB 0x00000000ef000000| Complete 
| 241|0x00000000ef100000, 0x00000000ef200000, 0x00000000ef200000|100%| E|CS|TAMS 0x00000000ef100000| PB 0x00000000ef100000| Complete 
| 242|0x00000000ef200000, 0x00000000ef300000, 0x00000000ef300000|100%| E|CS|TAMS 0x00000000ef200000| PB 0x00000000ef200000| Complete 
| 243|0x00000000ef300000, 0x00000000ef400000, 0x00000000ef400000|100%| E|CS|TAMS 0x00000000ef300000| PB 0x00000000ef300000| Complete 
| 244|0x00000000ef400000, 0x00000000ef500000, 0x00000000ef500000|100%| E|CS|TAMS 0x00000000ef400000| PB 0x00000000ef400000| Complete 
| 245|0x00000000ef500000, 0x00000000ef600000, 0x00000000ef600000|100%| E|CS|TAMS 0x00000000ef500000| PB 0x00000000ef500000| Complete 
| 246|0x00000000ef600000, 0x00000000ef700000, 0x00000000ef700000|100%| E|CS|TAMS 0x00000000ef600000| PB 0x00000000ef600000| Complete 
| 247|0x00000000ef700000, 0x00000000ef800000, 0x00000000ef800000|100%| E|CS|TAMS 0x00000000ef700000| PB 0x00000000ef700000| Complete 
| 248|0x00000000ef800000, 0x00000000ef900000, 0x00000000ef900000|100%| E|CS|TAMS 0x00000000ef800000| PB 0x00000000ef800000| Complete 
| 249|0x00000000ef900000, 0x00000000efa00000, 0x00000000efa00000|100%| E|CS|TAMS 0x00000000ef900000| PB 0x00000000ef900000| Complete 
| 250|0x00000000efa00000, 0x00000000efb00000, 0x00000000efb00000|100%| E|CS|TAMS 0x00000000efa00000| PB 0x00000000efa00000| Complete 
| 251|0x00000000efb00000, 0x00000000efc00000, 0x00000000efc00000|100%| E|CS|TAMS 0x00000000efb00000| PB 0x00000000efb00000| Complete 
| 252|0x00000000efc00000, 0x00000000efd00000, 0x00000000efd00000|100%| E|CS|TAMS 0x00000000efc00000| PB 0x00000000efc00000| Complete 
| 253|0x00000000efd00000, 0x00000000efe00000, 0x00000000efe00000|100%| E|CS|TAMS 0x00000000efd00000| PB 0x00000000efd00000| Complete 
| 254|0x00000000efe00000, 0x00000000eff00000, 0x00000000eff00000|100%| E|CS|TAMS 0x00000000efe00000| PB 0x00000000efe00000| Complete 
| 255|0x00000000eff00000, 0x00000000f0000000, 0x00000000f0000000|100%| E|CS|TAMS 0x00000000eff00000| PB 0x00000000eff00000| Complete 

Card table byte_map: [0x0000020eca8c0000,0x0000020eca9c0000] _byte_map_base: 0x0000020eca1c0000

Marking Bits: (CMBitMap*) 0x0000020eb809e390
 Bits: [0x0000020eca9c0000, 0x0000020ecb1c0000)

Polling page: 0x0000020eb5f60000

Metaspace:

Usage:
  Non-class:     34.35 MB used.
      Class:      6.10 MB used.
       Both:     40.45 MB used.

Virtual space:
  Non-class space:       64.00 MB reserved,      35.19 MB ( 55%) committed,  1 nodes.
      Class space:      320.00 MB reserved,       6.94 MB (  2%) committed,  1 nodes.
             Both:      384.00 MB reserved,      42.12 MB ( 11%) committed. 

Chunk freelists:
   Non-Class:  12.61 MB
       Class:  8.90 MB
        Both:  21.52 MB

MaxMetaspaceSize: 384.00 MB
CompressedClassSpaceSize: 320.00 MB
Initial GC threshold: 21.00 MB
Current GC threshold: 59.00 MB
CDS: on
 - commit_granule_bytes: 65536.
 - commit_granule_words: 8192.
 - virtual_space_node_default_size: 8388608.
 - enlarge_chunks_in_place: 1.
 - use_allocation_guard: 0.


Internal statistics:

num_allocs_failed_limit: 6.
num_arena_births: 3108.
num_arena_deaths: 0.
num_vsnodes_births: 2.
num_vsnodes_deaths: 0.
num_space_committed: 674.
num_space_uncommitted: 0.
num_chunks_returned_to_freelist: 6.
num_chunks_taken_from_freelist: 5198.
num_chunk_merges: 6.
num_chunk_splits: 3347.
num_chunks_enlarged: 1983.
num_inconsistent_stats: 0.

CodeHeap 'non-profiled nmethods': size=120000Kb used=2575Kb max_used=2575Kb free=117425Kb
 bounds [0x0000020ec2d40000, 0x0000020ec2fd0000, 0x0000020eca270000]
CodeHeap 'profiled nmethods': size=120000Kb used=8717Kb max_used=8717Kb free=111282Kb
 bounds [0x0000020ebb270000, 0x0000020ebbb00000, 0x0000020ec27a0000]
CodeHeap 'non-nmethods': size=5760Kb used=1839Kb max_used=1886Kb free=3920Kb
 bounds [0x0000020ec27a0000, 0x0000020ec2a10000, 0x0000020ec2d40000]
CodeCache: size=245760Kb, used=13131Kb, max_used=13178Kb, free=232627Kb
 total_blobs=5249, nmethods=4536, adapters=617, full_count=0
Compilation: enabled, stopped_count=0, restarted_count=0

Compilation events (20 events):
Event: 280.878 Thread 0x0000020ee7013340 4977       3       org.gradle.internal.instantiation.generator.AbstractClassGenerator::isPropertyType (36 bytes)
Event: 280.878 Thread 0x0000020ee7013340 nmethod 4977 0x0000020ebbaf1890 code [0x0000020ebbaf1a60, 0x0000020ebbaf1ca8]
Event: 280.878 Thread 0x0000020ee7013340 4978       3       org.gradle.internal.instantiation.generator.AsmBackedClassGenerator$ClassBuilderImpl$$Lambda/0x0000020ecf1fc570::apply (8 bytes)
Event: 280.879 Thread 0x0000020ee7013340 nmethod 4978 0x0000020ebbaf1d90 code [0x0000020ebbaf1f40, 0x0000020ebbaf2170]
Event: 280.882 Thread 0x0000020ee7013340 4981       3       org.gradle.internal.instantiation.generator.AsmBackedClassGenerator$ClassBuilderImpl::access$200 (4 bytes)
Event: 280.882 Thread 0x0000020ee7013340 nmethod 4981 0x0000020ebb5cb010 code [0x0000020ebb5cb1a0, 0x0000020ebb5cb298]
Event: 280.892 Thread 0x0000020ee7013340 4984       1       org.gradle.internal.instantiation.managed.DefaultManagedObjectRegistry::getImplicitAnnotation (2 bytes)
Event: 280.892 Thread 0x0000020ee7013340 nmethod 4984 0x0000020ec2fbe910 code [0x0000020ec2fbeaa0, 0x0000020ec2fbeb70]
Event: 280.898 Thread 0x0000020ee7013340 4985       3       org.gradle.internal.instantiation.managed.DefaultManagedObjectRegistry::getAnnotations (6 bytes)
Event: 280.898 Thread 0x0000020ee7013340 nmethod 4985 0x0000020ebbaf2210 code [0x0000020ebbaf23e0, 0x0000020ebbaf2790]
Event: 280.908 Thread 0x0000020ee70128a0 nmethod 4954 0x0000020ec2fbec10 code [0x0000020ec2fbf020, 0x0000020ec2fc1708]
Event: 280.909 Thread 0x0000020ee70128a0 4962       4       com.google.common.reflect.TypeResolver$TypeVariableKey::equalsTypeVariable (50 bytes)
Event: 280.911 Thread 0x0000020ee7013340 4986       3       java.nio.file.Files::readAttributes (11 bytes)
Event: 280.911 Thread 0x0000020ee7013340 nmethod 4986 0x0000020ebbaf2910 code [0x0000020ebbaf2ae0, 0x0000020ebbaf2d70]
Event: 280.914 Thread 0x0000020ee70128a0 nmethod 4962 0x0000020ec2fc3010 code [0x0000020ec2fc3240, 0x0000020ec2fc37e0]
Event: 280.914 Thread 0x0000020ee70128a0 4955       4       jdk.internal.loader.URLClassPath$JarLoader$2::getBytes (48 bytes)
Event: 280.944 Thread 0x0000020ee7013340 4987       3       java.util.LinkedList::node (65 bytes)
Event: 280.944 Thread 0x0000020ee7013340 nmethod 4987 0x0000020ebbaf2f10 code [0x0000020ebbaf30e0, 0x0000020ebbaf33a8]
Event: 280.948 Thread 0x0000020ee7013340 4988       3       com.google.common.cache.LocalCache$Segment::drainRecencyQueue (45 bytes)
Event: 280.948 Thread 0x0000020ee7013340 nmethod 4988 0x0000020ebbaf3510 code [0x0000020ebbaf3700, 0x0000020ebbaf3ce8]

GC Heap History (20 events):
Event: 231.293 GC heap before
{Heap before GC invocations=3 (full 0):
 garbage-first heap   total 262144K, used 24670K [0x00000000e0000000, 0x0000000100000000)
  region size 1024K, 14 young (14336K), 13 survivors (13312K)
 Metaspace       used 20914K, committed 21632K, reserved 393216K
  class space    used 2988K, committed 3328K, reserved 327680K
}
Event: 231.613 GC heap after
{Heap after GC invocations=4 (full 0):
 garbage-first heap   total 262144K, used 25858K [0x00000000e0000000, 0x0000000100000000)
  region size 1024K, 2 young (2048K), 2 survivors (2048K)
 Metaspace       used 20914K, committed 21632K, reserved 393216K
  class space    used 2988K, committed 3328K, reserved 327680K
}
Event: 235.265 GC heap before
{Heap before GC invocations=5 (full 0):
 garbage-first heap   total 262144K, used 35074K [0x00000000e0000000, 0x0000000100000000)
  region size 1024K, 12 young (12288K), 2 survivors (2048K)
 Metaspace       used 21994K, committed 22656K, reserved 393216K
  class space    used 3207K, committed 3520K, reserved 327680K
}
Event: 235.439 GC heap after
{Heap after GC invocations=6 (full 0):
 garbage-first heap   total 262144K, used 25532K [0x00000000e0000000, 0x0000000100000000)
  region size 1024K, 1 young (1024K), 1 survivors (1024K)
 Metaspace       used 21994K, committed 22656K, reserved 393216K
  class space    used 3207K, committed 3520K, reserved 327680K
}
Event: 238.729 GC heap before
{Heap before GC invocations=6 (full 0):
 garbage-first heap   total 262144K, used 35772K [0x00000000e0000000, 0x0000000100000000)
  region size 1024K, 12 young (12288K), 1 survivors (1024K)
 Metaspace       used 23631K, committed 24448K, reserved 393216K
  class space    used 3448K, committed 3840K, reserved 327680K
}
Event: 239.079 GC heap after
{Heap after GC invocations=7 (full 0):
 garbage-first heap   total 262144K, used 26228K [0x00000000e0000000, 0x0000000100000000)
  region size 1024K, 2 young (2048K), 2 survivors (2048K)
 Metaspace       used 23631K, committed 24448K, reserved 393216K
  class space    used 3448K, committed 3840K, reserved 327680K
}
Event: 243.050 GC heap before
{Heap before GC invocations=7 (full 0):
 garbage-first heap   total 262144K, used 36468K [0x00000000e0000000, 0x0000000100000000)
  region size 1024K, 12 young (12288K), 2 survivors (2048K)
 Metaspace       used 24967K, committed 25856K, reserved 393216K
  class space    used 3685K, committed 4096K, reserved 327680K
}
Event: 243.053 GC heap after
{Heap after GC invocations=8 (full 0):
 garbage-first heap   total 262144K, used 26876K [0x00000000e0000000, 0x0000000100000000)
  region size 1024K, 2 young (2048K), 2 survivors (2048K)
 Metaspace       used 24967K, committed 25856K, reserved 393216K
  class space    used 3685K, committed 4096K, reserved 327680K
}
Event: 244.227 GC heap before
{Heap before GC invocations=8 (full 0):
 garbage-first heap   total 262144K, used 36092K [0x00000000e0000000, 0x0000000100000000)
  region size 1024K, 12 young (12288K), 2 survivors (2048K)
 Metaspace       used 26496K, committed 27392K, reserved 393216K
  class space    used 3922K, committed 4352K, reserved 327680K
}
Event: 244.229 GC heap after
{Heap after GC invocations=9 (full 0):
 garbage-first heap   total 262144K, used 27258K [0x00000000e0000000, 0x0000000100000000)
  region size 1024K, 1 young (1024K), 1 survivors (1024K)
 Metaspace       used 26496K, committed 27392K, reserved 393216K
  class space    used 3922K, committed 4352K, reserved 327680K
}
Event: 250.953 GC heap before
{Heap before GC invocations=9 (full 0):
 garbage-first heap   total 262144K, used 38522K [0x00000000e0000000, 0x0000000100000000)
  region size 1024K, 12 young (12288K), 1 survivors (1024K)
 Metaspace       used 27916K, committed 28992K, reserved 393216K
  class space    used 4174K, committed 4672K, reserved 327680K
}
Event: 250.958 GC heap after
{Heap after GC invocations=10 (full 0):
 garbage-first heap   total 262144K, used 27940K [0x00000000e0000000, 0x0000000100000000)
  region size 1024K, 2 young (2048K), 2 survivors (2048K)
 Metaspace       used 27916K, committed 28992K, reserved 393216K
  class space    used 4174K, committed 4672K, reserved 327680K
}
Event: 251.204 GC heap before
{Heap before GC invocations=10 (full 0):
 garbage-first heap   total 262144K, used 39204K [0x00000000e0000000, 0x0000000100000000)
  region size 1024K, 13 young (13312K), 2 survivors (2048K)
 Metaspace       used 29272K, committed 30400K, reserved 393216K
  class space    used 4389K, committed 4928K, reserved 327680K
}
Event: 251.219 GC heap after
{Heap after GC invocations=11 (full 0):
 garbage-first heap   total 262144K, used 28532K [0x00000000e0000000, 0x0000000100000000)
  region size 1024K, 2 young (2048K), 2 survivors (2048K)
 Metaspace       used 29272K, committed 30400K, reserved 393216K
  class space    used 4389K, committed 4928K, reserved 327680K
}
Event: 254.701 GC heap before
{Heap before GC invocations=11 (full 0):
 garbage-first heap   total 262144K, used 59252K [0x00000000e0000000, 0x0000000100000000)
  region size 1024K, 33 young (33792K), 2 survivors (2048K)
 Metaspace       used 34010K, committed 35392K, reserved 393216K
  class space    used 5003K, committed 5696K, reserved 327680K
}
Event: 254.708 GC heap after
{Heap after GC invocations=12 (full 0):
 garbage-first heap   total 262144K, used 30879K [0x00000000e0000000, 0x0000000100000000)
  region size 1024K, 4 young (4096K), 4 survivors (4096K)
 Metaspace       used 34010K, committed 35392K, reserved 393216K
  class space    used 5003K, committed 5696K, reserved 327680K
}
Event: 254.838 GC heap before
{Heap before GC invocations=12 (full 0):
 garbage-first heap   total 262144K, used 33951K [0x00000000e0000000, 0x0000000100000000)
  region size 1024K, 8 young (8192K), 4 survivors (4096K)
 Metaspace       used 34729K, committed 36160K, reserved 393216K
  class space    used 5093K, committed 5824K, reserved 327680K
}
Event: 254.841 GC heap after
{Heap after GC invocations=13 (full 0):
 garbage-first heap   total 262144K, used 31587K [0x00000000e0000000, 0x0000000100000000)
  region size 1024K, 1 young (1024K), 1 survivors (1024K)
 Metaspace       used 34729K, committed 36160K, reserved 393216K
  class space    used 5093K, committed 5824K, reserved 327680K
}
Event: 271.857 GC heap before
{Heap before GC invocations=14 (full 0):
 garbage-first heap   total 262144K, used 71523K [0x00000000e0000000, 0x0000000100000000)
  region size 1024K, 41 young (41984K), 1 survivors (1024K)
 Metaspace       used 39523K, committed 41024K, reserved 393216K
  class space    used 5910K, committed 6656K, reserved 327680K
}
Event: 271.861 GC heap after
{Heap after GC invocations=15 (full 0):
 garbage-first heap   total 262144K, used 34253K [0x00000000e0000000, 0x0000000100000000)
  region size 1024K, 4 young (4096K), 4 survivors (4096K)
 Metaspace       used 39523K, committed 41024K, reserved 393216K
  class space    used 5910K, committed 6656K, reserved 327680K
}

Dll operation events (20 events):
Event: 4.287 Attempting to load shared library C:\Users\harry\.vscode\extensions\redhat.java-1.56.0-win32-x64\jre\21.0.12.1-win32-x86_64\bin\nio.dll
Event: 4.295 Loaded shared library C:\Users\harry\.vscode\extensions\redhat.java-1.56.0-win32-x64\jre\21.0.12.1-win32-x86_64\bin\nio.dll
Event: 4.750 Attempting to load shared library C:\Users\harry\.vscode\extensions\redhat.java-1.56.0-win32-x64\jre\21.0.12.1-win32-x86_64\bin\zip.dll
Event: 4.750 Loaded shared library C:\Users\harry\.vscode\extensions\redhat.java-1.56.0-win32-x64\jre\21.0.12.1-win32-x86_64\bin\zip.dll
Event: 12.699 Attempting to load shared library C:\Users\harry\.vscode\extensions\redhat.java-1.56.0-win32-x64\jre\21.0.12.1-win32-x86_64\bin\jimage.dll
Event: 12.701 Loaded shared library C:\Users\harry\.vscode\extensions\redhat.java-1.56.0-win32-x64\jre\21.0.12.1-win32-x86_64\bin\jimage.dll
Event: 25.073 Attempting to load shared library C:\Users\harry\.vscode\extensions\redhat.java-1.56.0-win32-x64\jre\21.0.12.1-win32-x86_64\bin\verify.dll
Event: 25.099 Loaded shared library C:\Users\harry\.vscode\extensions\redhat.java-1.56.0-win32-x64\jre\21.0.12.1-win32-x86_64\bin\verify.dll
Event: 25.932 Attempting to load shared library C:\Users\harry\.gradle\native\660c5614fbf4a5f2a75b1949f50a0caf5cd603558e7d8a26e50b933a0cfb79d1\windows-amd64\native-platform.dll
Event: 25.964 Loaded shared library C:\Users\harry\.gradle\native\660c5614fbf4a5f2a75b1949f50a0caf5cd603558e7d8a26e50b933a0cfb79d1\windows-amd64\native-platform.dll
Event: 26.330 Attempting to load shared library C:\Users\harry\.gradle\native\0.2.8\x86_64-windows-gnu\gradle-fileevents.dll
Event: 26.372 Loaded shared library C:\Users\harry\.gradle\native\0.2.8\x86_64-windows-gnu\gradle-fileevents.dll
Event: 183.894 Attempting to load shared library C:\Users\harry\.vscode\extensions\redhat.java-1.56.0-win32-x64\jre\21.0.12.1-win32-x86_64\bin\management.dll
Event: 183.905 Loaded shared library C:\Users\harry\.vscode\extensions\redhat.java-1.56.0-win32-x64\jre\21.0.12.1-win32-x86_64\bin\management.dll
Event: 184.056 Attempting to load shared library C:\Users\harry\.vscode\extensions\redhat.java-1.56.0-win32-x64\jre\21.0.12.1-win32-x86_64\bin\management_ext.dll
Event: 184.083 Loaded shared library C:\Users\harry\.vscode\extensions\redhat.java-1.56.0-win32-x64\jre\21.0.12.1-win32-x86_64\bin\management_ext.dll
Event: 209.529 Attempting to load shared library C:\Users\harry\.vscode\extensions\redhat.java-1.56.0-win32-x64\jre\21.0.12.1-win32-x86_64\bin\extnet.dll
Event: 209.560 Loaded shared library C:\Users\harry\.vscode\extensions\redhat.java-1.56.0-win32-x64\jre\21.0.12.1-win32-x86_64\bin\extnet.dll
Event: 215.642 Attempting to load shared library C:\Users\harry\.vscode\extensions\redhat.java-1.56.0-win32-x64\jre\21.0.12.1-win32-x86_64\bin\sunmscapi.dll
Event: 215.746 Loaded shared library C:\Users\harry\.vscode\extensions\redhat.java-1.56.0-win32-x64\jre\21.0.12.1-win32-x86_64\bin\sunmscapi.dll

Deoptimization events (20 events):
Event: 280.810 Thread 0x0000020ee865c660 Uncommon trap: trap_request=0xffffffc6 fr.pc=0x0000020ec2f1b9dc relative=0x00000000000002fc
Event: 280.810 Thread 0x0000020ee865c660 Uncommon trap: reason=bimorphic_or_optimized_type_check action=maybe_recompile pc=0x0000020ec2f1b9dc method=com.google.common.base.CharMatcher.indexIn(Ljava/lang/CharSequence;I)I @ 31 c2
Event: 280.810 Thread 0x0000020ee865c660 DEOPT PACKING pc=0x0000020ec2f1b9dc sp=0x0000008b297f6da0
Event: 280.810 Thread 0x0000020ee865c660 DEOPT UNPACKING pc=0x0000020ec27f4422 sp=0x0000008b297f6d48 mode 2
Event: 280.811 Thread 0x0000020ee865c660 Uncommon trap: trap_request=0xffffffc6 fr.pc=0x0000020ec2f1b9dc relative=0x00000000000002fc
Event: 280.811 Thread 0x0000020ee865c660 Uncommon trap: reason=bimorphic_or_optimized_type_check action=maybe_recompile pc=0x0000020ec2f1b9dc method=com.google.common.base.CharMatcher.indexIn(Ljava/lang/CharSequence;I)I @ 31 c2
Event: 280.811 Thread 0x0000020ee865c660 DEOPT PACKING pc=0x0000020ec2f1b9dc sp=0x0000008b297f6da0
Event: 280.811 Thread 0x0000020ee865c660 DEOPT UNPACKING pc=0x0000020ec27f4422 sp=0x0000008b297f6d48 mode 2
Event: 280.821 Thread 0x0000020ee865c660 Uncommon trap: trap_request=0xffffffc6 fr.pc=0x0000020ec2f1b9dc relative=0x00000000000002fc
Event: 280.821 Thread 0x0000020ee865c660 Uncommon trap: reason=bimorphic_or_optimized_type_check action=maybe_recompile pc=0x0000020ec2f1b9dc method=com.google.common.base.CharMatcher.indexIn(Ljava/lang/CharSequence;I)I @ 31 c2
Event: 280.821 Thread 0x0000020ee865c660 DEOPT PACKING pc=0x0000020ec2f1b9dc sp=0x0000008b297f6da0
Event: 280.821 Thread 0x0000020ee865c660 DEOPT UNPACKING pc=0x0000020ec27f4422 sp=0x0000008b297f6d48 mode 2
Event: 280.867 Thread 0x0000020ee865c660 Uncommon trap: trap_request=0xffffff45 fr.pc=0x0000020ec2fa4b64 relative=0x0000000000000364
Event: 280.867 Thread 0x0000020ee865c660 Uncommon trap: reason=unstable_if action=reinterpret pc=0x0000020ec2fa4b64 method=org.gradle.internal.reflect.PropertyAccessorType.of(Ljava/lang/reflect/Method;)Lorg/gradle/internal/reflect/PropertyAccessorType; @ 56 c2
Event: 280.867 Thread 0x0000020ee865c660 DEOPT PACKING pc=0x0000020ec2fa4b64 sp=0x0000008b297f82d0
Event: 280.867 Thread 0x0000020ee865c660 DEOPT UNPACKING pc=0x0000020ec27f4422 sp=0x0000008b297f8290 mode 2
Event: 280.902 Thread 0x0000020ee865c660 Uncommon trap: trap_request=0xffffffc6 fr.pc=0x0000020ec2f1b9dc relative=0x00000000000002fc
Event: 280.902 Thread 0x0000020ee865c660 Uncommon trap: reason=bimorphic_or_optimized_type_check action=maybe_recompile pc=0x0000020ec2f1b9dc method=com.google.common.base.CharMatcher.indexIn(Ljava/lang/CharSequence;I)I @ 31 c2
Event: 280.902 Thread 0x0000020ee865c660 DEOPT PACKING pc=0x0000020ec2f1b9dc sp=0x0000008b297f8ab0
Event: 280.902 Thread 0x0000020ee865c660 DEOPT UNPACKING pc=0x0000020ec27f4422 sp=0x0000008b297f8a58 mode 2

Classes loaded (20 events):
Event: 271.726 Loading class java/util/function/LongUnaryOperator
Event: 271.726 Loading class java/util/function/LongUnaryOperator done
Event: 271.782 Loading class java/util/TreeMap$KeySpliterator
Event: 271.782 Loading class java/util/TreeMap$TreeMapSpliterator
Event: 271.786 Loading class java/util/TreeMap$TreeMapSpliterator done
Event: 271.786 Loading class java/util/TreeMap$KeySpliterator done
Event: 271.792 Loading class java/util/PrimitiveIterator$OfInt
Event: 271.792 Loading class java/util/PrimitiveIterator$OfInt done
Event: 280.752 Loading class sun/reflect/generics/reflectiveObjects/GenericArrayTypeImpl
Event: 280.753 Loading class sun/reflect/generics/reflectiveObjects/GenericArrayTypeImpl done
Event: 280.756 Loading class com/sun/beans/finder/MethodFinder
Event: 280.756 Loading class com/sun/beans/finder/AbstractFinder
Event: 280.756 Loading class com/sun/beans/finder/AbstractFinder done
Event: 280.756 Loading class com/sun/beans/finder/MethodFinder done
Event: 280.756 Loading class com/sun/beans/finder/MethodFinder$1
Event: 280.756 Loading class com/sun/beans/finder/MethodFinder$1 done
Event: 280.757 Loading class com/sun/beans/finder/FinderUtils
Event: 280.757 Loading class com/sun/beans/finder/FinderUtils done
Event: 280.767 Loading class java/lang/invoke/BoundMethodHandle$Species_LLLLILLLLLL
Event: 280.767 Loading class java/lang/invoke/BoundMethodHandle$Species_LLLLILLLLLL done

Classes unloaded (0 events):
No events

Classes redefined (0 events):
No events

Internal exceptions (20 events):
Event: 280.771 Thread 0x0000020ee865c660 Exception <a 'java/lang/NoSuchMethodError'{0x00000000ef5f3da8}: 'void java.lang.invoke.DirectMethodHandle$Holder.invokeVirtual(java.lang.Object, java.lang.Object, int, java.lang.Object)'> (0x00000000ef5f3da8) 
thrown [s\src\hotspot\share\interpreter\linkResolver.cpp, line 773]
Event: 280.771 Thread 0x0000020ee865c660 Exception <a 'java/lang/NoSuchMethodError'{0x00000000ef5f8050}: 'void java.lang.invoke.DelegatingMethodHandle$Holder.reinvoke_L(java.lang.Object, java.lang.Object, int, java.lang.Object)'> (0x00000000ef5f8050) 
thrown [s\src\hotspot\share\interpreter\linkResolver.cpp, line 773]
Event: 280.772 Thread 0x0000020ee865c660 Exception <a 'java/lang/NoSuchMethodError'{0x00000000ef402c58}: 'java.lang.Object java.lang.invoke.DirectMethodHandle$Holder.invokeSpecial(java.lang.Object, java.lang.Object, java.lang.Object, java.lang.Object, int, java.lang.Object)'> (0x00000000ef402c58) 
thrown [s\src\hotspot\share\interpreter\linkResolver.cpp, line 773]
Event: 280.773 Thread 0x0000020ee865c660 Implicit null exception at 0x0000020ec2e0cf85 to 0x0000020ec2e0d318
Event: 280.780 Thread 0x0000020ee865c660 Exception <a 'java/lang/ClassNotFoundException'{0x00000000ef46c7d0}: org/gradle/internal/metaobject/ConfigureDelegateBeanInfo> (0x00000000ef46c7d0) 
thrown [s\src\hotspot\share\classfile\systemDictionary.cpp, line 313]
Event: 280.781 Thread 0x0000020ee865c660 Exception <a 'java/lang/ClassNotFoundException'{0x00000000ef47bfd0}: org/gradle/internal/metaobject/ConfigureDelegateCustomizer> (0x00000000ef47bfd0) 
thrown [s\src\hotspot\share\classfile\systemDictionary.cpp, line 313]
Event: 280.796 Thread 0x0000020ee865c660 Exception <a 'java/lang/NoSuchMethodError'{0x00000000ef30d848}: 'java.lang.Object java.lang.invoke.DirectMethodHandle$Holder.invokeSpecial(java.lang.Object, java.lang.Object, java.lang.Object, java.lang.Object, int)'> (0x00000000ef30d848) 
thrown [s\src\hotspot\share\interpreter\linkResolver.cpp, line 773]
Event: 280.796 Thread 0x0000020ee865c660 Exception <a 'java/lang/NoSuchMethodError'{0x00000000ef3119d8}: 'java.lang.Object java.lang.invoke.Invokers$Holder.linkToCallSite(java.lang.Object, java.lang.Object, int, java.lang.Object)'> (0x00000000ef3119d8) 
thrown [s\src\hotspot\share\interpreter\linkResolver.cpp, line 773]
Event: 280.799 Thread 0x0000020ee865c660 Exception <a 'java/lang/NoSuchMethodError'{0x00000000ef336aa0}: 'java.lang.Object java.lang.invoke.DirectMethodHandle$Holder.invokeSpecial(java.lang.Object, java.lang.Object, java.lang.Object, java.lang.Object, java.lang.Object, int)'> (0x00000000ef336aa0) 
thrown [s\src\hotspot\share\interpreter\linkResolver.cpp, line 773]
Event: 280.799 Thread 0x0000020ee865c660 Exception <a 'java/lang/NoSuchMethodError'{0x00000000ef33b500}: 'java.lang.Object java.lang.invoke.DelegatingMethodHandle$Holder.delegate(java.lang.Object, java.lang.Object, java.lang.Object, java.lang.Object, int)'> (0x00000000ef33b500) 
thrown [s\src\hotspot\share\interpreter\linkResolver.cpp, line 773]
Event: 280.805 Thread 0x0000020ee865c660 Exception <a 'java/lang/ClassNotFoundException'{0x00000000ef39faa0}: org/gradle/plugin/use/internal/PluginRequestCollector$PluginDependenciesSpecImplBeanInfo> (0x00000000ef39faa0) 
thrown [s\src\hotspot\share\classfile\systemDictionary.cpp, line 313]
Event: 280.806 Thread 0x0000020ee865c660 Exception <a 'java/lang/ClassNotFoundException'{0x00000000ef3b1bb8}: org/gradle/plugin/use/internal/PluginRequestCollector$PluginDependenciesSpecImplCustomizer> (0x00000000ef3b1bb8) 
thrown [s\src\hotspot\share\classfile\systemDictionary.cpp, line 313]
Event: 280.808 Thread 0x0000020ee865c660 Exception <a 'java/lang/NoSuchMethodError'{0x00000000ef3c0c48}: 'java.lang.Object java.lang.invoke.DirectMethodHandle$Holder.invokeVirtual(java.lang.Object, java.lang.Object, java.lang.Object, int)'> (0x00000000ef3c0c48) 
thrown [s\src\hotspot\share\interpreter\linkResolver.cpp, line 773]
Event: 280.817 Thread 0x0000020ee865c660 Exception <a 'java/lang/ClassNotFoundException'{0x00000000ef214c88}: org/gradle/plugin/use/internal/PluginRequestCollector$PluginDependencySpecImplBeanInfo> (0x00000000ef214c88) 
thrown [s\src\hotspot\share\classfile\systemDictionary.cpp, line 313]
Event: 280.817 Thread 0x0000020ee865c660 Exception <a 'java/lang/ClassNotFoundException'{0x00000000ef226d58}: org/gradle/plugin/use/internal/PluginRequestCollector$PluginDependencySpecImplCustomizer> (0x00000000ef226d58) 
thrown [s\src\hotspot\share\classfile\systemDictionary.cpp, line 313]
Event: 280.880 Thread 0x0000020ee865c660 Exception <a 'java/lang/NoSuchMethodError'{0x00000000eef96148}: 'java.lang.Object java.lang.invoke.DirectMethodHandle$Holder.newInvokeSpecial(java.lang.Object, java.lang.Object, java.lang.Object, java.lang.Object, int)'> (0x00000000eef96148) 
thrown [s\src\hotspot\share\interpreter\linkResolver.cpp, line 773]
Event: 280.880 Thread 0x0000020ee865c660 Exception <a 'java/lang/NoSuchMethodError'{0x00000000eef9ab78}: 'java.lang.Object java.lang.invoke.Invokers$Holder.linkToTargetMethod(java.lang.Object, java.lang.Object, java.lang.Object, int, java.lang.Object)'> (0x00000000eef9ab78) 
thrown [s\src\hotspot\share\interpreter\linkResolver.cpp, line 773]
Event: 280.884 Thread 0x0000020ee865c660 Exception <a 'java/lang/NoSuchMethodError'{0x00000000eefc5d90}: 'java.lang.Object java.lang.invoke.DirectMethodHandle$Holder.newInvokeSpecial(java.lang.Object, java.lang.Object, java.lang.Object, java.lang.Object, java.lang.Object, java.lang.Object, java.lang.Object, java.lang.Object, java.lang.Object, java.lang.Object, java.lang.Object, java.lang.Object, java.lang.Object, java.lang.Object, java.lang.Object, java.lang.Object, java.lang.Object, java.lang.Object, java.lang.Object)'> (0x00000000eefc5d90) 
thr
Event: 280.884 Thread 0x0000020ee865c660 Exception <a 'java/lang/NoSuchMethodError'{0x00000000eefcca10}: 'java.lang.Object java.lang.invoke.DirectMethodHandle$Holder.invokeSpecial(java.lang.Object, java.lang.Object, java.lang.Object, java.lang.Object, java.lang.Object, java.lang.Object, java.lang.Object, java.lang.Object, java.lang.Object, java.lang.Object, java.lang.Object, java.lang.Object, java.lang.Object, java.lang.Object, java.lang.Object, java.lang.Object, java.lang.Object, java.lang.Object, java.lang.Object, java.lang.Object)'> (0x0000000
Event: 280.884 Thread 0x0000020ee865c660 Exception <a 'java/lang/NoSuchMethodError'{0x00000000eefd2260}: 'java.lang.Object java.lang.invoke.DelegatingMethodHandle$Holder.reinvoke_L(java.lang.Object, java.lang.Object, java.lang.Object, java.lang.Object, java.lang.Object, java.lang.Object, java.lang.Object, java.lang.Object, java.lang.Object, java.lang.Object, java.lang.Object, java.lang.Object, java.lang.Object, java.lang.Object, java.lang.Object, java.lang.Object, java.lang.Object, java.lang.Object, java.lang.Object)'> (0x00000000eefd2260) 
throw

ZGC Phase Switch (0 events):
No events

VM Operations (20 events):
Event: 270.030 Executing non-safepoint VM operation: HandshakeAllThreads (Deoptimize)
Event: 270.031 Executing non-safepoint VM operation: HandshakeAllThreads (Deoptimize) done
Event: 270.035 Executing non-safepoint VM operation: HandshakeAllThreads (Deoptimize)
Event: 270.035 Executing non-safepoint VM operation: HandshakeAllThreads (Deoptimize) done
Event: 270.036 Executing non-safepoint VM operation: HandshakeAllThreads (Deoptimize)
Event: 270.036 Executing non-safepoint VM operation: HandshakeAllThreads (Deoptimize) done
Event: 270.845 Executing safepoint VM operation: ICBufferFull
Event: 270.845 Executing safepoint VM operation: ICBufferFull done
Event: 271.744 Executing non-safepoint VM operation: HandshakeAllThreads (Deoptimize)
Event: 271.744 Executing non-safepoint VM operation: HandshakeAllThreads (Deoptimize) done
Event: 271.857 Executing safepoint VM operation: G1CollectForAllocation (G1 Evacuation Pause)
Event: 271.861 Executing safepoint VM operation: G1CollectForAllocation (G1 Evacuation Pause) done
Event: 272.874 Executing safepoint VM operation: Cleanup
Event: 272.874 Executing safepoint VM operation: Cleanup done
Event: 273.884 Executing safepoint VM operation: Cleanup
Event: 273.884 Executing safepoint VM operation: Cleanup done
Event: 274.899 Executing safepoint VM operation: Cleanup
Event: 274.899 Executing safepoint VM operation: Cleanup done
Event: 278.955 Executing safepoint VM operation: Cleanup
Event: 278.955 Executing safepoint VM operation: Cleanup done

Memory protections (0 events):
No events

Nmethod flushes (20 events):
Event: 254.876 Thread 0x0000020ecde508e0 flushing  nmethod 0x0000020ebb3db790
Event: 254.876 Thread 0x0000020ecde508e0 flushing  nmethod 0x0000020ebb3dc190
Event: 254.876 Thread 0x0000020ecde508e0 flushing  nmethod 0x0000020ebb402090
Event: 254.876 Thread 0x0000020ecde508e0 flushing  nmethod 0x0000020ebb762310
Event: 254.876 Thread 0x0000020ecde508e0 flushing  nmethod 0x0000020ebb3f2310
Event: 254.876 Thread 0x0000020ecde508e0 flushing  nmethod 0x0000020ebb3f5190
Event: 254.876 Thread 0x0000020ecde508e0 flushing  nmethod 0x0000020ebb426c90
Event: 254.876 Thread 0x0000020ecde508e0 flushing  nmethod 0x0000020ebb42ab10
Event: 254.876 Thread 0x0000020ecde508e0 flushing  nmethod 0x0000020ebb434490
Event: 254.876 Thread 0x0000020ecde508e0 flushing  nmethod 0x0000020ebb434810
Event: 254.876 Thread 0x0000020ecde508e0 flushing  nmethod 0x0000020ebb44d490
Event: 254.876 Thread 0x0000020ecde508e0 flushing  nmethod 0x0000020ebb44e610
Event: 254.876 Thread 0x0000020ecde508e0 flushing  nmethod 0x0000020ebb469910
Event: 254.876 Thread 0x0000020ecde508e0 flushing  nmethod 0x0000020ebb68ca10
Event: 254.876 Thread 0x0000020ecde508e0 flushing  nmethod 0x0000020ebb697b90
Event: 254.876 Thread 0x0000020ecde508e0 flushing  nmethod 0x0000020ebb698490
Event: 254.876 Thread 0x0000020ecde508e0 flushing  nmethod 0x0000020ebb69fc10
Event: 254.876 Thread 0x0000020ecde508e0 flushing  nmethod 0x0000020ebb6a0890
Event: 254.876 Thread 0x0000020ecde508e0 flushing  nmethod 0x0000020ebb7c1890
Event: 254.876 Thread 0x0000020ecde508e0 flushing  nmethod 0x0000020ebb7cad10

Events (20 events):
Event: 217.528 Thread 0x0000020ee865c660 Thread added: 0x0000020ee865b940
Event: 217.930 Thread 0x0000020ee7013340 Thread added: 0x0000020ee90b9310
Event: 218.205 Thread 0x0000020ee865c660 Thread added: 0x0000020ee865bfd0
Event: 218.383 Thread 0x0000020ee865c660 Thread added: 0x0000020ee86591e0
Event: 219.262 Thread 0x0000020ee86591e0 Thread added: 0x0000020ee8659870
Event: 221.380 Thread 0x0000020ee90b9310 Thread exited: 0x0000020ee90b9310
Event: 221.675 Thread 0x0000020ee865c660 Thread added: 0x0000020ee8659f00
Event: 238.405 Thread 0x0000020ee865c660 Thread added: 0x0000020ee9a335f0
Event: 239.587 Thread 0x0000020ee865c660 Thread added: 0x0000020ee9a33c80
Event: 243.755 Thread 0x0000020ee865c660 Thread added: 0x0000020ee9a349a0
Event: 243.827 Thread 0x0000020ee865c660 Thread added: 0x0000020ee9a35030
Event: 244.424 Thread 0x0000020ee865c660 Thread added: 0x0000020ee9a35d50
Event: 250.405 Thread 0x0000020ee865c660 Thread added: 0x0000020ee9a363e0
Event: 251.028 Thread 0x0000020ee7013340 Thread added: 0x0000020ee7c47840
Event: 251.350 Thread 0x0000020ee865c660 Thread added: 0x0000020ee9a38b40
Event: 251.637 Thread 0x0000020ee7c47840 Thread exited: 0x0000020ee7c47840
Event: 251.819 Thread 0x0000020ee865c660 Thread added: 0x0000020ee9a391d0
Event: 265.577 Thread 0x0000020ee865c660 Thread added: 0x0000020ee9a39ef0
Event: 267.746 Thread 0x0000020ee865c660 Thread added: 0x0000020ee9a37790
Event: 278.803 Thread 0x0000020ee865c660 Thread added: 0x0000020ee9a36a70


Dynamic libraries:
0x00007ff61b8f0000 - 0x00007ff61b8fe000 	C:\Users\harry\.vscode\extensions\redhat.java-1.56.0-win32-x64\jre\21.0.12.1-win32-x86_64\bin\java.exe
0x00007ff880d60000 - 0x00007ff880fc7000 	C:\WINDOWS\SYSTEM32\ntdll.dll
0x00007ff87ef60000 - 0x00007ff87f02b000 	C:\WINDOWS\System32\KERNEL32.DLL
0x00007ff87e670000 - 0x00007ff87ea72000 	C:\WINDOWS\System32\KERNELBASE.dll
0x00007ff87e510000 - 0x00007ff87e65c000 	C:\WINDOWS\System32\ucrtbase.dll
0x00007ff865630000 - 0x00007ff865648000 	C:\Users\harry\.vscode\extensions\redhat.java-1.56.0-win32-x64\jre\21.0.12.1-win32-x86_64\bin\jli.dll
0x00007ff87f300000 - 0x00007ff87f4cf000 	C:\WINDOWS\System32\USER32.dll
0x00007ff87e020000 - 0x00007ff87e047000 	C:\WINDOWS\System32\win32u.dll
0x00007ff87f260000 - 0x00007ff87f28b000 	C:\WINDOWS\System32\GDI32.dll
0x00007ff87e100000 - 0x00007ff87e229000 	C:\WINDOWS\System32\gdi32full.dll
0x00007ff87e050000 - 0x00007ff87e0f3000 	C:\WINDOWS\System32\msvcp_win.dll
0x00007ff8101c0000 - 0x00007ff8101de000 	C:\Users\harry\.vscode\extensions\redhat.java-1.56.0-win32-x64\jre\21.0.12.1-win32-x86_64\bin\VCRUNTIME140.dll
0x00007ff864f90000 - 0x00007ff865220000 	C:\WINDOWS\WinSxS\amd64_microsoft.windows.common-controls_6595b64144ccf1df_6.0.26100.9278_none_3e0d1ba8e3303201\COMCTL32.dll
0x00007ff87f510000 - 0x00007ff87f5b9000 	C:\WINDOWS\System32\msvcrt.dll
0x00007ff87ee90000 - 0x00007ff87eec1000 	C:\WINDOWS\System32\IMM32.DLL
0x00007ff8787c0000 - 0x00007ff8787cc000 	C:\Users\harry\.vscode\extensions\redhat.java-1.56.0-win32-x64\jre\21.0.12.1-win32-x86_64\bin\vcruntime140_1.dll
0x00007ff810130000 - 0x00007ff8101bd000 	C:\Users\harry\.vscode\extensions\redhat.java-1.56.0-win32-x64\jre\21.0.12.1-win32-x86_64\bin\msvcp140.dll
0x00007ff80f380000 - 0x00007ff810122000 	C:\Users\harry\.vscode\extensions\redhat.java-1.56.0-win32-x64\jre\21.0.12.1-win32-x86_64\bin\server\jvm.dll
0x00007ff880c50000 - 0x00007ff880d0c000 	C:\WINDOWS\System32\ADVAPI32.dll
0x00007ff880b90000 - 0x00007ff880c39000 	C:\WINDOWS\System32\sechost.dll
0x00007ff87eae0000 - 0x00007ff87ebf8000 	C:\WINDOWS\System32\RPCRT4.dll
0x00007ff87eed0000 - 0x00007ff87ef50000 	C:\WINDOWS\System32\WS2_32.dll
0x00007ff87dde0000 - 0x00007ff87de3e000 	C:\WINDOWS\SYSTEM32\POWRPROF.dll
0x00007ff873a90000 - 0x00007ff873ac6000 	C:\WINDOWS\SYSTEM32\WINMM.dll
0x00007ff873ff0000 - 0x00007ff873ffb000 	C:\WINDOWS\SYSTEM32\VERSION.dll
0x00007ff87ddc0000 - 0x00007ff87ddd5000 	C:\WINDOWS\SYSTEM32\UMPDC.dll
0x00007ff87cc10000 - 0x00007ff87cc2b000 	C:\WINDOWS\SYSTEM32\kernel.appcore.dll
0x00007ff877a00000 - 0x00007ff877a0a000 	C:\Users\harry\.vscode\extensions\redhat.java-1.56.0-win32-x64\jre\21.0.12.1-win32-x86_64\bin\jimage.dll
0x00007ff87b3a0000 - 0x00007ff87b5ec000 	C:\WINDOWS\SYSTEM32\DBGHELP.DLL
0x00007ff880290000 - 0x00007ff880615000 	C:\WINDOWS\System32\combase.dll
0x00007ff87f7b0000 - 0x00007ff87f889000 	C:\WINDOWS\System32\OLEAUT32.dll
0x00007ff8638b0000 - 0x00007ff8638eb000 	C:\WINDOWS\SYSTEM32\dbgcore.DLL
0x00007ff87e450000 - 0x00007ff87e4fc000 	C:\WINDOWS\System32\bcryptPrimitives.dll
0x00007ff85acf0000 - 0x00007ff85acff000 	C:\Users\harry\.vscode\extensions\redhat.java-1.56.0-win32-x64\jre\21.0.12.1-win32-x86_64\bin\instrument.dll
0x00007ff80f360000 - 0x00007ff80f380000 	C:\Users\harry\.vscode\extensions\redhat.java-1.56.0-win32-x64\jre\21.0.12.1-win32-x86_64\bin\java.dll
0x00007ff87f910000 - 0x00007ff8800a8000 	C:\WINDOWS\System32\SHELL32.dll
0x00007ff87b980000 - 0x00007ff87c22e000 	C:\WINDOWS\SYSTEM32\windows.storage.dll
0x00007ff87ec90000 - 0x00007ff87ed8b000 	C:\WINDOWS\System32\SHCORE.dll
0x00007ff87f290000 - 0x00007ff87f2f6000 	C:\WINDOWS\System32\shlwapi.dll
0x00007ff87de80000 - 0x00007ff87dea9000 	C:\WINDOWS\SYSTEM32\profapi.dll
0x00007ff80f340000 - 0x00007ff80f358000 	C:\Users\harry\.vscode\extensions\redhat.java-1.56.0-win32-x64\jre\21.0.12.1-win32-x86_64\bin\zip.dll
0x00007ff854f90000 - 0x00007ff854fa0000 	C:\Users\harry\.vscode\extensions\redhat.java-1.56.0-win32-x64\jre\21.0.12.1-win32-x86_64\bin\net.dll
0x00007ff877d60000 - 0x00007ff877e8a000 	C:\WINDOWS\SYSTEM32\WINHTTP.dll
0x00007ff87d1f0000 - 0x00007ff87d25c000 	C:\WINDOWS\system32\mswsock.dll
0x00007ff80bbf0000 - 0x00007ff80bc06000 	C:\Users\harry\.vscode\extensions\redhat.java-1.56.0-win32-x64\jre\21.0.12.1-win32-x86_64\bin\nio.dll
0x00007ff8546c0000 - 0x00007ff8546d0000 	C:\Users\harry\.vscode\extensions\redhat.java-1.56.0-win32-x64\jre\21.0.12.1-win32-x86_64\bin\verify.dll
0x00007ff80a9a0000 - 0x00007ff80a9c7000 	C:\Users\harry\.gradle\native\660c5614fbf4a5f2a75b1949f50a0caf5cd603558e7d8a26e50b933a0cfb79d1\windows-amd64\native-platform.dll
0x00007ff874b00000 - 0x00007ff874b77000 	C:\Users\harry\.gradle\native\0.2.8\x86_64-windows-gnu\gradle-fileevents.dll
0x00007ff8785b0000 - 0x00007ff8785ba000 	C:\Users\harry\.vscode\extensions\redhat.java-1.56.0-win32-x64\jre\21.0.12.1-win32-x86_64\bin\management.dll
0x00007ff8785a0000 - 0x00007ff8785ac000 	C:\Users\harry\.vscode\extensions\redhat.java-1.56.0-win32-x64\jre\21.0.12.1-win32-x86_64\bin\management_ext.dll
0x00007ff87ec00000 - 0x00007ff87ec08000 	C:\WINDOWS\System32\PSAPI.DLL
0x00007ff87c580000 - 0x00007ff87c5b3000 	C:\WINDOWS\SYSTEM32\IPHLPAPI.DLL
0x00007ff880c40000 - 0x00007ff880c4a000 	C:\WINDOWS\System32\NSI.dll
0x00007ff878590000 - 0x00007ff878599000 	C:\Users\harry\.vscode\extensions\redhat.java-1.56.0-win32-x64\jre\21.0.12.1-win32-x86_64\bin\extnet.dll
0x00007ff87d4e0000 - 0x00007ff87d4fb000 	C:\WINDOWS\SYSTEM32\CRYPTSP.dll
0x00007ff87cb60000 - 0x00007ff87cb99000 	C:\WINDOWS\system32\rsaenh.dll
0x00007ff87d2a0000 - 0x00007ff87d2d4000 	C:\WINDOWS\SYSTEM32\USERENV.dll
0x00007ff87de50000 - 0x00007ff87de7a000 	C:\WINDOWS\SYSTEM32\bcrypt.dll
0x00007ff87d500000 - 0x00007ff87d50c000 	C:\WINDOWS\SYSTEM32\CRYPTBASE.dll
0x00007ff875bb0000 - 0x00007ff875bbe000 	C:\Users\harry\.vscode\extensions\redhat.java-1.56.0-win32-x64\jre\21.0.12.1-win32-x86_64\bin\sunmscapi.dll
0x00007ff87e2c0000 - 0x00007ff87e43e000 	C:\WINDOWS\System32\CRYPT32.dll
0x00007ff87d720000 - 0x00007ff87d750000 	C:\WINDOWS\SYSTEM32\ncrypt.dll
0x00007ff87d6d0000 - 0x00007ff87d70f000 	C:\WINDOWS\SYSTEM32\NTASN1.dll
0x00007ff856150000 - 0x00007ff856158000 	C:\WINDOWS\system32\wshunix.dll

JVMTI agents:
C:\Users\harry\.gradle\wrapper\dists\gradle-9.7.1-bin\1w1c7tv4s851m17nbqdsro2tv\gradle-9.7.1\lib\agents\gradle-instrumentation-agent-9.7.1.jar path:C:\Users\harry\.vscode\extensions\redhat.java-1.56.0-win32-x64\jre\21.0.12.1-win32-x86_64\bin\instrument.dll, loaded, initialized, instrumentlib options:none

dbghelp: loaded successfully - version: 4.0.5 - missing functions: none
symbol engine: initialized successfully - sym options: 0x614 - pdb path: .;C:\Users\harry\.vscode\extensions\redhat.java-1.56.0-win32-x64\jre\21.0.12.1-win32-x86_64\bin;C:\WINDOWS\SYSTEM32;C:\WINDOWS\WinSxS\amd64_microsoft.windows.common-controls_6595b64144ccf1df_6.0.26100.9278_none_3e0d1ba8e3303201;C:\Users\harry\.vscode\extensions\redhat.java-1.56.0-win32-x64\jre\21.0.12.1-win32-x86_64\bin\server;C:\Users\harry\.gradle\native\660c5614fbf4a5f2a75b1949f50a0caf5cd603558e7d8a26e50b933a0cfb79d1\windows-amd64;C:\Users\harry\.gradle\native\0.2.8\x86_64-windows-gnu

VM Arguments:
jvm_args: -Dfile.encoding=UTF-8 --add-opens=java.base/java.lang=ALL-UNNAMED --add-opens=java.base/java.lang.invoke=ALL-UNNAMED --add-opens=java.base/java.util=ALL-UNNAMED --add-opens=java.prefs/java.util.prefs=ALL-UNNAMED --add-exports=jdk.compiler/com.sun.tools.javac.api=ALL-UNNAMED --add-exports=jdk.compiler/com.sun.tools.javac.util=ALL-UNNAMED --add-opens=java.base/java.nio.charset=ALL-UNNAMED --add-opens=java.base/java.net=ALL-UNNAMED --add-opens=java.base/java.util.concurrent=ALL-UNNAMED --add-opens=java.base/java.util.concurrent.atomic=ALL-UNNAMED --add-opens=java.xml/javax.xml.namespace=ALL-UNNAMED --add-opens=java.base/java.time=ALL-UNNAMED -XX:MaxMetaspaceSize=384m -XX:+HeapDumpOnOutOfMemoryError -Xms256m -Xmx512m -Dfile.encoding=UTF-8 -Duser.country=KR -Duser.language=ko -Duser.variant -javaagent:C:\Users\harry\.gradle\wrapper\dists\gradle-9.7.1-bin\1w1c7tv4s851m17nbqdsro2tv\gradle-9.7.1\lib\agents\gradle-instrumentation-agent-9.7.1.jar 
java_command: org.gradle.launcher.daemon.bootstrap.GradleDaemon 9.7.1
java_class_path (initial): C:\Users\harry\.gradle\wrapper\dists\gradle-9.7.1-bin\1w1c7tv4s851m17nbqdsro2tv\gradle-9.7.1\lib\gradle-daemon-main-9.7.1.jar
Launcher Type: SUN_STANDARD

[Global flags]
     intx CICompilerCount                          = 4                                         {product} {ergonomic}
   size_t CompressedClassSpaceSize                 = 335544320                                 {product} {ergonomic}
     uint ConcGCThreads                            = 3                                         {product} {ergonomic}
     uint G1ConcRefinementThreads                  = 10                                        {product} {ergonomic}
   size_t G1HeapRegionSize                         = 1048576                                   {product} {ergonomic}
    uintx GCDrainStackTargetSize                   = 64                                        {product} {ergonomic}
     bool HeapDumpOnOutOfMemoryError               = true                                   {manageable} {command line}
   size_t InitialHeapSize                          = 268435456                                 {product} {command line}
   size_t MarkStackSize                            = 4194304                                   {product} {ergonomic}
   size_t MaxHeapSize                              = 536870912                                 {product} {command line}
   size_t MaxMetaspaceSize                         = 402653184                                 {product} {command line}
   size_t MaxNewSize                               = 321912832                                 {product} {ergonomic}
   size_t MinHeapDeltaBytes                        = 1048576                                   {product} {ergonomic}
   size_t MinHeapSize                              = 268435456                                 {product} {command line}
    uintx NonNMethodCodeHeapSize                   = 5839372                                {pd product} {ergonomic}
    uintx NonProfiledCodeHeapSize                  = 122909434                              {pd product} {ergonomic}
    uintx ProfiledCodeHeapSize                     = 122909434                              {pd product} {ergonomic}
    uintx ReservedCodeCacheSize                    = 251658240                              {pd product} {ergonomic}
     bool SegmentedCodeCache                       = true                                      {product} {ergonomic}
   size_t SoftMaxHeapSize                          = 536870912                              {manageable} {ergonomic}
     bool UseCompressedOops                        = true                           {product lp64_product} {ergonomic}
     bool UseG1GC                                  = true                                      {product} {ergonomic}
     bool UseLargePagesIndividualAllocation        = false                                  {pd product} {ergonomic}

Logging:
Log output configuration:
 #0: stdout all=warning uptime,level,tags foldmultilines=false
 #1: stderr all=off uptime,level,tags foldmultilines=false

Release file:
JAVA_VERSION="21.0.12.1" 
MODULES="java.base java.compiler java.datatransfer java.xml java.prefs java.desktop java.instrument java.logging java.management java.security.sasl java.naming java.rmi java.management.rmi java.net.http java.scripting java.security.jgss java.transaction.xa java.sql java.sql.rowset java.xml.crypto java.se java.smartcardio jdk.accessibility jdk.internal.jvmstat jdk.attach jdk.charsets jdk.internal.opt jdk.zipfs jdk.compiler jdk.crypto.ec jdk.crypto.cryptoki jdk.crypto.mscapi jdk.dynalink jdk.internal.ed jdk.editpad jdk.hotspot.agent jdk.httpserver jdk.internal.le jdk.internal.vm.ci jdk.internal.vm.compiler jdk.internal.vm.compiler.management jdk.jartool jdk.javadoc jdk.jcmd jdk.management jdk.management.agent jdk.jconsole jdk.jdeps jdk.jdwp.agent jdk.jdi jdk.jfr jdk.jshell jdk.jsobject jdk.jstatd jdk.localedata jdk.management.jfr jdk.naming.dns jdk.naming.rmi jdk.net jdk.nio.mapmode jdk.random jdk.sctp jdk.security.auth jdk.security.jgss jdk.unsupported jdk.unsupported.desktop jdk.xml.dom" 

Environment Variables:
JAVA_TOOL_OPTIONS=-Dfile.encoding=UTF-8
PATH=C:\Program Files\Common Files\Oracle\Java\javapath;C:\Program Files (x86)\VMware\VMware Workstation\bin\;C:\WINDOWS\system32;C:\WINDOWS;C:\WINDOWS\System32\Wbem;C:\WINDOWS\System32\WindowsPowerShell\v1.0\;C:\WINDOWS\System32\OpenSSH\;C:\Program Files\nodejs\;C:\Program Files\Git\cmd;C:\apache-maven-3.9.12-bin\apache-maven-3.9.12\bin;C:\Program Files\Microsoft SQL Server\Client SDK\ODBC\170\Tools\Binn\;C:\Program Files\Microsoft SQL Server\160\DTS\Binn\;C:\Program Files (x86)\cloudflared\;C:\Users\harry\.local\bin;C:\Users\harry\AppData\Local\Microsoft\WindowsApps;C:\Users\harry\AppData\Local\Programs\Microsoft VS Code\bin;C:\Users\harry\AppData\Roaming\npm;C:\Users\harry\AppData\Local\GitHubDesktop\bin;C:\Users\harry\.lmstudio\bin;C:\Program Files\JetBrains\IntelliJ IDEA 2026.2.1\bin;C:\Users\harry\AppData\Local\Programs\DockerDesktop\resources\bin
USERNAME=harry
OS=Windows_NT
PROCESSOR_IDENTIFIER=Intel64 Family 6 Model 186 Stepping 3, GenuineIntel
TMP=C:\Users\harry\AppData\Local\Temp
TEMP=C:\Users\harry\AppData\Local\Temp




Periodic native trim disabled

---------------  S Y S T E M  ---------------

OS:
 Windows 11 , 64 bit Build 26100 (10.0.26100.9444)
OS uptime: 5 days 0:54 hours
Hyper-V role detected

CPU: total 12 (initial active 12) (6 cores per cpu, 2 threads per core) family 6 model 186 stepping 3 microcode 0x411f, cx8, cmov, fxsr, ht, mmx, 3dnowpref, sse, sse2, sse3, ssse3, sse4.1, sse4.2, popcnt, lzcnt, tsc, tscinvbit, avx, avx2, aes, erms, clmul, bmi1, bmi2, adx, sha, fma, vzeroupper, clflush, clflushopt, clwb, hv, serialize, rdtscp, rdpid, fsrm, f16c, cet_ibt, cet_ss
Processor Information for processor 0
  Max Mhz: 1300, Current Mhz: 1300, Mhz Limit: 1300
Processor Information for processor 1
  Max Mhz: 1300, Current Mhz: 1300, Mhz Limit: 1300
Processor Information for processor 2
  Max Mhz: 1300, Current Mhz: 1300, Mhz Limit: 1300
Processor Information for processor 3
  Max Mhz: 1300, Current Mhz: 1300, Mhz Limit: 1300
Processor Information for processor 4
  Max Mhz: 1300, Current Mhz: 900, Mhz Limit: 897
Processor Information for processor 5
  Max Mhz: 1300, Current Mhz: 900, Mhz Limit: 897
Processor Information for processor 6
  Max Mhz: 1300, Current Mhz: 900, Mhz Limit: 897
Processor Information for processor 7
  Max Mhz: 1300, Current Mhz: 900, Mhz Limit: 897
Processor Information for processor 8
  Max Mhz: 1300, Current Mhz: 900, Mhz Limit: 897
Processor Information for processor 9
  Max Mhz: 1300, Current Mhz: 900, Mhz Limit: 897
Processor Information for processor 10
  Max Mhz: 1300, Current Mhz: 900, Mhz Limit: 897
Processor Information for processor 11
  Max Mhz: 1300, Current Mhz: 900, Mhz Limit: 897

Memory: 4k page, system-wide physical 16067M (2125M free)
TotalPageFile size 57879M (AvailPageFile size 12072M)
current process WorkingSet (physical memory assigned to process): 224M, peak: 265M
current process commit charge ("private bytes"): 457M, peak: 473M

vm_info: OpenJDK 64-Bit Server VM (21.0.12.1+1-LTS) for windows-amd64 JRE (21.0.12.1+1-LTS), built on 2026-08-18T00:00:00Z by "admin" with MS VC++ 17.12 (VS2022)

END.
