#
# There is insufficient memory for the Java Runtime Environment to continue.
# Native memory allocation (mmap) failed to map 65536 bytes. Error detail: Failed to commit metaspace.
# Possible reasons:
#   The system is out of physical RAM or swap space
#   This process is running with CompressedOops enabled, and the Java Heap may be blocking the growth of the native heap
# Possible solutions:
#   Reduce memory load on the system
#   Increase physical memory or swap space
#   Check if swap backing store is full
#   Decrease Java heap size (-Xmx/-Xms)
#   Decrease number of Java threads
#   Decrease Java thread stack sizes (-Xss)
#   Set larger code cache with -XX:ReservedCodeCacheSize=
#   JVM is running with Unscaled Compressed Oops mode in which the Java heap is
#     placed in the first 4GB address space. The Java Heap base address is the
#     maximum limit for the native heap growth. Please use -XX:HeapBaseMinAddress
#     to set the Java Heap base and to place the Java Heap above 4GB virtual address.
# This output file may be truncated or incomplete.
#
#  Out of Memory Error (virtualSpaceNode.cpp:113), pid=55700, tid=45928
#
# JRE version: OpenJDK Runtime Environment Temurin-21.0.12.1+1 (21.0.12.1+1) (build 21.0.12.1+1-LTS)
# Java VM: OpenJDK 64-Bit Server VM Temurin-21.0.12.1+1 (21.0.12.1+1-LTS, mixed mode, sharing, tiered, compressed oops, compressed class ptrs, g1 gc, windows-amd64)
# No core dump will be written. Minidumps are not enabled by default on client versions of Windows
#

---------------  S U M M A R Y ------------

Command Line: -Dfile.encoding=UTF-8 --add-opens=java.base/java.lang=ALL-UNNAMED --add-opens=java.base/java.lang.invoke=ALL-UNNAMED --add-opens=java.base/java.util=ALL-UNNAMED --add-opens=java.prefs/java.util.prefs=ALL-UNNAMED --add-exports=jdk.compiler/com.sun.tools.javac.api=ALL-UNNAMED --add-exports=jdk.compiler/com.sun.tools.javac.util=ALL-UNNAMED --add-opens=java.base/java.nio.charset=ALL-UNNAMED --add-opens=java.base/java.net=ALL-UNNAMED --add-opens=java.base/java.util.concurrent=ALL-UNNAMED --add-opens=java.base/java.util.concurrent.atomic=ALL-UNNAMED --add-opens=java.xml/javax.xml.namespace=ALL-UNNAMED --add-opens=java.base/java.time=ALL-UNNAMED -XX:MaxMetaspaceSize=384m -XX:+HeapDumpOnOutOfMemoryError -Xms256m -Xmx512m -Dfile.encoding=UTF-8 -Duser.country=KR -Duser.language=ko -Duser.variant -javaagent:C:\Users\harry\.gradle\wrapper\dists\gradle-9.7.1-bin\1w1c7tv4s851m17nbqdsro2tv\gradle-9.7.1\lib\agents\gradle-instrumentation-agent-9.7.1.jar org.gradle.launcher.daemon.bootstrap.GradleDaemon 9.7.1

Host: 13th Gen Intel(R) Core(TM) i5-1335U, 12 cores, 15G,  Windows 11 , 64 bit Build 26100 (10.0.26100.9444)
Time: Wed Sep 16 12:20:24 2026 elapsed time: 59.876955 seconds (0d 0h 0m 59s)

---------------  T H R E A D  ---------------

Current thread (0x00000277fbee4730):  JavaThread "Daemon worker"        [_thread_in_vm, id=45928, stack(0x000000c22df00000,0x000000c22e000000) (1024K)]

Stack: [0x000000c22df00000,0x000000c22e000000]
Native frames: (J=compiled Java code, j=interpreted, Vv=VM code, C=native code)
V  [jvm.dll+0x6d83e9]
V  [jvm.dll+0x8b5736]
V  [jvm.dll+0x8b7cee]
V  [jvm.dll+0x8b83d3]
V  [jvm.dll+0x284596]
V  [jvm.dll+0x8b147e]
V  [jvm.dll+0x679ad4]
V  [jvm.dll+0x1e849b]
V  [jvm.dll+0x1e825e]
V  [jvm.dll+0x67c3d2]
V  [jvm.dll+0x67c202]
V  [jvm.dll+0x67a4ae]
V  [jvm.dll+0x3c7a23]
V  [jvm.dll+0x2118db]
V  [jvm.dll+0x5b6aa9]
V  [jvm.dll+0x82f77d]
V  [jvm.dll+0x479a6e]
V  [jvm.dll+0x48cde6]
C  [java.dll+0x1657]

Java frames: (J=compiled Java code, j=interpreted, Vv=VM code)
J 1859  java.lang.ClassLoader.defineClass0(Ljava/lang/ClassLoader;Ljava/lang/Class;Ljava/lang/String;[BIILjava/security/ProtectionDomain;ZILjava/lang/Object;)Ljava/lang/Class; java.base@21.0.12.1 (0 bytes) @ 0x0000027787b95abc [0x0000027787b959c0+0x00000000000000fc]
J 2762 c1 java.lang.System$2.defineClass(Ljava/lang/ClassLoader;Ljava/lang/Class;Ljava/lang/String;[BLjava/security/ProtectionDomain;ZILjava/lang/Object;)Ljava/lang/Class; java.base@21.0.12.1 (21 bytes) @ 0x0000027780541f74 [0x0000027780541ec0+0x00000000000000b4]
J 2761 c1 java.lang.invoke.MethodHandles$Lookup$ClassDefiner.defineClass(ZLjava/lang/Object;)Ljava/lang/Class; java.base@21.0.12.1 (213 bytes) @ 0x000002778054127c [0x0000027780540d20+0x000000000000055c]
J 2923 c1 java.lang.invoke.InvokerBytecodeGenerator.loadMethod([B)Ljava/lang/invoke/MemberName; java.base@21.0.12.1 (39 bytes) @ 0x000002778058ff0c [0x000002778058fd80+0x000000000000018c]
J 2534 c1 java.lang.invoke.InvokerBytecodeGenerator.generateCustomizedCode(Ljava/lang/invoke/LambdaForm;Ljava/lang/invoke/MethodType;)Ljava/lang/invoke/MemberName; java.base@21.0.12.1 (34 bytes) @ 0x00000277804b82b4 [0x00000277804b8100+0x00000000000001b4]
J 2671 c1 java.lang.invoke.LambdaForm.compileToBytecode()V java.base@21.0.12.1 (164 bytes) @ 0x000002778050b974 [0x000002778050b780+0x00000000000001f4]
J 3414 c2 java.lang.invoke.MethodHandle.<init>(Ljava/lang/invoke/MethodType;Ljava/lang/invoke/LambdaForm;)V java.base@21.0.12.1 (37 bytes) @ 0x0000027787c8d0ec [0x0000027787c8cfc0+0x000000000000012c]
J 1600 c1 java.lang.invoke.BoundMethodHandle.<init>(Ljava/lang/invoke/MethodType;Ljava/lang/invoke/LambdaForm;)V java.base@21.0.12.1 (32 bytes) @ 0x00000277802f5d54 [0x00000277802f5cc0+0x0000000000000094]
j  java.lang.invoke.BoundMethodHandle$Species_LLLLLL.<init>(Ljava/lang/invoke/MethodType;Ljava/lang/invoke/LambdaForm;Ljava/lang/Object;Ljava/lang/Object;Ljava/lang/Object;Ljava/lang/Object;Ljava/lang/Object;Ljava/lang/Object;)V+3 java.base@21.0.12.1
j  java.lang.invoke.BoundMethodHandle$Species_LLLLLL.make(Ljava/lang/invoke/MethodType;Ljava/lang/invoke/LambdaForm;Ljava/lang/Object;Ljava/lang/Object;Ljava/lang/Object;Ljava/lang/Object;Ljava/lang/Object;Ljava/lang/Object;)Ljava/lang/invoke/BoundMethodHandle;+16 java.base@21.0.12.1
j  java.lang.invoke.DirectMethodHandle$Holder.invokeStatic(Ljava/lang/Object;Ljava/lang/Object;Ljava/lang/Object;Ljava/lang/Object;Ljava/lang/Object;Ljava/lang/Object;Ljava/lang/Object;Ljava/lang/Object;Ljava/lang/Object;)Ljava/lang/Object;+24 java.base@21.0.12.1
j  java.lang.invoke.BoundMethodHandle$Species_LLLLL.copyWithExtendL(Ljava/lang/invoke/MethodType;Ljava/lang/invoke/LambdaForm;Ljava/lang/Object;)Ljava/lang/invoke/BoundMethodHandle;+30 java.base@21.0.12.1
J 2573 c1 java.lang.invoke.MethodHandleImpl.makePairwiseConvertByEditor(Ljava/lang/invoke/MethodHandle;Ljava/lang/invoke/MethodType;ZZ)Ljava/lang/invoke/MethodHandle; java.base@21.0.12.1 (617 bytes) @ 0x00000277804d9e8c [0x00000277804d78a0+0x00000000000025ec]
J 2572 c1 java.lang.invoke.MethodHandleImpl.makePairwiseConvert(Ljava/lang/invoke/MethodHandle;Ljava/lang/invoke/MethodType;ZZ)Ljava/lang/invoke/MethodHandle; java.base@21.0.12.1 (22 bytes) @ 0x00000277804deefc [0x00000277804dedc0+0x000000000000013c]
J 2171 c1 java.lang.invoke.MethodHandle.asTypeUncached(Ljava/lang/invoke/MethodType;)Ljava/lang/invoke/MethodHandle; java.base@21.0.12.1 (54 bytes) @ 0x0000027780408f8c [0x00000277804089e0+0x00000000000005ac]
J 2342 c1 java.lang.invoke.MethodHandle.asType(Ljava/lang/invoke/MethodType;)Ljava/lang/invoke/MethodHandle; java.base@21.0.12.1 (32 bytes) @ 0x000002778045f504 [0x000002778045f340+0x00000000000001c4]
j  java.lang.invoke.MethodHandle.asSpreader(ILjava/lang/Class;I)Ljava/lang/invoke/MethodHandle;+12 java.base@21.0.12.1
J 3499 c1 jdk.internal.reflect.MethodHandleAccessorFactory.newConstructorAccessor(Ljava/lang/reflect/Constructor;)Ljdk/internal/reflect/ConstructorAccessorImpl; java.base@21.0.12.1 (84 bytes) @ 0x00000277806bff14 [0x00000277806bf780+0x0000000000000794]
J 3498 c1 jdk.internal.reflect.ReflectionFactory.newConstructorAccessor(Ljava/lang/reflect/Constructor;)Ljdk/internal/reflect/ConstructorAccessor; java.base@21.0.12.1 (144 bytes) @ 0x00000277806beebc [0x00000277806beb40+0x000000000000037c]
j  java.lang.reflect.Constructor.acquireConstructorAccessor()Ljdk/internal/reflect/ConstructorAccessor;+58 java.base@21.0.12.1
J 1510 c1 java.lang.reflect.Constructor.newInstanceWithCaller([Ljava/lang/Object;ZLjava/lang/Class;)Ljava/lang/Object; java.base@21.0.12.1 (51 bytes) @ 0x00000277802c8a14 [0x00000277802c88e0+0x0000000000000134]
J 1511 c1 java.lang.reflect.Constructor.newInstance([Ljava/lang/Object;)Ljava/lang/Object; java.base@21.0.12.1 (34 bytes) @ 0x00000277802c9044 [0x00000277802c8ee0+0x0000000000000164]
j  org.gradle.internal.instantiation.generator.AsmBackedClassGenerator$InvokeConstructorStrategy.newInstance(Lorg/gradle/internal/service/ServiceLookup;Lorg/gradle/internal/instantiation/InstanceGenerator;Lorg/gradle/api/Describable;[Ljava/lang/Object;)Ljava/lang/Object;+37
j  org.gradle.internal.instantiation.generator.AbstractClassGenerator$GeneratedClassImpl$GeneratedConstructorImpl.newInstance(Lorg/gradle/internal/service/ServiceLookup;Lorg/gradle/internal/instantiation/InstanceGenerator;Lorg/gradle/api/Describable;[Ljava/lang/Object;)Ljava/lang/Object;+9
j  org.gradle.internal.instantiation.generator.DependencyInjectingInstantiator.doCreate(Ljava/lang/Class;Lorg/gradle/api/Describable;[Ljava/lang/Object;)Ljava/lang/Object;+37
j  org.gradle.internal.instantiation.generator.DependencyInjectingInstantiator.newInstance(Ljava/lang/Class;[Ljava/lang/Object;)Ljava/lang/Object;+4
j  org.gradle.internal.service.scopes.BuildScopeServices.createProviderFactory(Lorg/gradle/internal/reflect/Instantiator;Lorg/gradle/api/internal/provider/ValueSourceProviderFactory;Lorg/gradle/api/internal/provider/sources/process/ProcessOutputProviderFactory;Lorg/gradle/internal/event/ListenerManager;Lorg/gradle/api/model/ObjectFactory;Lorg/gradle/api/internal/properties/GradleProperties;)Lorg/gradle/api/provider/ProviderFactory;+31
j  java.lang.invoke.LambdaForm$DMH+0x000002779024cc00.invokeVirtual(Ljava/lang/Object;Ljava/lang/Object;Ljava/lang/Object;Ljava/lang/Object;Ljava/lang/Object;Ljava/lang/Object;Ljava/lang/Object;Ljava/lang/Object;)Ljava/lang/Object;+22 java.base@21.0.12.1
j  java.lang.invoke.LambdaForm$MH+0x000002779046b800.invoke(Ljava/lang/Object;Ljava/lang/Object;Ljava/lang/Object;)Ljava/lang/Object;+194 java.base@21.0.12.1
J 2098 c1 jdk.internal.reflect.DirectMethodHandleAccessor.invoke(Ljava/lang/Object;[Ljava/lang/Object;)Ljava/lang/Object; java.base@21.0.12.1 (92 bytes) @ 0x00000277803ecda4 [0x00000277803ec540+0x0000000000000864]
J 2097 c1 java.lang.reflect.Method.invoke(Ljava/lang/Object;[Ljava/lang/Object;)Ljava/lang/Object; java.base@21.0.12.1 (108 bytes) @ 0x00000277803ebcd4 [0x00000277803eb7c0+0x0000000000000514]
j  org.gradle.internal.reflect.JavaMethod.invoke(Ljava/lang/Object;[Ljava/lang/Object;)Ljava/lang/Object;+6
J 3389 c1 org.gradle.internal.service.ReflectionBasedServiceMethod.invoke(Ljava/lang/Object;[Ljava/lang/Object;)Ljava/lang/Object; (16 bytes) @ 0x00000277806832d4 [0x0000027780683240+0x0000000000000094]
j  org.gradle.internal.service.DefaultServiceRegistry$FactoryMethodService.invokeMethod([Ljava/lang/Object;)Ljava/lang/Object;+28
J 3431 c1 org.gradle.internal.service.DefaultServiceRegistry$FactoryMethodService.createServiceInstance()Ljava/lang/Object; (17 bytes) @ 0x000002778068ebe4 [0x000002778068eae0+0x0000000000000104]
J 2866 c1 org.gradle.internal.service.DefaultServiceRegistry$ManagedObjectServiceProvider.getInstance()Ljava/lang/Object; (44 bytes) @ 0x000002778057608c [0x0000027780575ee0+0x00000000000001ac]
J 2687 c1 org.gradle.internal.service.DefaultServiceRegistry$SingletonService.get()Ljava/lang/Object; (5 bytes) @ 0x0000027780515c3c [0x0000027780515bc0+0x000000000000007c]
j  org.gradle.internal.service.DefaultServiceRegistry$FactoryService.assembleParameters()[Ljava/lang/Object;+75
J 3431 c1 org.gradle.internal.service.DefaultServiceRegistry$FactoryMethodService.createServiceInstance()Ljava/lang/Object; (17 bytes) @ 0x000002778068eba4 [0x000002778068eae0+0x00000000000000c4]
J 2866 c1 org.gradle.internal.service.DefaultServiceRegistry$ManagedObjectServiceProvider.getInstance()Ljava/lang/Object; (44 bytes) @ 0x000002778057608c [0x0000027780575ee0+0x00000000000001ac]
J 2687 c1 org.gradle.internal.service.DefaultServiceRegistry$SingletonService.get()Ljava/lang/Object; (5 bytes) @ 0x0000027780515c3c [0x0000027780515bc0+0x000000000000007c]
j  org.gradle.internal.service.DefaultServiceRegistry$FactoryService.assembleParameters()[Ljava/lang/Object;+75
j  org.gradle.internal.service.DefaultServiceRegistry$FactoryService.createServiceInstance()Ljava/lang/Object;+1
j  org.gradle.internal.service.DefaultServiceRegistry$ConstructorService.createServiceInstance()Ljava/lang/Object;+1
J 2866 c1 org.gradle.internal.service.DefaultServiceRegistry$ManagedObjectServiceProvider.getInstance()Ljava/lang/Object; (44 bytes) @ 0x000002778057608c [0x0000027780575ee0+0x00000000000001ac]
J 2687 c1 org.gradle.internal.service.DefaultServiceRegistry$SingletonService.get()Ljava/lang/Object; (5 bytes) @ 0x0000027780515c3c [0x0000027780515bc0+0x000000000000007c]
j  org.gradle.internal.service.DefaultServiceRegistry$FactoryService.assembleParameters()[Ljava/lang/Object;+75
J 3431 c1 org.gradle.internal.service.DefaultServiceRegistry$FactoryMethodService.createServiceInstance()Ljava/lang/Object; (17 bytes) @ 0x000002778068eba4 [0x000002778068eae0+0x00000000000000c4]
J 2866 c1 org.gradle.internal.service.DefaultServiceRegistry$ManagedObjectServiceProvider.getInstance()Ljava/lang/Object; (44 bytes) @ 0x000002778057608c [0x0000027780575ee0+0x00000000000001ac]
J 2687 c1 org.gradle.internal.service.DefaultServiceRegistry$SingletonService.get()Ljava/lang/Object; (5 bytes) @ 0x0000027780515c3c [0x0000027780515bc0+0x000000000000007c]
j  org.gradle.internal.service.DefaultServiceRegistry.find(Ljava/lang/reflect/Type;)Ljava/lang/Object;+22
j  org.gradle.internal.service.DefaultServiceRegistry.get(Ljava/lang/reflect/Type;)Ljava/lang/Object;+2
j  org.gradle.internal.service.DefaultServiceRegistry.get(Ljava/lang/Class;)Ljava/lang/Object;+3
j  org.gradle.api.internal.artifacts.DefaultDependencyManagementServices$DefaultDependencyResolutionServices.getConfigurationContainer()Lorg/gradle/api/internal/artifacts/configurations/ConfigurationContainerInternal;+6
j  org.gradle.api.internal.artifacts.DefaultDependencyManagementServices$DefaultDependencyResolutionServices.getConfigurationContainer()Lorg/gradle/api/artifacts/ConfigurationContainer;+1
j  org.gradle.api.internal.artifacts.DefaultDependencyManagementServices.newDetachedResolver(Lorg/gradle/api/internal/file/FileResolver;Lorg/gradle/api/internal/file/FileCollectionFactory;Lorg/gradle/api/internal/DomainObjectContext;)Lorg/gradle/api/internal/artifacts/DependencyResolutionServices;+63
j  org.gradle.api.internal.artifacts.DefaultDependencyManagementServices.newDetachedResolver(Lorg/gradle/api/internal/DomainObjectContext;)Lorg/gradle/api/internal/artifacts/DependencyResolutionServices;+30
j  org.gradle.api.internal.initialization.DefaultScriptHandlerFactory.create(Lorg/gradle/groovy/scripts/ScriptSource;Lorg/gradle/api/internal/initialization/ClassLoaderScope;Lorg/gradle/api/internal/DomainObjectContext;)Lorg/gradle/api/internal/initialization/ScriptHandlerInternal;+5
j  org.gradle.configuration.DefaultInitScriptProcessor.process(Lorg/gradle/groovy/scripts/ScriptSource;Lorg/gradle/api/internal/GradleInternal;)V+95
j  org.gradle.initialization.InitScriptHandler$1.run(Lorg/gradle/internal/operations/BuildOperationContext;)V+66
j  org.gradle.internal.operations.DefaultBuildOperationRunner$1.execute(Lorg/gradle/internal/operations/RunnableBuildOperation;Lorg/gradle/internal/operations/BuildOperationContext;)V+2
j  org.gradle.internal.operations.DefaultBuildOperationRunner$1.execute(Lorg/gradle/internal/operations/BuildOperation;Lorg/gradle/internal/operations/BuildOperationContext;)V+6
j  org.gradle.internal.operations.DefaultBuildOperationRunner$2.execute(Lorg/gradle/internal/operations/BuildOperationDescriptor;Lorg/gradle/internal/operations/BuildOperationState;Lorg/gradle/internal/operations/BuildOperationState;Lorg/gradle/internal/operations/DefaultBuildOperationRunner$ReadableBuildOperationContext;Lorg/gradle/internal/operations/DefaultBuildOperationRunner$BuildOperationExecutionListener;)Lorg/gradle/internal/operations/BuildOperation;+22
j  org.gradle.internal.operations.DefaultBuildOperationRunner$2.execute(Lorg/gradle/internal/operations/BuildOperationDescriptor;Lorg/gradle/internal/operations/BuildOperationState;Lorg/gradle/internal/operations/BuildOperationState;Lorg/gradle/internal/operations/DefaultBuildOperationRunner$ReadableBuildOperationContext;Lorg/gradle/internal/operations/DefaultBuildOperationRunner$BuildOperationExecutionListener;)Ljava/lang/Object;+8
j  org.gradle.internal.operations.DefaultBuildOperationRunner.execute(Lorg/gradle/internal/operations/BuildOperationDescriptor$Builder;Lorg/gradle/internal/operations/DefaultBuildOperationRunner$BuildOperationExecution;)Ljava/lang/Object;+141
j  org.gradle.internal.operations.DefaultBuildOperationRunner.execute(Lorg/gradle/internal/operations/BuildOperation;Lorg/gradle/internal/operations/BuildOperationWorker;)V+17
j  org.gradle.internal.operations.DefaultBuildOperationRunner.run(Lorg/gradle/internal/operations/RunnableBuildOperation;)V+5
j  org.gradle.initialization.InitScriptHandler.executeScripts(Lorg/gradle/api/internal/GradleInternal;)V+34
j  org.gradle.initialization.DefaultSettingsPreparer.loadBuild(Lorg/gradle/api/internal/GradleInternal;)V+38
j  org.gradle.initialization.DefaultSettingsPreparer.access$000(Lorg/gradle/initialization/DefaultSettingsPreparer;Lorg/gradle/api/internal/GradleInternal;)V+2
j  org.gradle.initialization.DefaultSettingsPreparer$2.run(Lorg/gradle/internal/operations/BuildOperationContext;)V+8
j  org.gradle.internal.operations.DefaultBuildOperationRunner$1.execute(Lorg/gradle/internal/operations/RunnableBuildOperation;Lorg/gradle/internal/operations/BuildOperationContext;)V+2
j  org.gradle.internal.operations.DefaultBuildOperationRunner$1.execute(Lorg/gradle/internal/operations/BuildOperation;Lorg/gradle/internal/operations/BuildOperationContext;)V+6
j  org.gradle.internal.operations.DefaultBuildOperationRunner$2.execute(Lorg/gradle/internal/operations/BuildOperationDescriptor;Lorg/gradle/internal/operations/BuildOperationState;Lorg/gradle/internal/operations/BuildOperationState;Lorg/gradle/internal/operations/DefaultBuildOperationRunner$ReadableBuildOperationContext;Lorg/gradle/internal/operations/DefaultBuildOperationRunner$BuildOperationExecutionListener;)Lorg/gradle/internal/operations/BuildOperation;+22
j  org.gradle.internal.operations.DefaultBuildOperationRunner$2.execute(Lorg/gradle/internal/operations/BuildOperationDescriptor;Lorg/gradle/internal/operations/BuildOperationState;Lorg/gradle/internal/operations/BuildOperationState;Lorg/gradle/internal/operations/DefaultBuildOperationRunner$ReadableBuildOperationContext;Lorg/gradle/internal/operations/DefaultBuildOperationRunner$BuildOperationExecutionListener;)Ljava/lang/Object;+8
j  org.gradle.internal.operations.DefaultBuildOperationRunner.execute(Lorg/gradle/internal/operations/BuildOperationDescriptor$Builder;Lorg/gradle/internal/operations/DefaultBuildOperationRunner$BuildOperationExecution;)Ljava/lang/Object;+141
j  org.gradle.internal.operations.DefaultBuildOperationRunner.execute(Lorg/gradle/internal/operations/BuildOperation;Lorg/gradle/internal/operations/BuildOperationWorker;)V+17
j  org.gradle.internal.operations.DefaultBuildOperationRunner.run(Lorg/gradle/internal/operations/RunnableBuildOperation;)V+5
j  org.gradle.initialization.DefaultSettingsPreparer.prepareSettings(Lorg/gradle/api/internal/GradleInternal;)V+31
j  org.gradle.initialization.VintageBuildModelController.lambda$prepareSettings$0()V+8
j  org.gradle.initialization.VintageBuildModelController$$Lambda+0x0000027790440b48.run()V+4
j  org.gradle.internal.model.StateTransitionController.lambda$doTransition$0(Ljava/lang/Runnable;)Lorg/gradle/internal/build/ExecutionResult;+1
j  org.gradle.internal.model.StateTransitionController$$Lambda+0x0000027790440920.get()Ljava/lang/Object;+4
j  org.gradle.internal.model.StateTransitionController.doTransition(Lorg/gradle/internal/model/StateTransitionController$State;Lorg/gradle/internal/model/StateTransitionController$State;Ljava/util/function/Supplier;)Lorg/gradle/internal/build/ExecutionResult;+24
j  org.gradle.internal.model.StateTransitionController.doTransition(Lorg/gradle/internal/model/StateTransitionController$State;Lorg/gradle/internal/model/StateTransitionController$State;Ljava/lang/Runnable;)V+9
j  org.gradle.internal.model.StateTransitionController.lambda$transitionIfNotPreviously$0(Lorg/gradle/internal/model/StateTransitionController$State;Lorg/gradle/internal/model/StateTransitionController$State;Ljava/lang/Runnable;)V+16
j  org.gradle.internal.model.StateTransitionController$$Lambda+0x0000027790440d70.run()V+16
j  org.gradle.internal.work.DefaultSynchronizer.withLock(Ljava/lang/Runnable;)V+6
j  org.gradle.internal.model.StateTransitionController.transitionIfNotPreviously(Lorg/gradle/internal/model/StateTransitionController$State;Lorg/gradle/internal/model/StateTransitionController$State;Ljava/lang/Runnable;)V+13
j  org.gradle.initialization.VintageBuildModelController.prepareSettings()V+16
j  org.gradle.initialization.VintageBuildModelController.prepareToScheduleTasks()V+1
j  org.gradle.internal.build.DefaultBuildLifecycleController.lambda$prepareToScheduleTasks$0()V+9
j  org.gradle.internal.build.DefaultBuildLifecycleController$$Lambda+0x00000277904404d0.run()V+4
j  org.gradle.internal.model.StateTransitionController.lambda$doTransition$0(Ljava/lang/Runnable;)Lorg/gradle/internal/build/ExecutionResult;+1
j  org.gradle.internal.model.StateTransitionController$$Lambda+0x0000027790440920.get()Ljava/lang/Object;+4
j  org.gradle.internal.model.StateTransitionController.doTransition(Lorg/gradle/internal/model/StateTransitionController$State;Lorg/gradle/internal/model/StateTransitionController$State;Ljava/util/function/Supplier;)Lorg/gradle/internal/build/ExecutionResult;+24
j  org.gradle.internal.model.StateTransitionController.doTransition(Lorg/gradle/internal/model/StateTransitionController$State;Lorg/gradle/internal/model/StateTransitionController$State;Ljava/lang/Runnable;)V+9
j  org.gradle.internal.model.StateTransitionController.lambda$maybeTransition$0(Lorg/gradle/internal/model/StateTransitionController$State;Lorg/gradle/internal/model/StateTransitionController$State;Ljava/lang/Runnable;)V+16
j  org.gradle.internal.model.StateTransitionController$$Lambda+0x00000277904406f8.run()V+16
j  org.gradle.internal.work.DefaultSynchronizer.withLock(Ljava/lang/Runnable;)V+6
j  org.gradle.internal.model.StateTransitionController.maybeTransition(Lorg/gradle/internal/model/StateTransitionController$State;Lorg/gradle/internal/model/StateTransitionController$State;Ljava/lang/Runnable;)V+13
j  org.gradle.internal.build.DefaultBuildLifecycleController.prepareToScheduleTasks()V+16
j  org.gradle.internal.buildtree.DefaultBuildTreeWorkPreparer.scheduleRequestedTasks(Lorg/gradle/internal/buildtree/BuildTreeWorkGraph;Lorg/gradle/execution/EntryTaskSelector;)Lorg/gradle/internal/buildtree/BuildTreeWorkGraph$FinalizedGraph;+4
j  org.gradle.internal.cc.impl.barrier.BarrierAwareBuildTreeWorkPreparer.scheduleRequestedTasks$lambda$0(Lorg/gradle/internal/cc/impl/barrier/BarrierAwareBuildTreeWorkPreparer;Lorg/gradle/internal/buildtree/BuildTreeWorkGraph;Lorg/gradle/execution/EntryTaskSelector;)Lorg/gradle/internal/buildtree/BuildTreeWorkGraph$FinalizedGraph;+6
j  org.gradle.internal.cc.impl.barrier.BarrierAwareBuildTreeWorkPreparer$$Lambda+0x000002779042d738.invoke()Ljava/lang/Object;+12
j  org.gradle.internal.cc.impl.barrier.VintageConfigurationTimeActionRunner.runConfigurationTimeAction(Lkotlin/jvm/functions/Function0;)Ljava/lang/Object;+25
j  org.gradle.internal.cc.impl.barrier.BarrierAwareBuildTreeWorkPreparer.scheduleRequestedTasks(Lorg/gradle/internal/buildtree/BuildTreeWorkGraph;Lorg/gradle/execution/EntryTaskSelector;)Lorg/gradle/internal/buildtree/BuildTreeWorkGraph$FinalizedGraph;+18
j  org.gradle.internal.cc.impl.VintageBuildTreeWorkController$scheduleAndRunRequestedTasks$1$finalizedGraph$1.call()Lorg/gradle/internal/buildtree/BuildTreeWorkGraph$FinalizedGraph;+15
j  org.gradle.internal.cc.impl.VintageBuildTreeWorkController$scheduleAndRunRequestedTasks$1$finalizedGraph$1.call()Ljava/lang/Object;+1
j  org.gradle.internal.Try.ofFailable(Ljava/util/concurrent/Callable;)Lorg/gradle/internal/Try;+1
j  org.gradle.internal.cc.impl.VintageBuildTreeWorkController$scheduleAndRunRequestedTasks$1.apply(Lorg/gradle/internal/buildtree/BuildTreeWorkGraph;)Lorg/gradle/internal/buildtree/BuildTreeWorkController$TaskRunResult;+25
j  org.gradle.internal.cc.impl.VintageBuildTreeWorkController$scheduleAndRunRequestedTasks$1.apply(Ljava/lang/Object;)Ljava/lang/Object;+5
j  org.gradle.composite.internal.DefaultIncludedBuildTaskGraph.withNewWorkGraph(Ljava/util/function/Function;)Ljava/lang/Object;+30
j  org.gradle.internal.cc.impl.VintageBuildTreeWorkController.scheduleAndRunRequestedTasks(Lorg/gradle/execution/EntryTaskSelector;)Lorg/gradle/internal/buildtree/BuildTreeWorkController$TaskRunResult;+16
j  org.gradle.internal.buildtree.DefaultBuildTreeLifecycleController.lambda$scheduleAndRunTasks$0(Lorg/gradle/execution/EntryTaskSelector;)Lorg/gradle/internal/build/ExecutionResult;+5
j  org.gradle.internal.buildtree.DefaultBuildTreeLifecycleController$$Lambda+0x0000027790439250.get()Ljava/lang/Object;+8
j  org.gradle.internal.buildtree.DefaultBuildTreeLifecycleController.lambda$runBuild$0(Ljava/util/function/Supplier;)Ljava/lang/Object;+1
j  org.gradle.internal.buildtree.DefaultBuildTreeLifecycleController$$Lambda+0x0000027790439478.get()Ljava/lang/Object;+8
j  org.gradle.internal.model.StateTransitionController.lambda$transition$2(Ljava/util/function/Supplier;)Lorg/gradle/internal/build/ExecutionResult;+1
j  org.gradle.internal.model.StateTransitionController$$Lambda+0x00000277904398c8.get()Ljava/lang/Object;+4
j  org.gradle.internal.model.StateTransitionController.doTransition(Lorg/gradle/internal/model/StateTransitionController$State;Lorg/gradle/internal/model/StateTransitionController$State;Ljava/util/function/Supplier;)Lorg/gradle/internal/build/ExecutionResult;+24
j  org.gradle.internal.model.StateTransitionController.lambda$transition$1(Lorg/gradle/internal/model/StateTransitionController$State;Lorg/gradle/internal/model/StateTransitionController$State;Ljava/util/function/Supplier;)Ljava/lang/Object;+9
j  org.gradle.internal.model.StateTransitionController$$Lambda+0x00000277904396a0.create()Ljava/lang/Object;+16
j  org.gradle.internal.work.DefaultSynchronizer.withLock(Lorg/gradle/internal/Factory;)Ljava/lang/Object;+6
j  org.gradle.internal.model.StateTransitionController.transition(Lorg/gradle/internal/model/StateTransitionController$State;Lorg/gradle/internal/model/StateTransitionController$State;Ljava/util/function/Supplier;)Ljava/lang/Object;+13
j  org.gradle.internal.buildtree.DefaultBuildTreeLifecycleController.runBuild(Ljava/util/function/Supplier;)Ljava/lang/Object;+17
j  org.gradle.internal.buildtree.DefaultBuildTreeLifecycleController.scheduleAndRunTasks(Lorg/gradle/execution/EntryTaskSelector;)V+8
j  org.gradle.internal.buildtree.DefaultBuildTreeLifecycleController.scheduleAndRunTasks()V+2
j  org.gradle.tooling.internal.provider.runner.BuildModelActionRunner.run(Lorg/gradle/internal/invocation/BuildAction;Lorg/gradle/internal/buildtree/BuildTreeLifecycleController;)Lorg/gradle/internal/buildtree/BuildActionRunner$Result;+71
j  org.gradle.launcher.exec.ChainingBuildActionRunner.run(Lorg/gradle/internal/invocation/BuildAction;Lorg/gradle/internal/buildtree/BuildTreeLifecycleController;)Lorg/gradle/internal/buildtree/BuildActionRunner$Result;+34
j  org.gradle.internal.buildtree.ProblemReportingBuildActionRunner.run(Lorg/gradle/internal/invocation/BuildAction;Lorg/gradle/internal/buildtree/BuildTreeLifecycleController;)Lorg/gradle/internal/buildtree/BuildActionRunner$Result;+12
j  org.gradle.launcher.exec.BuildOutcomeReportingBuildActionRunner.run(Lorg/gradle/internal/invocation/BuildAction;Lorg/gradle/internal/buildtree/BuildTreeLifecycleController;)Lorg/gradle/internal/buildtree/BuildActionRunner$Result;+69
j  org.gradle.tooling.internal.provider.FileSystemWatchingBuildActionRunner.run(Lorg/gradle/internal/invocation/BuildAction;Lorg/gradle/internal/buildtree/BuildTreeLifecycleController;)Lorg/gradle/internal/buildtree/BuildActionRunner$Result;+240
j  org.gradle.launcher.exec.BuildCompletionNotifyingBuildActionRunner.run(Lorg/gradle/internal/invocation/BuildAction;Lorg/gradle/internal/buildtree/BuildTreeLifecycleController;)Lorg/gradle/internal/buildtree/BuildActionRunner$Result;+6
j  org.gradle.launcher.exec.RootBuildLifecycleBuildActionExecutor.lambda$execute$0(Lorg/gradle/internal/invocation/BuildAction;Lorg/gradle/internal/buildtree/BuildTreeLifecycleController;)Lorg/gradle/internal/buildtree/BuildActionRunner$Result;+6
j  org.gradle.launcher.exec.RootBuildLifecycleBuildActionExecutor$$Lambda+0x0000027790426480.apply(Ljava/lang/Object;)Ljava/lang/Object;+12
j  org.gradle.composite.internal.DefaultRootBuildState.run(Ljava/util/function/Function;)Ljava/lang/Object;+92
j  org.gradle.launcher.exec.RootBuildLifecycleBuildActionExecutor.execute(Lorg/gradle/internal/invocation/BuildAction;)Lorg/gradle/internal/buildtree/BuildActionRunner$Result;+87
j  org.gradle.launcher.exec.DefaultBuildTreeActionExecutor.runBuildTreeLifecycle(Lorg/gradle/internal/invocation/BuildAction;Lorg/gradle/internal/service/ServiceRegistry;)Lorg/gradle/internal/buildtree/BuildActionRunner$Result;+83
j  org.gradle.launcher.exec.DefaultBuildTreeActionExecutor.access$100(Lorg/gradle/launcher/exec/DefaultBuildTreeActionExecutor;Lorg/gradle/internal/invocation/BuildAction;Lorg/gradle/internal/service/ServiceRegistry;)Lorg/gradle/internal/buildtree/BuildActionRunner$Result;+3
j  org.gradle.launcher.exec.DefaultBuildTreeActionExecutor$2.call(Lorg/gradle/internal/operations/BuildOperationContext;)Lorg/gradle/internal/buildtree/BuildActionRunner$Result;+22
j  org.gradle.launcher.exec.DefaultBuildTreeActionExecutor$2.call(Lorg/gradle/internal/operations/BuildOperationContext;)Ljava/lang/Object;+2
j  org.gradle.internal.operations.DefaultBuildOperationRunner$CallableBuildOperationWorker.execute(Lorg/gradle/internal/operations/CallableBuildOperation;Lorg/gradle/internal/operations/BuildOperationContext;)V+3
j  org.gradle.internal.operations.DefaultBuildOperationRunner$CallableBuildOperationWorker.execute(Lorg/gradle/internal/operations/BuildOperation;Lorg/gradle/internal/operations/BuildOperationContext;)V+6
j  org.gradle.internal.operations.DefaultBuildOperationRunner$2.execute(Lorg/gradle/internal/operations/BuildOperationDescriptor;Lorg/gradle/internal/operations/BuildOperationState;Lorg/gradle/internal/operations/BuildOperationState;Lorg/gradle/internal/operations/DefaultBuildOperationRunner$ReadableBuildOperationContext;Lorg/gradle/internal/operations/DefaultBuildOperationRunner$BuildOperationExecutionListener;)Lorg/gradle/internal/operations/BuildOperation;+22
j  org.gradle.internal.operations.DefaultBuildOperationRunner$2.execute(Lorg/gradle/internal/operations/BuildOperationDescriptor;Lorg/gradle/internal/operations/BuildOperationState;Lorg/gradle/internal/operations/BuildOperationState;Lorg/gradle/internal/operations/DefaultBuildOperationRunner$ReadableBuildOperationContext;Lorg/gradle/internal/operations/DefaultBuildOperationRunner$BuildOperationExecutionListener;)Ljava/lang/Object;+8
j  org.gradle.internal.operations.DefaultBuildOperationRunner.execute(Lorg/gradle/internal/operations/BuildOperationDescriptor$Builder;Lorg/gradle/internal/operations/DefaultBuildOperationRunner$BuildOperationExecution;)Ljava/lang/Object;+141
j  org.gradle.internal.operations.DefaultBuildOperationRunner.execute(Lorg/gradle/internal/operations/BuildOperation;Lorg/gradle/internal/operations/BuildOperationWorker;)V+17
j  org.gradle.internal.operations.DefaultBuildOperationRunner.call(Lorg/gradle/internal/operations/CallableBuildOperation;)Ljava/lang/Object;+12
j  org.gradle.launcher.exec.DefaultBuildTreeActionExecutor.runAsBuildOperation(Lorg/gradle/internal/invocation/BuildAction;Lorg/gradle/internal/service/ServiceRegistry;)Lorg/gradle/internal/buildtree/BuildActionRunner$Result;+23
j  org.gradle.launcher.exec.DefaultBuildTreeActionExecutor.lambda$runBuildTreeAction$0(Lorg/gradle/internal/invocation/BuildAction;Lorg/gradle/internal/service/ServiceRegistry;)Lorg/gradle/internal/buildtree/BuildActionRunner$Result;+3
j  org.gradle.launcher.exec.DefaultBuildTreeActionExecutor$$Lambda+0x00000277902af668.create()Ljava/lang/Object;+12
j  org.gradle.internal.work.DefaultWorkerLeaseService.lambda$runAndReleaseLocks$0(Lorg/gradle/internal/Factory;Ljava/util/Collection;)Ljava/lang/Object;+1
j  org.gradle.internal.work.DefaultWorkerLeaseService$$Lambda+0x00000277902bd260.create()Ljava/lang/Object;+12
j  org.gradle.internal.work.ResourceLockStatistics$1.measure(Ljava/lang/String;Ljava/lang/Iterable;Lorg/gradle/internal/Factory;)Ljava/lang/Object;+1
j  org.gradle.internal.work.DefaultWorkerLeaseService.runAndReleaseLocks(Ljava/util/Collection;Lorg/gradle/internal/Factory;)Ljava/lang/Object;+16
j  org.gradle.internal.work.DefaultWorkerLeaseService.withLocksAcquired(Ljava/util/Collection;Lorg/gradle/internal/Factory;)Ljava/lang/Object;+8
j  org.gradle.internal.work.DefaultWorkerLeaseService.withLocks(Ljava/util/Collection;Lorg/gradle/internal/Factory;)Ljava/lang/Object;+25
j  org.gradle.internal.work.DefaultWorkerLeaseService.runAsWorkerThread(Lorg/gradle/internal/Factory;)Ljava/lang/Object;+33
j  org.gradle.launcher.exec.DefaultBuildTreeActionExecutor.runBuildTreeAction(Lorg/gradle/internal/invocation/BuildAction;Lorg/gradle/internal/service/ServiceRegistry;)Lorg/gradle/internal/buildtree/BuildActionRunner$Result;+12
j  org.gradle.tooling.internal.provider.continuous.ContinuousBuildActionExecutor.execute(Lorg/gradle/internal/invocation/BuildAction;Lorg/gradle/internal/session/BuildSessionContext;)Lorg/gradle/internal/buildtree/BuildActionRunner$Result;+63
j  org.gradle.tooling.internal.provider.SubscribableBuildActionExecutor.execute(Lorg/gradle/internal/invocation/BuildAction;Lorg/gradle/internal/session/BuildSessionContext;)Lorg/gradle/internal/buildtree/BuildActionRunner$Result;+30
j  org.gradle.internal.session.DefaultBuildSessionContext.execute(Lorg/gradle/internal/invocation/BuildAction;)Lorg/gradle/internal/buildtree/BuildActionRunner$Result;+64
j  org.gradle.internal.buildprocess.execution.BuildSessionLifecycleBuildActionExecutor$ActionImpl.apply(Lorg/gradle/internal/session/BuildSessionContext;)Lorg/gradle/launcher/exec/BuildActionResult;+6
j  org.gradle.internal.buildprocess.execution.BuildSessionLifecycleBuildActionExecutor$ActionImpl.apply(Ljava/lang/Object;)Ljava/lang/Object;+5
j  org.gradle.internal.session.BuildSessionState.run(Ljava/util/function/Function;)Ljava/lang/Object;+5
j  org.gradle.internal.buildprocess.execution.BuildSessionLifecycleBuildActionExecutor.execute(Lorg/gradle/internal/invocation/BuildAction;Lorg/gradle/launcher/exec/BuildActionParameters;Lorg/gradle/initialization/BuildRequestContext;)Lorg/gradle/launcher/exec/BuildActionResult;+105
j  org.gradle.internal.buildprocess.execution.BuildSessionLifecycleBuildActionExecutor.execute(Lorg/gradle/internal/invocation/BuildAction;Ljava/lang/Object;Ljava/lang/Object;)Lorg/gradle/launcher/exec/BuildActionResult;+10
j  org.gradle.internal.buildprocess.execution.StartParamsValidatingActionExecutor.execute(Lorg/gradle/internal/invocation/BuildAction;Lorg/gradle/launcher/exec/BuildActionParameters;Lorg/gradle/initialization/BuildRequestContext;)Lorg/gradle/launcher/exec/BuildActionResult;+142
j  org.gradle.internal.buildprocess.execution.StartParamsValidatingActionExecutor.execute(Lorg/gradle/internal/invocation/BuildAction;Ljava/lang/Object;Ljava/lang/Object;)Lorg/gradle/launcher/exec/BuildActionResult;+10
j  org.gradle.internal.buildprocess.execution.SessionFailureReportingActionExecutor.execute(Lorg/gradle/internal/invocation/BuildAction;Lorg/gradle/launcher/exec/BuildActionParameters;Lorg/gradle/initialization/BuildRequestContext;)Lorg/gradle/launcher/exec/BuildActionResult;+7
j  org.gradle.internal.buildprocess.execution.SessionFailureReportingActionExecutor.execute(Lorg/gradle/internal/invocation/BuildAction;Ljava/lang/Object;Ljava/lang/Object;)Lorg/gradle/launcher/exec/BuildActionResult;+10
j  org.gradle.internal.buildprocess.execution.SetupLoggingActionExecutor.execute(Lorg/gradle/internal/invocation/BuildAction;Lorg/gradle/launcher/exec/BuildActionParameters;Lorg/gradle/initialization/BuildRequestContext;)Lorg/gradle/launcher/exec/BuildActionResult;+50
j  org.gradle.internal.buildprocess.execution.SetupLoggingActionExecutor.execute(Lorg/gradle/internal/invocation/BuildAction;Ljava/lang/Object;Ljava/lang/Object;)Lorg/gradle/launcher/exec/BuildActionResult;+10
j  org.gradle.launcher.daemon.server.exec.ExecuteBuild.doBuild(Lorg/gradle/launcher/daemon/server/api/DaemonCommandExecution;Lorg/gradle/launcher/daemon/protocol/Build;)V+147
j  org.gradle.launcher.daemon.server.exec.BuildCommandOnly.execute(Lorg/gradle/launcher/daemon/server/api/DaemonCommandExecution;)V+49
j  org.gradle.launcher.daemon.server.api.DaemonCommandExecution.proceed()Z+23
j  org.gradle.launcher.daemon.server.exec.WatchForDisconnection.execute(Lorg/gradle/launcher/daemon/server/api/DaemonCommandExecution;)V+19
j  org.gradle.launcher.daemon.server.api.DaemonCommandExecution.proceed()Z+23
j  org.gradle.launcher.daemon.server.exec.ResetDeprecationLogger.execute(Lorg/gradle/launcher/daemon/server/api/DaemonCommandExecution;)V+7
j  org.gradle.launcher.daemon.server.api.DaemonCommandExecution.proceed()Z+23
j  org.gradle.launcher.daemon.server.exec.RequestStopIfSingleUsedDaemon.execute(Lorg/gradle/launcher/daemon/server/api/DaemonCommandExecution;)V+33
j  org.gradle.launcher.daemon.server.api.DaemonCommandExecution.proceed()Z+23
j  org.gradle.launcher.daemon.server.exec.ForwardClientInput.lambda$execute$0(Lorg/gradle/launcher/daemon/server/api/DaemonCommandExecution;Lorg/gradle/internal/daemon/clientinput/StdinHandler;)Ljava/lang/Object;+11
j  org.gradle.launcher.daemon.server.exec.ForwardClientInput$$Lambda+0x00000277901971a8.apply(Ljava/lang/Object;)Ljava/lang/Object;+8
j  org.gradle.internal.daemon.clientinput.ClientInputForwarder.forwardInput(Ljava/util/function/Function;)Ljava/lang/Object;+46
j  org.gradle.launcher.daemon.server.exec.ForwardClientInput.execute(Lorg/gradle/launcher/daemon/server/api/DaemonCommandExecution;)V+10
j  org.gradle.launcher.daemon.server.api.DaemonCommandExecution.proceed()Z+23
j  org.gradle.launcher.daemon.server.exec.LogAndCheckHealth.execute(Lorg/gradle/launcher/daemon/server/api/DaemonCommandExecution;)V+51
j  org.gradle.launcher.daemon.server.api.DaemonCommandExecution.proceed()Z+23
j  org.gradle.launcher.daemon.server.exec.ApplyClientEnvironmentVariables.doBuild(Lorg/gradle/launcher/daemon/server/api/DaemonCommandExecution;Lorg/gradle/launcher/daemon/protocol/Build;)V+133
j  org.gradle.launcher.daemon.server.exec.BuildCommandOnly.execute(Lorg/gradle/launcher/daemon/server/api/DaemonCommandExecution;)V+49
j  org.gradle.launcher.daemon.server.api.DaemonCommandExecution.proceed()Z+23
j  org.gradle.launcher.daemon.server.exec.LogToClient.doBuild(Lorg/gradle/launcher/daemon/server/api/DaemonCommandExecution;Lorg/gradle/launcher/daemon/protocol/Build;)V+87
j  org.gradle.launcher.daemon.server.exec.BuildCommandOnly.execute(Lorg/gradle/launcher/daemon/server/api/DaemonCommandExecution;)V+49
j  org.gradle.launcher.daemon.server.api.DaemonCommandExecution.proceed()Z+23
j  org.gradle.launcher.daemon.server.exec.EstablishBuildEnvironment.doBuild(Lorg/gradle/launcher/daemon/server/api/DaemonCommandExecution;Lorg/gradle/launcher/daemon/protocol/Build;)V+225
j  org.gradle.launcher.daemon.server.exec.BuildCommandOnly.execute(Lorg/gradle/launcher/daemon/server/api/DaemonCommandExecution;)V+49
j  org.gradle.launcher.daemon.server.api.DaemonCommandExecution.proceed()Z+23
j  org.gradle.launcher.daemon.server.exec.StartBuildOrRespondWithBusy$1.run()V+44
j  org.gradle.launcher.daemon.server.DaemonStateCoordinator.lambda$runCommand$0(Ljava/lang/Runnable;)V+1
j  org.gradle.launcher.daemon.server.DaemonStateCoordinator$$Lambda+0x0000027790195d38.run()V+8
j  org.gradle.internal.concurrent.ExecutorPolicy$CatchAndRecordFailures.onExecute(Ljava/lang/Runnable;)V+1
j  org.gradle.internal.concurrent.AbstractManagedExecutor$1.run()V+25
j  java.util.concurrent.ThreadPoolExecutor.runWorker(Ljava/util/concurrent/ThreadPoolExecutor$Worker;)V+92 java.base@21.0.12.1
j  java.util.concurrent.ThreadPoolExecutor$Worker.run()V+5 java.base@21.0.12.1
j  java.lang.Thread.runWith(Ljava/lang/Object;Ljava/lang/Runnable;)V+5 java.base@21.0.12.1
j  java.lang.Thread.run()V+19 java.base@21.0.12.1
v  ~StubRoutines::call_stub 0x000002778753100d

Compiled method (n/a) 62454 1859     n 0       java.lang.ClassLoader::defineClass0 (native)
 total in heap  [0x0000027787b95810,0x0000027787b95dd0] = 1472
 relocation     [0x0000027787b95970,0x0000027787b959a8] = 56
 main code      [0x0000027787b959c0,0x0000027787b95dcc] = 1036
 stub code      [0x0000027787b95dcc,0x0000027787b95dd0] = 4

[Constant Pool (empty)]

[MachCode]
[Entry Point]
  # {method} {0x000002778f434610} 'defineClass0' '(Ljava/lang/ClassLoader;Ljava/lang/Class;Ljava/lang/String;[BIILjava/security/ProtectionDomain;ZILjava/lang/Object;)Ljava/lang/Class;' in 'java/lang/ClassLoader'
  # parm0:    rdx:rdx   = 'java/lang/ClassLoader'
  # parm1:    r8:r8     = 'java/lang/Class'
  # parm2:    r9:r9     = 'java/lang/String'
  # parm3:    rdi:rdi   = '[B'
  # parm4:    rsi       = int
  # parm5:    rcx       = int
  # parm6:    [sp+0xb0]   = 'java/security/ProtectionDomain'  (sp of caller)
  # parm7:    [sp+0xb8]   = boolean
  # parm8:    [sp+0xc0]   = int
  # parm9:    [sp+0xc8]   = 'java/lang/Object'
  0x0000027787b959c0: 448b 5208 | 49bb 0000 | 008f 7702 | 0000 4d03 | d349 3bc2 | 0f84 0600 

  0x0000027787b959d8: ;   {runtime_call ic_miss_stub}
  0x0000027787b959d8: 0000 e9a1 | 8d9e ff90 
[Verified Entry Point]
  0x0000027787b959e0: 8984 2400 | 80ff ff55 | 488b ec48 | 81ec a000 | 0000 6690 | 4181 7f20 | 0300 0000 

  0x0000027787b959fc: ;   {runtime_call StubRoutines (final stubs)}
  0x0000027787b959fc: 7405 e89d | 0a9d ff48 | 837d 2800 | 488d 4528 | 480f 4445 | 2848 8944 | 2458 4863 | 4520 4889 
  0x0000027787b95a1c: 4424 5048 | 6345 1848 | 8944 2448 | 4883 7d10 | 0048 8d45 | 1048 0f44 | 4510 4889 | 4424 4048 
  0x0000027787b95a3c: 894c 2438 | 4889 7424 | 3048 897c | 2478 4883 | ff00 488d | 4424 7848 | 0f44 4424 | 7848 8944 
  0x0000027787b95a5c: 2428 4c89 | 4c24 7049 | 83f9 0048 | 8d44 2470 | 480f 4444 | 2470 4889 | 4424 204c | 8944 2468 
  0x0000027787b95a7c: 4983 f800 | 4c8d 4c24 | 684c 0f44 | 4c24 6848 | 8954 2460 | 4883 fa00 | 4c8d 4424 | 604c 0f44 
  0x0000027787b95a9c: ;   {oop(a 'java/lang/Class'{0x00000000e0744958} = 'java/lang/ClassLoader')}
  0x0000027787b95a9c: 4424 6049 | be58 4974 | e000 0000 | 004c 89b4 | 2490 0000 | 004c 8db4 | 2490 0000 | 0049 8bd6 
  0x0000027787b95abc: ;   {internal_word}
  0x0000027787b95abc: c5f8 7749 | babc 5ab9 | 8777 0200 | 004d 8997 | a803 0000 | 4989 a7a0 

  0x0000027787b95ad4: ;   {external_word}
  0x0000027787b95ad4: 0300 0049 | ba06 6d81 | 51f9 7f00 | 0041 803a | 000f 844e | 0000 0052 | 4150 4151 

  0x0000027787b95af0: ;   {metadata({method} {0x000002778f434610} 'defineClass0' '(Ljava/lang/ClassLoader;Ljava/lang/Class;Ljava/lang/String;[BIILjava/security/ProtectionDomain;ZILjava/lang/Object;)Ljava/lang/Class;' in 'java/lang/ClassLoader')}
  0x0000027787b95af0: 48ba 0846 | 438f 7702 | 0000 498b | cf48 83ec | 2040 f6c4 | 0f0f 8419 | 0000 0048 

  0x0000027787b95b0c: ;   {runtime_call}
  0x0000027787b95b0c: 83ec 0848 | b8e0 ea2a | 51f9 7f00 | 00ff d048 | 83c4 08e9 | 0c00 0000 

  0x0000027787b95b24: ;   {runtime_call}
  0x0000027787b95b24: 48b8 e0ea | 2a51 f97f | 0000 ffd0 | 4883 c420 | 4159 4158 | 5a49 8d8f | c003 0000 | 41c7 874c 
  0x0000027787b95b44: 0400 0004 

  0x0000027787b95b48: ;   {runtime_call}
  0x0000027787b95b48: 0000 0048 | b81c 15a3 | a5f9 7f00 | 00ff d0c5 | f877 41c7 | 874c 0400 | 0005 0000 | 00f0 8344 
  0x0000027787b95b68: 24c0 0049 | 3baf 5004 | 0000 0f87 | 0e00 0000 | 4183 bf48 | 0400 0000 | 0f84 2b00 | 0000 c5f8 
  0x0000027787b95b88: 7748 8945 | f849 8bcf | 4c8b e448 | 83ec 2048 

  0x0000027787b95b98: ;   {runtime_call}
  0x0000027787b95b98: 83e4 f048 | b800 58f6 | 50f9 7f00 | 00ff d049 | 8be4 4d33 | e448 8b45 | f841 c787 | 4c04 0000 
  0x0000027787b95bb8: 0800 0000 | 4183 bfc8 | 0400 0002 | 0f84 d501 

  0x0000027787b95bc8: ;   {external_word}
  0x0000027787b95bc8: 0000 49ba | 066d 8151 | f97f 0000 | 4180 3a00 | 0f84 4c00 | 0000 4889 

  0x0000027787b95be0: ;   {metadata({method} {0x000002778f434610} 'defineClass0' '(Ljava/lang/ClassLoader;Ljava/lang/Class;Ljava/lang/String;[BIILjava/security/ProtectionDomain;ZILjava/lang/Object;)Ljava/lang/Class;' in 'java/lang/ClassLoader')}
  0x0000027787b95be0: 45f8 48ba | 0846 438f | 7702 0000 | 498b cf48 | 83ec 2040 | f6c4 0f0f | 8419 0000 | 0048 83ec 
  0x0000027787b95c00: ;   {runtime_call}
  0x0000027787b95c00: 0848 b8e0 | ea2a 51f9 | 7f00 00ff | d048 83c4 | 08e9 0c00 

  0x0000027787b95c14: ;   {runtime_call}
  0x0000027787b95c14: 0000 48b8 | e0ea 2a51 | f97f 0000 | ffd0 4883 | c420 488b | 45f8 49c7 | 87a0 0300 | 0000 0000 
  0x0000027787b95c34: 0049 c787 | a803 0000 | 0000 0000 | c5f8 7748 | 85c0 0f84 | 3001 0000 | a803 0f85 | 0800 0000 
  0x0000027787b95c54: 488b 00e9 | 2001 0000 | a801 0f85 | 0900 0000 | 488b 40fe | e90f 0100 | 0048 8b40 | ff41 807f 
  0x0000027787b95c74: 4000 0f84 | 0001 0000 | 4883 f800 | 0f84 f600 | 0000 498b | 4f28 4883 | f900 0f84 | 1400 0000 
  0x0000027787b95c94: 4883 e908 | 4989 4f28 | 4903 4f38 | 4889 01e9 | d400 0000 | 4883 ec70 | 4889 0424 | 4889 4c24 
  0x0000027787b95cb4: 0848 8954 | 2410 4c89 | 4424 184c | 894c 2420 | 4c89 5424 | 284c 895c | 2430 c5fb | 1144 2440 
  0x0000027787b95cd4: c5fb 114c | 2448 c5fb | 1154 2450 | c5fb 115c | 2458 c5fb | 1164 2460 | c5fb 116c | 2468 498b 
  0x0000027787b95cf4: d748 8bc8 | 4883 ec20 | 40f6 c40f | 0f84 1900 | 0000 4883 

  0x0000027787b95d08: ;   {runtime_call}
  0x0000027787b95d08: ec08 48b8 | 20a4 e950 | f97f 0000 | ffd0 4883 | c408 e90c 

  0x0000027787b95d1c: ;   {runtime_call}
  0x0000027787b95d1c: 0000 0048 | b820 a4e9 | 50f9 7f00 | 00ff d048 | 83c4 20c5 | fb10 6c24 | 68c5 fb10 | 6424 60c5 
  0x0000027787b95d3c: fb10 5c24 | 58c5 fb10 | 5424 50c5 | fb10 4c24 | 48c5 fb10 | 4424 404c | 8b5c 2430 | 4c8b 5424 
  0x0000027787b95d5c: 284c 8b4c | 2420 4c8b | 4424 1848 | 8b54 2410 | 488b 4c24 | 0848 8b04 | 2448 83c4 | 70c5 f877 
  0x0000027787b95d7c: 498b 8f30 | 0400 00c7 | 8100 0100 | 0000 0000 | 00c9 4983 | 7f08 000f | 8501 0000 

  0x0000027787b95d98: ;   {runtime_call StubRoutines (initial stubs)}
  0x0000027787b95d98: 00c3 e961 | b199 ffc5 | f877 4889 | 45f8 4c8b | e448 83ec | 2048 83e4 

  0x0000027787b95db0: ;   {runtime_call}
  0x0000027787b95db0: f048 b830 | 222b 51f9 | 7f00 00ff | d049 8be4 | 4d33 e448 | 8b45 f8e9 | fefd ffff 
[Stub Code]
  0x0000027787b95dcc: f4f4 f4f4 
[/MachCode]


Compiled method (c1) 63201 2762       3       java.lang.System$2::defineClass (21 bytes)
 total in heap  [0x0000027780541d10,0x00000277805420f0] = 992
 relocation     [0x0000027780541e70,0x0000027780541eb0] = 64
 main code      [0x0000027780541ec0,0x0000027780541ff8] = 312
 stub code      [0x0000027780541ff8,0x0000027780542038] = 64
 metadata       [0x0000027780542038,0x0000027780542040] = 8
 scopes data    [0x0000027780542040,0x0000027780542088] = 72
 scopes pcs     [0x0000027780542088,0x00000277805420d8] = 80
 dependencies   [0x00000277805420d8,0x00000277805420e0] = 8
 nul chk table  [0x00000277805420e0,0x00000277805420f0] = 16

[Constant Pool (empty)]

[MachCode]
[Entry Point]
  # {method} {0x000002778f019588} 'defineClass' '(Ljava/lang/ClassLoader;Ljava/lang/Class;Ljava/lang/String;[BLjava/security/ProtectionDomain;ZILjava/lang/Object;)Ljava/lang/Class;' in 'java/lang/System$2'
  # this:     rdx:rdx   = 'java/lang/System$2'
  # parm0:    r8:r8     = 'java/lang/ClassLoader'
  # parm1:    r9:r9     = 'java/lang/Class'
  # parm2:    rdi:rdi   = 'java/lang/String'
  # parm3:    rsi:rsi   = '[B'
  # parm4:    rcx:rcx   = 'java/security/ProtectionDomain'
  # parm5:    [sp+0x70]   = boolean  (sp of caller)
  # parm6:    [sp+0x78]   = int
  # parm7:    [sp+0x80]   = 'java/lang/Object'
  0x0000027780541ec0: 448b 5208 | 49bb 0000 | 008f 7702 | 0000 4d03 | d34c 3bd0 

  0x0000027780541ed4: ;   {runtime_call ic_miss_stub}
  0x0000027780541ed4: 0f85 a6c8 | 0307 660f | 1f44 0000 
[Verified Entry Point]
  0x0000027780541ee0: 8984 2400 | 80ff ff55 | 4883 ec60 | 4181 7f20 | 0300 0000 

  0x0000027780541ef4: ;   {runtime_call StubRoutines (final stubs)}
  0x0000027780541ef4: 7405 e8a5 | 4502 0748 

  0x0000027780541efc: ;   {metadata(method data for {method} {0x000002778f019588} 'defineClass' '(Ljava/lang/ClassLoader;Ljava/lang/Class;Ljava/lang/String;[BLjava/security/ProtectionDomain;ZILjava/lang/Object;)Ljava/lang/Class;' in 'java/lang/System$2')}
  0x0000027780541efc: 8bd9 48b9 | 885f 9ef7 | 7702 0000 | 8b81 cc00 | 0000 83c0 | 0289 81cc | 0000 0025 | fe07 0000 
  0x0000027780541f1c: 85c0 0f84 | 6b00 0000 | 4c8b ac24 | 8000 0000 | 448b 5c24 | 788b 4424 | 708b 4e0c 

  0x0000027780541f38: ;   {metadata(method data for {method} {0x000002778f019588} 'defineClass' '(Ljava/lang/ClassLoader;Ljava/lang/Class;Ljava/lang/String;[BLjava/security/ProtectionDomain;ZILjava/lang/Object;)Ljava/lang/Class;' in 'java/lang/System$2')}
  0x0000027780541f38: 48ba 885f | 9ef7 7702 | 0000 4883 | 8210 0100 | 0001 498b | d04d 8bc1 | 4c8b cf48 | 8bfe be00 
  0x0000027780541f58: 0000 0048 | 891c 2489 | 4424 0844 | 895c 2410 | 4c89 6c24 

  0x0000027780541f6c: ;   {static_call}
  0x0000027780541f6c: 1866 90e8 

  0x0000027780541f70: ; ImmutableOopMap {}
                      ;*invokestatic defineClass0 {reexecute=0 rethrow=0 return_oop=0}
                      ; - java.lang.System$2::defineClass@17
  0x0000027780541f70: 6c3a 6507 

  0x0000027780541f74: ;   {other}
  0x0000027780541f74: 0f1f 8400 | 6402 0000 | 4883 c460 

  0x0000027780541f80: ;   {poll_return}
  0x0000027780541f80: 5d49 3ba7 | 5004 0000 | 0f87 2700 

  0x0000027780541f8c: ;   {metadata({method} {0x000002778f019588} 'defineClass' '(Ljava/lang/ClassLoader;Ljava/lang/Class;Ljava/lang/String;[BLjava/security/ProtectionDomain;ZILjava/lang/Object;)Ljava/lang/Class;' in 'java/lang/System$2')}
  0x0000027780541f8c: 0000 c349 | ba80 9501 | 8f77 0200 | 004c 8954 | 2408 48c7 | 0424 ffff 

  0x0000027780541fa4: ;   {runtime_call counter_overflow Runtime1 stub}
  0x0000027780541fa4: ffff e855 

  0x0000027780541fa8: ; ImmutableOopMap {rdx=Oop r8=Oop r9=Oop rdi=Oop rsi=Oop rbx=Oop [128]=Oop }
                      ;*synchronization entry
                      ; - java.lang.System$2::defineClass@-1
  0x0000027780541fa8: 3310 07e9 | 74ff ffff 

  0x0000027780541fb0: ;   {runtime_call throw_null_pointer_exception Runtime1 stub}
  0x0000027780541fb0: e84b e20f 

  0x0000027780541fb4: ; ImmutableOopMap {r8=Oop r9=Oop rdi=Oop rsi=Oop rbx=Oop r13=Oop [128]=Oop }
                      ;*arraylength {reexecute=0 rethrow=0 return_oop=0}
                      ; - java.lang.System$2::defineClass@8
                      ;   {internal_word}
  0x0000027780541fb4: 0749 ba81 | 1f54 8077 | 0200 004d | 8997 6804 

  0x0000027780541fc4: ;   {runtime_call SafepointBlob}
  0x0000027780541fc4: 0000 e9b5 | 3404 0749 | 8b87 0005 | 0000 49c7 | 8700 0500 | 0000 0000 | 0049 c787 | 0805 0000 
  0x0000027780541fe4: 0000 0000 | 4883 c460 

  0x0000027780541fec: ;   {runtime_call unwind_exception Runtime1 stub}
  0x0000027780541fec: 5de9 0ed3 | 0f07 f4f4 | f4f4 f4f4 
[Stub Code]
  0x0000027780541ff8: ;   {no_reloc}
  0x0000027780541ff8: 48bb 0000 | 0000 0000 

  0x0000027780542000: ;   {runtime_call nmethod}
  0x0000027780542000: 0000 e9fb 

  0x0000027780542004: ;   {runtime_call handle_exception_from_callee Runtime1 stub}
  0x0000027780542004: ffff ffe8 | f4ff 0f07 

  0x000002778054200c: ;   {external_word}
  0x000002778054200c: 48b9 5063 | 5751 f97f | 0000 4883 

  0x0000027780542018: ;   {runtime_call}
  0x0000027780542018: e4f0 48b8 | c0c9 1951 | f97f 0000 

  0x0000027780542024: ;   {section_word}
  0x0000027780542024: ffd0 f449 | ba27 2054 | 8077 0200 

  0x0000027780542030: ;   {runtime_call DeoptimizationBlob}
  0x0000027780542030: 0041 52e9 | e826 0407 
[/MachCode]


Compiled method (c1) 63640 2761   !   3       java.lang.invoke.MethodHandles$Lookup$ClassDefiner::defineClass (213 bytes)
 total in heap  [0x0000027780540a90,0x0000027780541cf0] = 4704
 relocation     [0x0000027780540bf0,0x0000027780540d10] = 288
 main code      [0x0000027780540d20,0x0000027780541788] = 2664
 stub code      [0x0000027780541788,0x0000027780541800] = 120
 metadata       [0x0000027780541800,0x0000027780541870] = 112
 scopes data    [0x0000027780541870,0x0000027780541a88] = 536
 scopes pcs     [0x0000027780541a88,0x0000027780541c48] = 448
 dependencies   [0x0000027780541c48,0x0000027780541c60] = 24
 handler table  [0x0000027780541c60,0x0000027780541ca8] = 72
 nul chk table  [0x0000027780541ca8,0x0000027780541cf0] = 72

[Constant Pool (empty)]

[MachCode]
[Entry Point]
  # {method} {0x000002778f1eae68} 'defineClass' '(ZLjava/lang/Object;)Ljava/lang/Class;' in 'java/lang/invoke/MethodHandles$Lookup$ClassDefiner'
  # this:     rdx:rdx   = 'java/lang/invoke/MethodHandles$Lookup$ClassDefiner'
  # parm0:    r8        = boolean
  # parm1:    r9:r9     = 'java/lang/Object'
  #           [sp+0xf0]  (sp of caller)
  0x0000027780540d20: 448b 5208 | 49bb 0000 | 008f 7702 | 0000 4d03 | d34c 3bd0 

  0x0000027780540d34: ;   {runtime_call ic_miss_stub}
  0x0000027780540d34: 0f85 46da | 0307 660f | 1f44 0000 
[Verified Entry Point]
  0x0000027780540d40: 8984 2400 | 80ff ff55 | 4881 ece0 | 0000 0090 | 4181 7f20 | 0300 0000 

  0x0000027780540d58: ;   {runtime_call StubRoutines (final stubs)}
  0x0000027780540d58: 7405 e841 | 5702 0748 | 8994 2498 | 0000 0044 | 8984 24b0 | 0000 004c | 898c 24b8 

  0x0000027780540d74: ;   {metadata(method data for {method} {0x000002778f1eae68} 'defineClass' '(ZLjava/lang/Object;)Ljava/lang/Class;' in 'java/lang/invoke/MethodHandles$Lookup$ClassDefiner')}
  0x0000027780540d74: 0000 0048 | be60 549e | f777 0200 | 008b becc | 0000 0083 | c702 89be | cc00 0000 | 81e7 fe07 
  0x0000027780540d94: 0000 85ff | 0f84 6b07 | 0000 8b72 | 1048 89b4 | 2490 0000 | 0048 3b06 

  0x0000027780540dac: ;   {metadata(method data for {method} {0x000002778f1eae68} 'defineClass' '(ZLjava/lang/Object;)Ljava/lang/Class;' in 'java/lang/invoke/MethodHandles$Lookup$ClassDefiner')}
  0x0000027780540dac: 488b fe48 | bb60 549e | f777 0200 | 0048 8383 | 1001 0000 | 018b 7e10 | 4889 bc24 | a800 0000 
  0x0000027780540dcc: ; implicit exception: dispatches to 0x000002778054152f
  0x0000027780540dcc: 483b 0748 

  0x0000027780540dd0: ;   {metadata(method data for {method} {0x000002778f1eae68} 'defineClass' '(ZLjava/lang/Object;)Ljava/lang/Class;' in 'java/lang/invoke/MethodHandles$Lookup$ClassDefiner')}
  0x0000027780540dd0: 8bdf 48b8 | 6054 9ef7 | 7702 0000 | 4883 8048 | 0100 0001 

  0x0000027780540de4: ;   {metadata(method data for {method} {0x000002778f468e60} 'getClassLoader' '()Ljava/lang/ClassLoader;' in 'java/lang/Class')}
  0x0000027780540de4: 48bb 60bf | 02f7 7702 | 0000 8b83 | cc00 0000 | 83c0 0289 | 83cc 0000 | 0025 feff | 1f00 85c0 
  0x0000027780540e04: 0f84 2a07 | 0000 8b5f | 3448 85db 

  0x0000027780540e10: ;   {metadata(method data for {method} {0x000002778f468e60} 'getClassLoader' '()Ljava/lang/ClassLoader;' in 'java/lang/Class')}
  0x0000027780540e10: 48b8 60bf | 02f7 7702 | 0000 48c7 | c110 0100 | 0075 0748 | c7c1 2001 | 0000 4c8b | 1c08 4d8d 
  0x0000027780540e30: 5b01 4c89 | 1c08 0f85 | 0f00 0000 

  0x0000027780540e3c: ;   {oop(nullptr)}
  0x0000027780540e3c: 48bb 0000 | 0000 0000 | 0000 e9a2 

  0x0000027780540e48: ;   {metadata(method data for {method} {0x000002778f468e60} 'getClassLoader' '()Ljava/lang/ClassLoader;' in 'java/lang/Class')}
  0x0000027780540e48: 0000 0048 | b860 bf02 | f777 0200 | 0048 8380 | 3001 0000 

  0x0000027780540e5c: ;   {metadata(method data for {method} {0x000002778f01b1d0} 'getSecurityManager' '()Ljava/lang/SecurityManager;' in 'java/lang/System')}
  0x0000027780540e5c: 0148 b820 | c102 f777 | 0200 008b | 88cc 0000 | 0083 c102 | 8988 cc00 | 0000 81e1 | feff 1f00 
  0x0000027780540e7c: 85c9 0f84 | d106 0000 

  0x0000027780540e84: ;   {metadata(method data for {method} {0x000002778f01b1d0} 'getSecurityManager' '()Ljava/lang/SecurityManager;' in 'java/lang/System')}
  0x0000027780540e84: 48b8 20c1 | 02f7 7702 | 0000 4883 | 8010 0100 

  0x0000027780540e94: ;   {metadata(method data for {method} {0x000002778f01b2e8} 'allowSecurityManager' '()Z' in 'java/lang/System')}
  0x0000027780540e94: 0001 48b8 | 98c2 02f7 | 7702 0000 | 8b88 cc00 | 0000 83c1 | 0289 88cc | 0000 0081 | e1fe ff1f 
  0x0000027780540eb4: 0085 c90f | 84b9 0600 

  0x0000027780540ebc: ;   {metadata(method data for {method} {0x000002778f01b2e8} 'allowSecurityManager' '()Z' in 'java/lang/System')}
  0x0000027780540ebc: 0048 b898 | c202 f777 | 0200 00ff | 8010 0100 

  0x0000027780540ecc: ;   {metadata(method data for {method} {0x000002778f01b1d0} 'getSecurityManager' '()Ljava/lang/SecurityManager;' in 'java/lang/System')}
  0x0000027780540ecc: 0048 b820 | c102 f777 | 0200 00ff | 8020 0100 

  0x0000027780540edc: ;   {metadata(method data for {method} {0x000002778f468e60} 'getClassLoader' '()Ljava/lang/ClassLoader;' in 'java/lang/Class')}
  0x0000027780540edc: 0048 b860 | bf02 f777 | 0200 00ff | 8040 0100 | 0048 85db 

  0x0000027780540ef0: ;   {metadata(method data for {method} {0x000002778f1eae68} 'defineClass' '(ZLjava/lang/Object;)Ljava/lang/Class;' in 'java/lang/invoke/MethodHandles$Lookup$ClassDefiner')}
  0x0000027780540ef0: 48b8 6054 | 9ef7 7702 | 0000 48c7 | c180 0100 | 0074 0748 | c7c1 9001 | 0000 4c8b | 1c08 4d8d 
  0x0000027780540f10: 5b01 4c89 | 1c08 0f84 | 4b02 0000 

  0x0000027780540f1c: ;   {metadata(method data for {method} {0x000002778f1eae68} 'defineClass' '(ZLjava/lang/Object;)Ljava/lang/Class;' in 'java/lang/invoke/MethodHandles$Lookup$ClassDefiner')}
  0x0000027780540f1c: 488b c648 | b960 549e | f777 0200 | 0048 8381 | a001 0000 

  0x0000027780540f30: ;   {metadata(method data for {method} {0x000002778f3e0578} 'lookupClassProtectionDomain' '()Ljava/security/ProtectionDomain;' in 'java/lang/invoke/MethodHandles$Lookup')}
  0x0000027780540f30: 0148 b898 | 5a9e f777 | 0200 008b | 88cc 0000 | 0083 c102 | 8988 cc00 | 0000 81e1 | feff 1f00 
  0x0000027780540f50: 85c9 0f84 | 3f06 0000 | 8b46 1848 

  0x0000027780540f5c: ;   {metadata(method data for {method} {0x000002778f3e0578} 'lookupClassProtectionDomain' '()Ljava/security/ProtectionDomain;' in 'java/lang/invoke/MethodHandles$Lookup')}
  0x0000027780540f5c: 85c0 48b9 | 985a 9ef7 | 7702 0000 | 49c7 c310 | 0100 0075 | 0749 c7c3 | 2001 0000 | 4e8b 2c19 
  0x0000027780540f7c: 4d8d 6d01 | 4e89 2c19 | 4889 9c24 | a000 0000 | 0f85 bf01 

  0x0000027780540f90: ;   {metadata(method data for {method} {0x000002778f3e0578} 'lookupClassProtectionDomain' '()Ljava/security/ProtectionDomain;' in 'java/lang/invoke/MethodHandles$Lookup')}
  0x0000027780540f90: 0000 48b8 | 985a 9ef7 | 7702 0000 | 4883 8030 | 0100 0001 

  0x0000027780540fa4: ;   {metadata(method data for {method} {0x000002778f473b88} 'getJavaLangAccess' '()Ljdk/internal/access/JavaLangAccess;' in 'jdk/internal/access/SharedSecrets')}
  0x0000027780540fa4: 48b8 f803 | 19f7 7702 | 0000 8b88 | cc00 0000 | 83c1 0289 | 88cc 0000 | 0081 e1fe | ff1f 0085 
  0x0000027780540fc4: c90f 84ed 

  0x0000027780540fc8: ;   {oop(a 'java/lang/Class'{0x00000000e081c0f8} = 'jdk/internal/access/SharedSecrets')}
  0x0000027780540fc8: 0500 0048 | b8f8 c081 | e000 0000 | 008b 407c | 8b4e 1048 | 85c0 0f84 | 2a00 0000 

  0x0000027780540fe4: ;   {metadata('java/lang/System$2')}
  0x0000027780540fe4: 48be 6082 | 018f 7702 | 0000 448b | 7008 49ba | 0000 008f | 7702 0000 | 4d03 f249 | 3b76 380f 
  0x0000027780541004: 85d0 0500 | 00e9 0000 | 0000 4c8b | d848 3b00 

  0x0000027780541014: ;   {metadata(method data for {method} {0x000002778f3e0578} 'lookupClassProtectionDomain' '()Ljava/security/ProtectionDomain;' in 'java/lang/invoke/MethodHandles$Lookup')}
  0x0000027780541014: 48be 985a | 9ef7 7702 

  0x000002778054101c: ;   {metadata('java/lang/System$2')}
  0x000002778054101c: 0000 49ba | 6082 018f | 7702 0000 | 4c89 9650 | 0100 0048 | 8386 5801 

  0x0000027780541034: ;   {metadata(method data for {method} {0x000002778f0192c8} 'protectionDomain' '(Ljava/lang/Class;)Ljava/security/ProtectionDomain;' in 'java/lang/System$2')}
  0x0000027780541034: 0000 0148 | be50 5c9e | f777 0200 | 008b 86cc | 0000 0083 | c002 8986 | cc00 0000 | 25fe ff1f 
  0x0000027780541054: 0085 c00f | 8486 0500 | 0048 3b01 

  0x0000027780541060: ;   {metadata(method data for {method} {0x000002778f0192c8} 'protectionDomain' '(Ljava/lang/Class;)Ljava/security/ProtectionDomain;' in 'java/lang/System$2')}
  0x0000027780541060: 488b f148 | b850 5c9e | f777 0200 | 0048 8380 | 1001 0000 

  0x0000027780541074: ;   {metadata(method data for {method} {0x000002778f467bb8} 'protectionDomain' '()Ljava/security/ProtectionDomain;' in 'java/lang/Class')}
  0x0000027780541074: 0148 bee0 | 5d9e f777 | 0200 008b | 86cc 0000 | 0083 c002 | 8986 cc00 | 0000 25fe | ff1f 0085 
  0x0000027780541094: c00f 846e | 0500 0048 

  0x000002778054109c: ;   {metadata(method data for {method} {0x000002778f467bb8} 'protectionDomain' '()Ljava/security/ProtectionDomain;' in 'java/lang/Class')}
  0x000002778054109c: 8bf1 48b8 | e05d 9ef7 | 7702 0000 | 4883 8010 | 0100 0001 | 488b d10f 

  0x00000277805410b4: ;   {optimized virtual_call}
  0x00000277805410b4: 1f40 00e8 

  0x00000277805410b8: ; ImmutableOopMap {[144]=Oop [152]=Oop [160]=Oop [168]=Oop [184]=Oop }
                      ;*invokevirtual getProtectionDomain0 {reexecute=0 rethrow=0 return_oop=0}
                      ; - java.lang.Class::protectionDomain@1
                      ; - java.lang.System$2::protectionDomain@1
                      ; - java.lang.invoke.MethodHandles$Lookup::lookupClassProtectionDomain@17
                      ; - java.lang.invoke.MethodHandles$Lookup$ClassDefiner::defineClass@23
  0x00000277805410b8: a415 6f07 

  0x00000277805410bc: ;   {other}
  0x00000277805410bc: 0f1f 8400 | 2c06 0000 

  0x00000277805410c4: ;   {metadata(method data for {method} {0x000002778f467bb8} 'protectionDomain' '()Ljava/security/ProtectionDomain;' in 'java/lang/Class')}
  0x00000277805410c4: 4885 c049 | b8e0 5d9e | f777 0200 | 0049 c7c1 | 4801 0000 | 7507 49c7 | c158 0100 | 004b 8b3c 
  0x00000277805410e4: 0848 8d7f | 014b 893c | 080f 8521 | 0000 000f | 1f44 0000 

  0x00000277805410f8: ;   {no_reloc}
  0x00000277805410f8: e9a5 0500 | 0000 0000 | 0000 660f | 1f44 0000 

  0x0000027780541108: ; implicit exception: dispatches to 0x00000277805416ac
  0x0000027780541108: e9b0 0500 | 0090 90e9 | 0300 0000 | 4c8b c048 | 8bb4 2490 | 0000 0045 | 0fbe 4f40 | 4585 c90f 
  0x0000027780541128: 859a 0500 | 004d 8bd0 | 4489 5618 | f083 4424 | c000 4c8b | ce4d 33c8 | 49c1 e914 | 4983 f900 
  0x0000027780541148: 0f85 9505 | 0000 498b 

  0x0000027780541150: ;   {metadata(method data for {method} {0x000002778f1eae68} 'defineClass' '(ZLjava/lang/Object;)Ljava/lang/Class;' in 'java/lang/invoke/MethodHandles$Lookup$ClassDefiner')}
  0x0000027780541150: c049 b860 | 549e f777 | 0200 0041 | ff80 d801 | 0000 e912 | 0000 0048 | 899c 24a0 

  0x000002778054116c: ;   {oop(nullptr)}
  0x000002778054116c: 0000 0048 | b800 0000 | 0000 0000 | 0048 8b9c | 24a0 0000 | 0048 8bbc | 24a8 0000 | 0048 8b94 
  0x000002778054118c: 2498 0000 

  0x0000027780541190: ;   {metadata(method data for {method} {0x000002778f1eae68} 'defineClass' '(ZLjava/lang/Object;)Ljava/lang/Class;' in 'java/lang/invoke/MethodHandles$Lookup$ClassDefiner')}
  0x0000027780541190: 0049 b860 | 549e f777 | 0200 0049 | 8380 f001 

  0x00000277805411a0: ;   {metadata(method data for {method} {0x000002778f473b88} 'getJavaLangAccess' '()Ljdk/internal/access/JavaLangAccess;' in 'jdk/internal/access/SharedSecrets')}
  0x00000277805411a0: 0000 0149 | b8f8 0319 | f777 0200 | 0045 8b88 | cc00 0000 | 4183 c102 | 4589 88cc | 0000 0041 
  0x00000277805411c0: 81e1 feff | 1f00 4585 | c90f 842c 

  0x00000277805411cc: ;   {oop(a 'java/lang/Class'{0x00000000e081c0f8} = 'jdk/internal/access/SharedSecrets')}
  0x00000277805411cc: 0500 0049 | b8f8 c081 | e000 0000 | 0045 8b70 | 7c8b 7214 | 8b4a 1844 | 8b4a 0c4d | 85f6 0f84 
  0x00000277805411ec: 2a00 0000 

  0x00000277805411f0: ;   {metadata('java/lang/System$2')}
  0x00000277805411f0: 49bb 6082 | 018f 7702 | 0000 458b | 6e08 49ba | 0000 008f | 7702 0000 | 4d03 ea4d | 3b5d 380f 
  0x0000027780541210: 8507 0500 | 00e9 0000 | 0000 4d8b | c649 3b06 

  0x0000027780541220: ;   {metadata(method data for {method} {0x000002778f1eae68} 'defineClass' '(ZLjava/lang/Object;)Ljava/lang/Class;' in 'java/lang/invoke/MethodHandles$Lookup$ClassDefiner')}
  0x0000027780541220: 4d8b c648 | ba60 549e | f777 0200 

  0x000002778054122c: ;   {metadata('java/lang/System$2')}
  0x000002778054122c: 0049 ba60 | 8201 8f77 | 0200 004c | 8992 1002 | 0000 4883 | 8218 0200 | 0001 4c8b | c349 8bd1 
  0x000002778054124c: 4c8b cf48 | 8bfe 488b | f148 8bc8 | 8b84 24b0 | 0000 0089 | 0424 8954 | 2408 488b | 9424 b800 
  0x000002778054126c: 0000 4889 | 5424 1049 

  0x0000027780541274: ;   {optimized virtual_call}
  0x0000027780541274: 8bd6 90e8 

  0x0000027780541278: ; ImmutableOopMap {[152]=Oop [168]=Oop }
                      ;*invokeinterface defineClass {reexecute=0 rethrow=0 return_oop=0}
                      ; - java.lang.invoke.MethodHandles$Lookup$ClassDefiner::defineClass@57
  0x0000027780541278: 640c 0000 

  0x000002778054127c: ;   {other}
  0x000002778054127c: 0f1f 8400 | ec07 0001 

  0x0000027780541284: ;   {metadata(method data for {method} {0x000002778f1eae68} 'defineClass' '(ZLjava/lang/Object;)Ljava/lang/Class;' in 'java/lang/invoke/MethodHandles$Lookup$ClassDefiner')}
  0x0000027780541284: 49b8 6054 | 9ef7 7702 | 0000 41ff | 8038 0200 | 0048 8b94 | 2498 0000 | 008b 721c 

  0x00000277805412a0: ; implicit exception: dispatches to 0x0000027780541726
  0x00000277805412a0: 483b 064c 

  0x00000277805412a4: ;   {metadata(method data for {method} {0x000002778f1eae68} 'defineClass' '(ZLjava/lang/Object;)Ljava/lang/Class;' in 'java/lang/invoke/MethodHandles$Lookup$ClassDefiner')}
  0x00000277805412a4: 8bc6 49b9 | 6054 9ef7 | 7702 0000 | 4983 8150 | 0300 0001 | 440f be46 | 0c41 83e0 | 0145 85c0 
  0x00000277805412c4: ;   {metadata(method data for {method} {0x000002778f1eae68} 'defineClass' '(ZLjava/lang/Object;)Ljava/lang/Class;' in 'java/lang/invoke/MethodHandles$Lookup$ClassDefiner')}
  0x00000277805412c4: 49b8 6054 | 9ef7 7702 | 0000 49c7 | c188 0300 | 0074 0749 | c7c1 9803 | 0000 4b8b | 3c08 488d 
  0x00000277805412e4: 7f01 4b89 | 3c08 0f84 | c401 0000 

  0x00000277805412f0: ;   {metadata(method data for {method} {0x000002778f1eae68} 'defineClass' '(ZLjava/lang/Object;)Ljava/lang/Class;' in 'java/lang/invoke/MethodHandles$Lookup$ClassDefiner')}
  0x00000277805412f0: 4c8b c249 | b960 549e | f777 0200 

  0x00000277805412fc: ;   {metadata('java/lang/invoke/MethodHandles$Lookup$ClassDefiner')}
  0x00000277805412fc: 0049 ba28 | ac1e 8f77 | 0200 004d | 8991 b803 | 0000 4983 | 81c0 0300 | 0001 8b7a | 1448 85c0 
  0x000002778054131c: ;   {metadata(method data for {method} {0x000002778f1eae68} 'defineClass' '(ZLjava/lang/Object;)Ljava/lang/Class;' in 'java/lang/invoke/MethodHandles$Lookup$ClassDefiner')}
  0x000002778054131c: 49b8 6054 | 9ef7 7702 | 0000 49c7 | c1e0 0300 | 0074 0749 | c7c1 f003 | 0000 4b8b | 1c08 488d 
  0x000002778054133c: 5b01 4b89 | 1c08 0f84 | 2b01 0000 | e9bd 0000 | 0048 8b94 | 2498 0000 | 0049 8b87 | 0005 0000 
  0x000002778054135c: 4d33 d24d | 8997 0005 | 0000 4d33 | d24d 8997 | 0805 0000 | 8b72 1c48 | 3b06 4c8b 

  0x0000027780541378: ;   {metadata(method data for {method} {0x000002778f1eae68} 'defineClass' '(ZLjava/lang/Object;)Ljava/lang/Class;' in 'java/lang/invoke/MethodHandles$Lookup$ClassDefiner')}
  0x0000027780541378: c649 b960 | 549e f777 | 0200 0049 | 8381 8804 | 0000 0144 | 0fbe 460c | 4183 e001 

  0x0000027780541394: ;   {metadata(method data for {method} {0x000002778f1eae68} 'defineClass' '(ZLjava/lang/Object;)Ljava/lang/Class;' in 'java/lang/invoke/MethodHandles$Lookup$ClassDefiner')}
  0x0000027780541394: 4585 c049 | b860 549e | f777 0200 | 0049 c7c1 | c004 0000 | 7407 49c7 | c1d0 0400 | 004b 8b3c 
  0x00000277805413b4: 0848 8d7f | 014b 893c | 080f 8441 | 0100 004c 

  0x00000277805413c4: ;   {metadata(method data for {method} {0x000002778f1eae68} 'defineClass' '(ZLjava/lang/Object;)Ljava/lang/Class;' in 'java/lang/invoke/MethodHandles$Lookup$ClassDefiner')}
  0x00000277805413c4: 8bc2 49b9 | 6054 9ef7 | 7702 0000 

  0x00000277805413d0: ;   {metadata('java/lang/invoke/MethodHandles$Lookup$ClassDefiner')}
  0x00000277805413d0: 49ba 28ac | 1e8f 7702 | 0000 4d89 | 91f0 0400 | 0049 8381 | f804 0000 | 018b 7a14 

  0x00000277805413ec: ;   {metadata(method data for {method} {0x000002778f1eae68} 'defineClass' '(ZLjava/lang/Object;)Ljava/lang/Class;' in 'java/lang/invoke/MethodHandles$Lookup$ClassDefiner')}
  0x00000277805413ec: 49b8 6054 | 9ef7 7702 | 0000 41ff | 8018 0500 | 0048 8984 | 24c8 0000 | 00e9 c000 | 0000 8b52 
  0x000002778054140c: 184c 8bc6 

  0x0000027780541410: ;   {metadata(method data for {method} {0x000002778f1eae68} 'defineClass' '(ZLjava/lang/Object;)Ljava/lang/Class;' in 'java/lang/invoke/MethodHandles$Lookup$ClassDefiner')}
  0x0000027780541410: 49b9 6054 | 9ef7 7702 | 0000 4983 | 8100 0400 | 0001 4c8b | c74c 8bc8 | 488b fa48 | 8bd6 4889 
  0x0000027780541430: 8424 c000 

  0x0000027780541434: ;   {optimized virtual_call}
  0x0000027780541434: 0000 90e8 

  0x0000027780541438: ; ImmutableOopMap {[192]=Oop }
                      ;*invokevirtual dumpClass {reexecute=0 rethrow=0 return_oop=0}
                      ; - java.lang.invoke.MethodHandles$Lookup$ClassDefiner::defineClass@134
  0x0000027780541438: 44d6 0307 

  0x000002778054143c: ;   {other}
  0x000002778054143c: 0f1f 8400 | ac09 0002 

  0x0000027780541444: ;   {metadata(method data for {method} {0x000002778f1eae68} 'defineClass' '(ZLjava/lang/Object;)Ljava/lang/Class;' in 'java/lang/invoke/MethodHandles$Lookup$ClassDefiner')}
  0x0000027780541444: 49b8 6054 | 9ef7 7702 | 0000 41ff | 8038 0400 | 0048 8b84 | 24c0 0000 | 0048 81c4 | e000 0000 
  0x0000027780541464: ;   {poll_return}
  0x0000027780541464: 5d49 3ba7 | 5004 0000 | 0f87 be02 | 0000 c348 | 8984 24c0 | 0000 0044 | 8b4a 184c 

  0x0000027780541480: ;   {metadata(method data for {method} {0x000002778f1eae68} 'defineClass' '(ZLjava/lang/Object;)Ljava/lang/Class;' in 'java/lang/invoke/MethodHandles$Lookup$ClassDefiner')}
  0x0000027780541480: 8bc6 48ba | 6054 9ef7 | 7702 0000 | 4883 8250 | 0400 0001 | 4c8b c748 | 8bd6 0f1f 

  0x000002778054149c: ;   {optimized virtual_call}
  0x000002778054149c: 4400 00e8 

  0x00000277805414a0: ; ImmutableOopMap {[192]=Oop }
                      ;*invokevirtual dumpFailedClass {reexecute=0 rethrow=0 return_oop=0}
                      ; - java.lang.invoke.MethodHandles$Lookup$ClassDefiner::defineClass@150
  0x00000277805414a0: dcd5 0307 

  0x00000277805414a4: ;   {other}
  0x00000277805414a4: 0f1f 8400 | 140a 0003 | 488b 8424 | c000 0000 | 4881 c4e0 | 0000 005d 

  0x00000277805414bc: ;   {poll_return}
  0x00000277805414bc: 493b a750 | 0400 000f | 877d 0200 | 00c3 448b | 4a18 4c8b 

  0x00000277805414d0: ;   {metadata(method data for {method} {0x000002778f1eae68} 'defineClass' '(ZLjava/lang/Object;)Ljava/lang/Class;' in 'java/lang/invoke/MethodHandles$Lookup$ClassDefiner')}
  0x00000277805414d0: c648 ba60 | 549e f777 | 0200 0048 | 8382 8805 | 0000 014c | 8bc7 488b | d666 0f1f 

  0x00000277805414ec: ;   {optimized virtual_call}
  0x00000277805414ec: 4400 00e8 

  0x00000277805414f0: ; ImmutableOopMap {[200]=Oop }
                      ;*invokevirtual dumpFailedClass {reexecute=0 rethrow=0 return_oop=0}
                      ; - java.lang.invoke.MethodHandles$Lookup$ClassDefiner::defineClass@207
  0x00000277805414f0: 8cd5 0307 

  0x00000277805414f4: ;   {other}
  0x00000277805414f4: 0f1f 8400 | 640a 0004 | 488b 8424 | c800 0000 | e970 0200 

  0x0000027780541508: ;   {metadata({method} {0x000002778f1eae68} 'defineClass' '(ZLjava/lang/Object;)Ljava/lang/Class;' in 'java/lang/invoke/MethodHandles$Lookup$ClassDefiner')}
  0x0000027780541508: 0049 ba60 | ae1e 8f77 | 0200 004c | 8954 2408 | 48c7 0424 | ffff ffff 

  0x0000027780541520: ;   {runtime_call counter_overflow Runtime1 stub}
  0x0000027780541520: e8db 3d10 

  0x0000027780541524: ; ImmutableOopMap {rdx=Oop r9=Oop [152]=Oop [184]=Oop }
                      ;*synchronization entry
                      ; - java.lang.invoke.MethodHandles$Lookup$ClassDefiner::defineClass@-1
  0x0000027780541524: 07e9 74f8 

  0x0000027780541528: ;   {runtime_call throw_null_pointer_exception Runtime1 stub}
  0x0000027780541528: ffff e8d1 

  0x000002778054152c: ; ImmutableOopMap {rdx=Oop r9=Oop rsi=Oop [144]=Oop [152]=Oop [184]=Oop }
                      ;*invokevirtual lookupClass {reexecute=0 rethrow=0 return_oop=0}
                      ; - java.lang.invoke.MethodHandles$Lookup$ClassDefiner::defineClass@4
                      ;   {runtime_call throw_null_pointer_exception Runtime1 stub}
  0x000002778054152c: ec0f 07e8 

  0x0000027780541530: ; ImmutableOopMap {rdx=Oop r9=Oop rsi=Oop rdi=Oop [144]=Oop [152]=Oop [168]=Oop [184]=Oop }
                      ;*invokevirtual getClassLoader {reexecute=0 rethrow=0 return_oop=0}
                      ; - java.lang.invoke.MethodHandles$Lookup$ClassDefiner::defineClass@9
  0x0000027780541530: ccec 0f07 

  0x0000027780541534: ;   {metadata({method} {0x000002778f468e60} 'getClassLoader' '()Ljava/lang/ClassLoader;' in 'java/lang/Class')}
  0x0000027780541534: 49ba 588e | 468f 7702 | 0000 4c89 | 5424 0848 | c704 24ff 

  0x0000027780541548: ;   {runtime_call counter_overflow Runtime1 stub}
  0x0000027780541548: ffff ffe8 

  0x000002778054154c: ; ImmutableOopMap {rdx=Oop r9=Oop rsi=Oop rdi=Oop [144]=Oop [152]=Oop [168]=Oop [184]=Oop }
                      ;*synchronization entry
                      ; - java.lang.Class::getClassLoader@-1
                      ; - java.lang.invoke.MethodHandles$Lookup$ClassDefiner::defineClass@9
  0x000002778054154c: b03d 1007 | e9b5 f8ff 

  0x0000027780541554: ;   {metadata({method} {0x000002778f01b1d0} 'getSecurityManager' '()Ljava/lang/SecurityManager;' in 'java/lang/System')}
  0x0000027780541554: ff49 bac8 | b101 8f77 | 0200 004c | 8954 2408 | 48c7 0424 | ffff ffff 

  0x000002778054156c: ;   {runtime_call counter_overflow Runtime1 stub}
  0x000002778054156c: e88f 3d10 

  0x0000027780541570: ; ImmutableOopMap {rdx=Oop r9=Oop rsi=Oop rdi=Oop rbx=Oop [144]=Oop [152]=Oop [168]=Oop [184]=Oop }
                      ;*synchronization entry
                      ; - java.lang.System::getSecurityManager@-1
                      ; - java.lang.Class::getClassLoader@11
                      ; - java.lang.invoke.MethodHandles$Lookup$ClassDefiner::defineClass@9
  0x0000027780541570: 07e9 0ef9 

  0x0000027780541574: ;   {metadata({method} {0x000002778f01b2e8} 'allowSecurityManager' '()Z' in 'java/lang/System')}
  0x0000027780541574: ffff 49ba | e0b2 018f | 7702 0000 | 4c89 5424 | 0848 c704 | 24ff ffff 

  0x000002778054158c: ;   {runtime_call counter_overflow Runtime1 stub}
  0x000002778054158c: ffe8 6e3d 

  0x0000027780541590: ; ImmutableOopMap {rdx=Oop r9=Oop rsi=Oop rdi=Oop rbx=Oop [144]=Oop [152]=Oop [168]=Oop [184]=Oop }
                      ;*synchronization entry
                      ; - java.lang.System::allowSecurityManager@-1
                      ; - java.lang.System::getSecurityManager@0
                      ; - java.lang.Class::getClassLoader@11
                      ; - java.lang.invoke.MethodHandles$Lookup$ClassDefiner::defineClass@9
  0x0000027780541590: 1007 e926 

  0x0000027780541594: ;   {metadata({method} {0x000002778f3e0578} 'lookupClassProtectionDomain' '()Ljava/security/ProtectionDomain;' in 'java/lang/invoke/MethodHandles$Lookup')}
  0x0000027780541594: f9ff ff49 | ba70 053e | 8f77 0200 | 004c 8954 | 2408 48c7 | 0424 ffff 

  0x00000277805415ac: ;   {runtime_call counter_overflow Runtime1 stub}
  0x00000277805415ac: ffff e84d 

  0x00000277805415b0: ; ImmutableOopMap {rdx=Oop r9=Oop rsi=Oop rdi=Oop rbx=Oop [144]=Oop [152]=Oop [168]=Oop [184]=Oop }
                      ;*synchronization entry
                      ; - java.lang.invoke.MethodHandles$Lookup::lookupClassProtectionDomain@-1
                      ; - java.lang.invoke.MethodHandles$Lookup$ClassDefiner::defineClass@23
  0x00000277805415b0: 3d10 07e9 | a0f9 ffff 

  0x00000277805415b8: ;   {metadata({method} {0x000002778f473b88} 'getJavaLangAccess' '()Ljdk/internal/access/JavaLangAccess;' in 'jdk/internal/access/SharedSecrets')}
  0x00000277805415b8: 49ba 803b | 478f 7702 | 0000 4c89 | 5424 0848 | c704 24ff 

  0x00000277805415cc: ;   {runtime_call counter_overflow Runtime1 stub}
  0x00000277805415cc: ffff ffe8 

  0x00000277805415d0: ; ImmutableOopMap {rsi=Oop [144]=Oop [152]=Oop [160]=Oop [168]=Oop [184]=Oop }
                      ;*synchronization entry
                      ; - jdk.internal.access.SharedSecrets::getJavaLangAccess@-1
                      ; - java.lang.invoke.MethodHandles$Lookup::lookupClassProtectionDomain@10
                      ; - java.lang.invoke.MethodHandles$Lookup$ClassDefiner::defineClass@23
  0x00000277805415d0: 2c3d 1007 | e9f2 f9ff 

  0x00000277805415d8: ;   {runtime_call throw_incompatible_class_change_error Runtime1 stub}
  0x00000277805415d8: ffe8 2213 

  0x00000277805415dc: ; ImmutableOopMap {rax=Oop rcx=Oop [144]=Oop [152]=Oop [160]=Oop [168]=Oop [184]=Oop }
                      ;*invokeinterface protectionDomain {reexecute=0 rethrow=0 return_oop=0}
                      ; - java.lang.invoke.MethodHandles$Lookup::lookupClassProtectionDomain@17
                      ; - java.lang.invoke.MethodHandles$Lookup$ClassDefiner::defineClass@23
                      ;   {runtime_call throw_null_pointer_exception Runtime1 stub}
  0x00000277805415dc: 1007 e81d 

  0x00000277805415e0: ; ImmutableOopMap {rax=Oop rcx=Oop [144]=Oop [152]=Oop [160]=Oop [168]=Oop [184]=Oop }
                      ;*invokeinterface protectionDomain {reexecute=0 rethrow=0 return_oop=0}
                      ; - java.lang.invoke.MethodHandles$Lookup::lookupClassProtectionDomain@17
                      ; - java.lang.invoke.MethodHandles$Lookup$ClassDefiner::defineClass@23
                      ;   {metadata({method} {0x000002778f0192c8} 'protectionDomain' '(Ljava/lang/Class;)Ljava/security/ProtectionDomain;' in 'java/lang/System$2')}
  0x00000277805415e0: ec0f 0749 | bac0 9201 | 8f77 0200 | 004c 8954 | 2408 48c7 | 0424 ffff 

  0x00000277805415f8: ;   {runtime_call counter_overflow Runtime1 stub}
  0x00000277805415f8: ffff e801 

  0x00000277805415fc: ; ImmutableOopMap {rcx=Oop [144]=Oop [152]=Oop [160]=Oop [168]=Oop [184]=Oop }
                      ;*synchronization entry
                      ; - java.lang.System$2::protectionDomain@-1
                      ; - java.lang.invoke.MethodHandles$Lookup::lookupClassProtectionDomain@17
                      ; - java.lang.invoke.MethodHandles$Lookup$ClassDefiner::defineClass@23
  0x00000277805415fc: 3d10 07e9 | 59fa ffff 

  0x0000027780541604: ;   {runtime_call throw_null_pointer_exception Runtime1 stub}
  0x0000027780541604: e8f7 eb0f 

  0x0000027780541608: ; ImmutableOopMap {rcx=Oop [144]=Oop [152]=Oop [160]=Oop [168]=Oop [184]=Oop }
                      ;*invokevirtual protectionDomain {reexecute=0 rethrow=0 return_oop=0}
                      ; - java.lang.System$2::protectionDomain@1
                      ; - java.lang.invoke.MethodHandles$Lookup::lookupClassProtectionDomain@17
                      ; - java.lang.invoke.MethodHandles$Lookup$ClassDefiner::defineClass@23
                      ;   {metadata({method} {0x000002778f467bb8} 'protectionDomain' '()Ljava/security/ProtectionDomain;' in 'java/lang/Class')}
  0x0000027780541608: 0749 bab0 | 7b46 8f77 | 0200 004c | 8954 2408 | 48c7 0424 | ffff ffff 

  0x0000027780541620: ;   {runtime_call counter_overflow Runtime1 stub}
  0x0000027780541620: e8db 3c10 

  0x0000027780541624: ; ImmutableOopMap {rcx=Oop [144]=Oop [152]=Oop [160]=Oop [168]=Oop [184]=Oop }
                      ;*synchronization entry
                      ; - java.lang.Class::protectionDomain@-1
                      ; - java.lang.System$2::protectionDomain@1
                      ; - java.lang.invoke.MethodHandles$Lookup::lookupClassProtectionDomain@17
                      ; - java.lang.invoke.MethodHandles$Lookup$ClassDefiner::defineClass@23
  0x0000027780541624: 07e9 71fa 

  0x0000027780541628: ;   {oop(nullptr)}
  0x0000027780541628: ffff 49b8 | 0000 0000 | 0000 0000 | 5053 498b | 5810 5756 | 5251 4150 | 4151 4152 | 4153 4883 
  0x0000027780541648: ec20 40f6 | c40f 0f84 | 1900 0000 | 4883 ec08 

  0x0000027780541658: ;   {runtime_call}
  0x0000027780541658: 48b8 a0a0 | b750 f97f | 0000 ffd0 | 4883 c408 | e90c 0000 

  0x000002778054166c: ;   {runtime_call}
  0x000002778054166c: 0048 b8a0 | a0b7 50f9 | 7f00 00ff | d048 83c4 | 2041 5b41 | 5a41 5941 | 5859 5a5e | 5f48 3b83 
  0x000002778054168c: 3801 0000 | 5b58 0f85 | 0a00 0000 | e965 faff | ffb8 0078 

  0x00000277805416a0: ;   {runtime_call load_mirror_patching Runtime1 stub}
  0x00000277805416a0: 6e0a e859 

  0x00000277805416a4: ; ImmutableOopMap {[144]=Oop [152]=Oop [160]=Oop [168]=Oop [184]=Oop }
                      ;*getstatic allPermDomain {reexecute=1 rethrow=0 return_oop=0}
                      ; - (reexecute) java.lang.Class::protectionDomain@9
                      ; - java.lang.System$2::protectionDomain@1
                      ; - java.lang.invoke.MethodHandles$Lookup::lookupClassProtectionDomain@17
                      ; - java.lang.invoke.MethodHandles$Lookup$ClassDefiner::defineClass@23
  0x00000277805416a4: 3010 07e9 | 4cfa ffff 

  0x00000277805416ac: ;   {runtime_call throw_null_pointer_exception Runtime1 stub}
  0x00000277805416ac: e84f eb0f 

  0x00000277805416b0: ; ImmutableOopMap {r8=Oop [144]=Oop [152]=Oop [160]=Oop [168]=Oop [184]=Oop }
                      ;*getstatic allPermDomain {reexecute=1 rethrow=0 return_oop=0}
                      ; - (reexecute) java.lang.Class::protectionDomain@9
                      ; - java.lang.System$2::protectionDomain@1
                      ; - java.lang.invoke.MethodHandles$Lookup::lookupClassProtectionDomain@17
                      ; - java.lang.invoke.MethodHandles$Lookup$ClassDefiner::defineClass@23
  0x00000277805416b0: 0745 8b80 | 0000 0000 | b800 0c05 

  0x00000277805416bc: ;   {runtime_call access_field_patching Runtime1 stub}
  0x00000277805416bc: 07e8 3e27 

  0x00000277805416c0: ; ImmutableOopMap {r8=Oop [144]=Oop [152]=Oop [160]=Oop [168]=Oop [184]=Oop }
                      ;*getstatic allPermDomain {reexecute=1 rethrow=0 return_oop=0}
                      ; - (reexecute) java.lang.Class::protectionDomain@9
                      ; - java.lang.System$2::protectionDomain@1
                      ; - java.lang.invoke.MethodHandles$Lookup::lookupClassProtectionDomain@17
                      ; - java.lang.invoke.MethodHandles$Lookup$ClassDefiner::defineClass@23
  0x00000277805416c0: 1007 e941 | faff ff44 | 8b4e 1849 | 83f9 000f | 8458 faff | ff4c 890c 

  0x00000277805416d8: ;   {runtime_call g1_pre_barrier_slow}
  0x00000277805416d8: 24e8 2242 | 1007 e94a | faff ff49 | 83f8 000f | 8461 faff | ff48 8934 

  0x00000277805416f0: ;   {runtime_call g1_post_barrier_slow}
  0x00000277805416f0: 24e8 0a45 | 1007 e953 

  0x00000277805416f8: ;   {metadata({method} {0x000002778f473b88} 'getJavaLangAccess' '()Ljdk/internal/access/JavaLangAccess;' in 'jdk/internal/access/SharedSecrets')}
  0x00000277805416f8: faff ff49 | ba80 3b47 | 8f77 0200 | 004c 8954 | 2408 48c7 | 0424 ffff 

  0x0000027780541710: ;   {runtime_call counter_overflow Runtime1 stub}
  0x0000027780541710: ffff e8e9 

  0x0000027780541714: ; ImmutableOopMap {rax=Oop rdi=Oop rbx=Oop rdx=Oop [152]=Oop [168]=Oop [184]=Oop }
                      ;*synchronization entry
                      ; - jdk.internal.access.SharedSecrets::getJavaLangAccess@-1
                      ; - java.lang.invoke.MethodHandles$Lookup$ClassDefiner::defineClass@35
  0x0000027780541714: 3b10 07e9 | b3fa ffff 

  0x000002778054171c: ;   {runtime_call throw_incompatible_class_change_error Runtime1 stub}
  0x000002778054171c: e8df 1110 

  0x0000027780541720: ; ImmutableOopMap {rax=Oop rdi=Oop rbx=Oop r14=Oop rsi=Oop rcx=Oop [152]=Oop [168]=Oop [184]=Oop }
                      ;*invokeinterface defineClass {reexecute=0 rethrow=0 return_oop=0}
                      ; - java.lang.invoke.MethodHandles$Lookup$ClassDefiner::defineClass@57
                      ;   {runtime_call throw_null_pointer_exception Runtime1 stub}
  0x0000027780541720: 07e8 daea 

  0x0000027780541724: ; ImmutableOopMap {rax=Oop rdi=Oop rbx=Oop r14=Oop rsi=Oop rcx=Oop [152]=Oop [168]=Oop [184]=Oop }
                      ;*invokeinterface defineClass {reexecute=0 rethrow=0 return_oop=0}
                      ; - java.lang.invoke.MethodHandles$Lookup$ClassDefiner::defineClass@57
                      ;   {runtime_call throw_null_pointer_exception Runtime1 stub}
  0x0000027780541724: 0f07 e8d5 

  0x0000027780541728: ; ImmutableOopMap {rax=Oop rdx=Oop rsi=Oop [152]=Oop }
                      ;*invokevirtual isEnabled {reexecute=0 rethrow=0 return_oop=0}
                      ; - java.lang.invoke.MethodHandles$Lookup$ClassDefiner::defineClass@105
                      ;   {runtime_call throw_null_pointer_exception Runtime1 stub}
  0x0000027780541728: ea0f 07e8 

  0x000002778054172c: ; ImmutableOopMap {rdx=Oop rax=Oop rsi=Oop [152]=Oop }
                      ;*invokevirtual isEnabled {reexecute=0 rethrow=0 return_oop=0}
                      ; - java.lang.invoke.MethodHandles$Lookup$ClassDefiner::defineClass@162
  0x000002778054172c: d0ea 0f07 

  0x0000027780541730: ;   {internal_word}
  0x0000027780541730: 49ba 6514 | 5480 7702 | 0000 4d89 | 9768 0400 

  0x0000027780541740: ;   {runtime_call SafepointBlob}
  0x0000027780541740: 00e9 3a3d 

  0x0000027780541744: ;   {internal_word}
  0x0000027780541744: 0407 49ba | bc14 5480 | 7702 0000 | 4d89 9768 

  0x0000027780541754: ;   {runtime_call SafepointBlob}
  0x0000027780541754: 0400 00e9 | 243d 0407 | 498b 8700 | 0500 0049 | c787 0005 | 0000 0000 | 0000 49c7 | 8708 0500 
  0x0000027780541774: 0000 0000 | 0048 81c4 | e000 0000 

  0x0000027780541780: ;   {runtime_call unwind_exception Runtime1 stub}
  0x0000027780541780: 5de9 7adb | 0f07 f4f4 
[Stub Code]
  0x0000027780541788: ;   {no_reloc}
  0x0000027780541788: 0f1f 4400 

  0x000002778054178c: ;   {static_stub}
  0x000002778054178c: 0048 bb00 | 0000 0000 

  0x0000027780541794: ;   {runtime_call nmethod}
  0x0000027780541794: 0000 00e9 | fbff ffff 

  0x000002778054179c: ;   {static_stub}
  0x000002778054179c: 48bb 487b | 468f 7702 

  0x00000277805417a4: ;   {runtime_call I2C/C2I adapters}
  0x00000277805417a4: 0000 e9b8 

  0x00000277805417a8: ;   {static_stub}
  0x00000277805417a8: 1c04 0748 | bb00 0000 | 0000 0000 

  0x00000277805417b4: ;   {runtime_call nmethod}
  0x00000277805417b4: 00e9 fbff 

  0x00000277805417b8: ;   {static_stub}
  0x00000277805417b8: ffff 48bb | 0000 0000 | 0000 0000 

  0x00000277805417c4: ;   {runtime_call nmethod}
  0x00000277805417c4: e9fb ffff 

  0x00000277805417c8: ;   {runtime_call handle_exception_from_callee Runtime1 stub}
  0x00000277805417c8: ffe8 3208 

  0x00000277805417cc: ;   {external_word}
  0x00000277805417cc: 1007 48b9 | 5063 5751 | f97f 0000 | 4883 e4f0 

  0x00000277805417dc: ;   {runtime_call}
  0x00000277805417dc: 48b8 c0c9 | 1951 f97f | 0000 ffd0 

  0x00000277805417e8: ;   {section_word}
  0x00000277805417e8: f449 bae9 | 1754 8077 | 0200 0041 

  0x00000277805417f4: ;   {runtime_call DeoptimizationBlob}
  0x00000277805417f4: 52e9 262f | 0407 f4f4 | f4f4 f4f4 
[/MachCode]


---------------  P R O C E S S  ---------------

Threads class SMR info:
_java_thread_list=0x00000277fc986e80, length=30, elements={
0x00000277ed758890, 0x00000277f67b0720, 0x00000277f67b20a0, 0x00000277f67b7940,
0x00000277f67b83a0, 0x00000277f67b8e00, 0x00000277f67b9860, 0x00000277f67ba5f0,
0x00000277f67bb090, 0x00000277f6a44370, 0x00000277f6975a60, 0x00000277fb04f530,
0x00000277fca5dc80, 0x00000277fbf53bf0, 0x00000277fbaf84c0, 0x00000277fcf98cd0,
0x00000277fbee10a0, 0x00000277fbee4730, 0x00000277fba61970, 0x00000277fba60c50,
0x00000277fba62690, 0x00000277fba62d20, 0x00000277fba62000, 0x00000277fba633b0,
0x00000277fba640d0, 0x00000277fd8db5b0, 0x00000277fd8da890, 0x00000277fd8d8130,
0x00000277fd8d94e0, 0x00000277fd8d87c0
}

Java Threads: ( => current thread )
  0x00000277ed758890 JavaThread "main"                              [_thread_blocked, id=58416, stack(0x000000c22c100000,0x000000c22c200000) (1024K)]
  0x00000277f67b0720 JavaThread "Reference Handler"          daemon [_thread_blocked, id=51324, stack(0x000000c22c900000,0x000000c22ca00000) (1024K)]
  0x00000277f67b20a0 JavaThread "Finalizer"                  daemon [_thread_blocked, id=44560, stack(0x000000c22ca00000,0x000000c22cb00000) (1024K)]
  0x00000277f67b7940 JavaThread "Signal Dispatcher"          daemon [_thread_blocked, id=52712, stack(0x000000c22cb00000,0x000000c22cc00000) (1024K)]
  0x00000277f67b83a0 JavaThread "Attach Listener"            daemon [_thread_blocked, id=45860, stack(0x000000c22cc00000,0x000000c22cd00000) (1024K)]
  0x00000277f67b8e00 JavaThread "Service Thread"             daemon [_thread_blocked, id=22832, stack(0x000000c22cd00000,0x000000c22ce00000) (1024K)]
  0x00000277f67b9860 JavaThread "Monitor Deflation Thread"   daemon [_thread_blocked, id=35312, stack(0x000000c22ce00000,0x000000c22cf00000) (1024K)]
  0x00000277f67ba5f0 JavaThread "C2 CompilerThread0"         daemon [_thread_in_native, id=30440, stack(0x000000c22cf00000,0x000000c22d000000) (1024K)]
  0x00000277f67bb090 JavaThread "C1 CompilerThread0"         daemon [_thread_in_vm, id=43200, stack(0x000000c22d000000,0x000000c22d100000) (1024K)]
  0x00000277f6a44370 JavaThread "Common-Cleaner"             daemon [_thread_blocked, id=40804, stack(0x000000c22d100000,0x000000c22d200000) (1024K)]
  0x00000277f6975a60 JavaThread "Notification Thread"        daemon [_thread_blocked, id=55244, stack(0x000000c22d200000,0x000000c22d300000) (1024K)]
  0x00000277fb04f530 JavaThread "Daemon health stats"               [_thread_in_vm, id=60696, stack(0x000000c22d800000,0x000000c22d900000) (1024K)]
  0x00000277fca5dc80 JavaThread "Incoming local TCP Connector on port 56891"        [_thread_in_native, id=64564, stack(0x000000c22d900000,0x000000c22da00000) (1024K)]
  0x00000277fbf53bf0 JavaThread "Daemon periodic checks"            [_thread_blocked, id=64860, stack(0x000000c22da00000,0x000000c22db00000) (1024K)]
  0x00000277fbaf84c0 JavaThread "Daemon"                            [_thread_blocked, id=65360, stack(0x000000c22dc00000,0x000000c22dd00000) (1024K)]
  0x00000277fcf98cd0 JavaThread "Handler for socket connection from /127.0.0.1:56891 to /127.0.0.1:56892"        [_thread_in_native, id=65368, stack(0x000000c22dd00000,0x000000c22de00000) (1024K)]
  0x00000277fbee10a0 JavaThread "Cancel handler"                    [_thread_blocked, id=57928, stack(0x000000c22de00000,0x000000c22df00000) (1024K)]
=>0x00000277fbee4730 JavaThread "Daemon worker"                     [_thread_in_vm, id=45928, stack(0x000000c22df00000,0x000000c22e000000) (1024K)]
  0x00000277fba61970 JavaThread "Asynchronous log dispatcher for DefaultDaemonConnection: socket connection from /127.0.0.1:56891 to /127.0.0.1:56892"        [_thread_blocked, id=26320, stack(0x000000c22e000000,0x000000c22e100000) (1024K)]
  0x00000277fba60c50 JavaThread "Stdin handler"                     [_thread_blocked, id=57116, stack(0x000000c22e100000,0x000000c22e200000) (1024K)]
  0x00000277fba62690 JavaThread "Daemon client event forwarder"        [_thread_blocked, id=46268, stack(0x000000c22e200000,0x000000c22e300000) (1024K)]
  0x00000277fba62d20 JavaThread "Cache worker for journal cache (C:\Users\harry\.gradle\caches\journal-1)"        [_thread_blocked, id=56800, stack(0x000000c22e300000,0x000000c22e400000) (1024K)]
  0x00000277fba62000 JavaThread "File lock request listener"        [_thread_in_native, id=63728, stack(0x000000c22e400000,0x000000c22e500000) (1024K)]
  0x00000277fba633b0 JavaThread "File lock release action executor"        [_thread_blocked, id=65936, stack(0x000000c22e500000,0x000000c22e600000) (1024K)]
  0x00000277fba640d0 JavaThread "Cache worker for file hash cache (C:\Users\harry\.gradle\caches\9.7.1\fileHashes)"        [_thread_blocked, id=66076, stack(0x000000c22e600000,0x000000c22e700000) (1024K)]
  0x00000277fd8db5b0 JavaThread "Cache worker for file hash cache (C:\Users\harry\Desktop\KDT_2026\2026B_Spring\demo\.gradle\9.7.1\fileHashes)"        [_thread_blocked, id=58816, stack(0x000000c22ed00000,0x000000c22ee00000) (1024K)]
  0x00000277fd8da890 JavaThread "Cache worker for Build Output Cleanup Cache (C:\Users\harry\Desktop\KDT_2026\2026B_Spring\demo\.gradle\buildOutputCleanup)"        [_thread_blocked, id=12044, stack(0x000000c22ee00000,0x000000c22ef00000) (1024K)]
  0x00000277fd8d8130 JavaThread "File watcher server"        daemon [_thread_in_native, id=47172, stack(0x000000c22ef00000,0x000000c22f000000) (1024K)]
  0x00000277fd8d94e0 JavaThread "File watcher consumer"      daemon [_thread_blocked, id=57920, stack(0x000000c22f000000,0x000000c22f100000) (1024K)]
  0x00000277fd8d87c0 JavaThread "Cache worker for file content cache (C:\Users\harry\.gradle\caches\9.7.1\fileContent)"        [_thread_blocked, id=56484, stack(0x000000c22f100000,0x000000c22f200000) (1024K)]
Total: 30

Other Threads:
  0x00000277f678f8b0 VMThread "VM Thread"                           [id=47252, stack(0x000000c22c800000,0x000000c22c900000) (1024K)] _threads_hazard_ptr=0x00000277fc986e80
  0x00000277f67818a0 WatcherThread "VM Periodic Task Thread"        [id=40616, stack(0x000000c22c700000,0x000000c22c800000) (1024K)]
  0x00000277ef9ecf50 WorkerThread "GC Thread#0"                     [id=54648, stack(0x000000c22c200000,0x000000c22c300000) (1024K)]
  0x00000277fb7c63b0 WorkerThread "GC Thread#1"                     [id=53436, stack(0x000000c22d300000,0x000000c22d400000) (1024K)]
  0x00000277fb7c6760 WorkerThread "GC Thread#2"                     [id=59388, stack(0x000000c22d400000,0x000000c22d500000) (1024K)]
  0x00000277fb7c6b10 WorkerThread "GC Thread#3"                     [id=52384, stack(0x000000c22d500000,0x000000c22d600000) (1024K)]
  0x00000277fb7c6ec0 WorkerThread "GC Thread#4"                     [id=53416, stack(0x000000c22d600000,0x000000c22d700000) (1024K)]
  0x00000277fb7c7270 WorkerThread "GC Thread#5"                     [id=54368, stack(0x000000c22d700000,0x000000c22d800000) (1024K)]
  0x00000277fcee64e0 WorkerThread "GC Thread#6"                     [id=64680, stack(0x000000c22e700000,0x000000c22e800000) (1024K)]
  0x00000277fcee7b00 WorkerThread "GC Thread#7"                     [id=45200, stack(0x000000c22e800000,0x000000c22e900000) (1024K)]
  0x00000277fcee6890 WorkerThread "GC Thread#8"                     [id=65576, stack(0x000000c22e900000,0x000000c22ea00000) (1024K)]
  0x00000277fcee6c40 WorkerThread "GC Thread#9"                     [id=60444, stack(0x000000c22ea00000,0x000000c22eb00000) (1024K)]
  0x00000277ef9f1e50 ConcurrentGCThread "G1 Main Marker"            [id=59080, stack(0x000000c22c300000,0x000000c22c400000) (1024K)]
  0x00000277ef9f2870 WorkerThread "G1 Conc#0"                       [id=43860, stack(0x000000c22c400000,0x000000c22c500000) (1024K)]
  0x00000277fddf00b0 WorkerThread "G1 Conc#1"                       [id=63636, stack(0x000000c22eb00000,0x000000c22ec00000) (1024K)]
  0x00000277fddf0460 WorkerThread "G1 Conc#2"                       [id=36812, stack(0x000000c22ec00000,0x000000c22ed00000) (1024K)]
  0x00000277f66531f0 ConcurrentGCThread "G1 Refine#0"               [id=40848, stack(0x000000c22c500000,0x000000c22c600000) (1024K)]
  0x00000277f6653a20 ConcurrentGCThread "G1 Service"                [id=56988, stack(0x000000c22c600000,0x000000c22c700000) (1024K)]
Total: 18

Threads with active compile tasks:
C2 CompilerThread0  66608 3506   !   4       java.util.zip.ZipFile$ZipFileInflaterInputStream::close (67 bytes)
C1 CompilerThread0  66611 3524       3       java.lang.management.ManagementFactory$$Lambda/0x0000027790078858::apply (12 bytes)
Total: 2

VM state: not at safepoint (normal execution)

VM Mutex/Monitor currently owned by a thread:  ([mutex/lock_event])
[0x00007ff95182d530] Metaspace_lock - owner thread: 0x00000277fbee4730

Heap address: 0x00000000e0000000, size: 512 MB, Compressed Oops mode: 32-bit

CDS archive(s) mapped at: [0x000002778f000000-0x000002778fba0000-0x000002778fba0000), size 12189696, SharedBaseAddress: 0x000002778f000000, ArchiveRelocationMode: 1.
Compressed class space mapped at: 0x0000027790000000-0x00000277a4000000, reserved size: 335544320
Narrow klass base: 0x000002778f000000, Narrow klass shift: 0, Narrow klass range: 0x100000000

GC Precious Log:
 CardTable entry size: 512
 Card Set container configuration: InlinePtr #cards 5 size 8 Array Of Cards #cards 12 size 40 Howl #buckets 4 coarsen threshold 1843 Howl Bitmap #cards 512 size 80 coarsen threshold 460 Card regions per heap region 1 cards per card region 2048
 CPUs: 12 total, 12 available
 Memory: 16067M
 Large Page Support: Disabled
 NUMA Support: Disabled
 Compressed Oops: Enabled (32-bit)
 Heap Region Size: 1M
 Heap Min Capacity: 256M
 Heap Initial Capacity: 256M
 Heap Max Capacity: 512M
 Pre-touch: Disabled
 Parallel Workers: 10
 Concurrent Workers: 3
 Concurrent Refinement Workers: 10
 Periodic GC: Disabled

Heap:
 garbage-first heap   total 262144K, used 75472K [0x00000000e0000000, 0x0000000100000000)
  region size 1024K, 62 young (63488K), 12 survivors (12288K)
 Metaspace       used 27144K, committed 28096K, reserved 393216K
  class space    used 4027K, committed 4480K, reserved 327680K

Heap Regions: E=young(eden), S=young(survivor), O=old, HS=humongous(starts), HC=humongous(continues), CS=collection set, F=free, TAMS=top-at-mark-start, PB=parsable bottom
|   0|0x00000000e0000000, 0x00000000e0100000, 0x00000000e0100000|100%|HS|  |TAMS 0x00000000e0000000| PB 0x00000000e0000000| Complete 
|   1|0x00000000e0100000, 0x00000000e0200000, 0x00000000e0200000|100%|HC|  |TAMS 0x00000000e0100000| PB 0x00000000e0100000| Complete 
|   2|0x00000000e0200000, 0x00000000e0300000, 0x00000000e0300000|100%|HC|  |TAMS 0x00000000e0200000| PB 0x00000000e0200000| Complete 
|   3|0x00000000e0300000, 0x00000000e0400000, 0x00000000e0400000|100%|HC|  |TAMS 0x00000000e0300000| PB 0x00000000e0300000| Complete 
|   4|0x00000000e0400000, 0x00000000e0500000, 0x00000000e0500000|100%| O|Cm|TAMS 0x00000000e0400000| PB 0x00000000e0400000| Complete 
|   5|0x00000000e0500000, 0x00000000e0600000, 0x00000000e0600000|100%| O|  |TAMS 0x00000000e0500000| PB 0x00000000e0500000| Untracked 
|   6|0x00000000e0600000, 0x00000000e0700000, 0x00000000e0700000|100%| O|  |TAMS 0x00000000e0600000| PB 0x00000000e0600000| Untracked 
|   7|0x00000000e0700000, 0x00000000e0800000, 0x00000000e0800000|100%| O|  |TAMS 0x00000000e0700000| PB 0x00000000e0700000| Untracked 
|   8|0x00000000e0800000, 0x00000000e0900000, 0x00000000e0900000|100%| O|  |TAMS 0x00000000e0800000| PB 0x00000000e0800000| Untracked 
|   9|0x00000000e0900000, 0x00000000e0a00000, 0x00000000e0a00000|100%| O|  |TAMS 0x00000000e0900000| PB 0x00000000e0900000| Untracked 
|  10|0x00000000e0a00000, 0x00000000e0b00000, 0x00000000e0b00000|100%| O|  |TAMS 0x00000000e0a00000| PB 0x00000000e0a00000| Untracked 
|  11|0x00000000e0b00000, 0x00000000e0c00000, 0x00000000e0c00000|100%| O|  |TAMS 0x00000000e0b00000| PB 0x00000000e0b00000| Untracked 
|  12|0x00000000e0c00000, 0x00000000e0d00000, 0x00000000e0d00000|100%|HS|  |TAMS 0x00000000e0c00000| PB 0x00000000e0c00000| Complete 
|  13|0x00000000e0d00000, 0x00000000e0d95510, 0x00000000e0e00000| 58%| O|  |TAMS 0x00000000e0d00000| PB 0x00000000e0d00000| Untracked 
|  14|0x00000000e0e00000, 0x00000000e0e00000, 0x00000000e0f00000|  0%| F|  |TAMS 0x00000000e0e00000| PB 0x00000000e0e00000| Untracked 
|  15|0x00000000e0f00000, 0x00000000e0f00000, 0x00000000e1000000|  0%| F|  |TAMS 0x00000000e0f00000| PB 0x00000000e0f00000| Untracked 
|  16|0x00000000e1000000, 0x00000000e1000000, 0x00000000e1100000|  0%| F|  |TAMS 0x00000000e1000000| PB 0x00000000e1000000| Untracked 
|  17|0x00000000e1100000, 0x00000000e1100000, 0x00000000e1200000|  0%| F|  |TAMS 0x00000000e1100000| PB 0x00000000e1100000| Untracked 
|  18|0x00000000e1200000, 0x00000000e1200000, 0x00000000e1300000|  0%| F|  |TAMS 0x00000000e1200000| PB 0x00000000e1200000| Untracked 
|  19|0x00000000e1300000, 0x00000000e1300000, 0x00000000e1400000|  0%| F|  |TAMS 0x00000000e1300000| PB 0x00000000e1300000| Untracked 
|  20|0x00000000e1400000, 0x00000000e1400000, 0x00000000e1500000|  0%| F|  |TAMS 0x00000000e1400000| PB 0x00000000e1400000| Untracked 
|  21|0x00000000e1500000, 0x00000000e1500000, 0x00000000e1600000|  0%| F|  |TAMS 0x00000000e1500000| PB 0x00000000e1500000| Untracked 
|  22|0x00000000e1600000, 0x00000000e1600000, 0x00000000e1700000|  0%| F|  |TAMS 0x00000000e1600000| PB 0x00000000e1600000| Untracked 
|  23|0x00000000e1700000, 0x00000000e1700000, 0x00000000e1800000|  0%| F|  |TAMS 0x00000000e1700000| PB 0x00000000e1700000| Untracked 
|  24|0x00000000e1800000, 0x00000000e1800000, 0x00000000e1900000|  0%| F|  |TAMS 0x00000000e1800000| PB 0x00000000e1800000| Untracked 
|  25|0x00000000e1900000, 0x00000000e1900000, 0x00000000e1a00000|  0%| F|  |TAMS 0x00000000e1900000| PB 0x00000000e1900000| Untracked 
|  26|0x00000000e1a00000, 0x00000000e1a00000, 0x00000000e1b00000|  0%| F|  |TAMS 0x00000000e1a00000| PB 0x00000000e1a00000| Untracked 
|  27|0x00000000e1b00000, 0x00000000e1b00000, 0x00000000e1c00000|  0%| F|  |TAMS 0x00000000e1b00000| PB 0x00000000e1b00000| Untracked 
|  28|0x00000000e1c00000, 0x00000000e1c00000, 0x00000000e1d00000|  0%| F|  |TAMS 0x00000000e1c00000| PB 0x00000000e1c00000| Untracked 
|  29|0x00000000e1d00000, 0x00000000e1d00000, 0x00000000e1e00000|  0%| F|  |TAMS 0x00000000e1d00000| PB 0x00000000e1d00000| Untracked 
|  30|0x00000000e1e00000, 0x00000000e1e00000, 0x00000000e1f00000|  0%| F|  |TAMS 0x00000000e1e00000| PB 0x00000000e1e00000| Untracked 
|  31|0x00000000e1f00000, 0x00000000e1f00000, 0x00000000e2000000|  0%| F|  |TAMS 0x00000000e1f00000| PB 0x00000000e1f00000| Untracked 
|  32|0x00000000e2000000, 0x00000000e2000000, 0x00000000e2100000|  0%| F|  |TAMS 0x00000000e2000000| PB 0x00000000e2000000| Untracked 
|  33|0x00000000e2100000, 0x00000000e2100000, 0x00000000e2200000|  0%| F|  |TAMS 0x00000000e2100000| PB 0x00000000e2100000| Untracked 
|  34|0x00000000e2200000, 0x00000000e2200000, 0x00000000e2300000|  0%| F|  |TAMS 0x00000000e2200000| PB 0x00000000e2200000| Untracked 
|  35|0x00000000e2300000, 0x00000000e2300000, 0x00000000e2400000|  0%| F|  |TAMS 0x00000000e2300000| PB 0x00000000e2300000| Untracked 
|  36|0x00000000e2400000, 0x00000000e2400000, 0x00000000e2500000|  0%| F|  |TAMS 0x00000000e2400000| PB 0x00000000e2400000| Untracked 
|  37|0x00000000e2500000, 0x00000000e2500000, 0x00000000e2600000|  0%| F|  |TAMS 0x00000000e2500000| PB 0x00000000e2500000| Untracked 
|  38|0x00000000e2600000, 0x00000000e2600000, 0x00000000e2700000|  0%| F|  |TAMS 0x00000000e2600000| PB 0x00000000e2600000| Untracked 
|  39|0x00000000e2700000, 0x00000000e2700000, 0x00000000e2800000|  0%| F|  |TAMS 0x00000000e2700000| PB 0x00000000e2700000| Untracked 
|  40|0x00000000e2800000, 0x00000000e2800000, 0x00000000e2900000|  0%| F|  |TAMS 0x00000000e2800000| PB 0x00000000e2800000| Untracked 
|  41|0x00000000e2900000, 0x00000000e2900000, 0x00000000e2a00000|  0%| F|  |TAMS 0x00000000e2900000| PB 0x00000000e2900000| Untracked 
|  42|0x00000000e2a00000, 0x00000000e2a00000, 0x00000000e2b00000|  0%| F|  |TAMS 0x00000000e2a00000| PB 0x00000000e2a00000| Untracked 
|  43|0x00000000e2b00000, 0x00000000e2b00000, 0x00000000e2c00000|  0%| F|  |TAMS 0x00000000e2b00000| PB 0x00000000e2b00000| Untracked 
|  44|0x00000000e2c00000, 0x00000000e2c00000, 0x00000000e2d00000|  0%| F|  |TAMS 0x00000000e2c00000| PB 0x00000000e2c00000| Untracked 
|  45|0x00000000e2d00000, 0x00000000e2d00000, 0x00000000e2e00000|  0%| F|  |TAMS 0x00000000e2d00000| PB 0x00000000e2d00000| Untracked 
|  46|0x00000000e2e00000, 0x00000000e2e00000, 0x00000000e2f00000|  0%| F|  |TAMS 0x00000000e2e00000| PB 0x00000000e2e00000| Untracked 
|  47|0x00000000e2f00000, 0x00000000e2f00000, 0x00000000e3000000|  0%| F|  |TAMS 0x00000000e2f00000| PB 0x00000000e2f00000| Untracked 
|  48|0x00000000e3000000, 0x00000000e3000000, 0x00000000e3100000|  0%| F|  |TAMS 0x00000000e3000000| PB 0x00000000e3000000| Untracked 
|  49|0x00000000e3100000, 0x00000000e3100000, 0x00000000e3200000|  0%| F|  |TAMS 0x00000000e3100000| PB 0x00000000e3100000| Untracked 
|  50|0x00000000e3200000, 0x00000000e3200000, 0x00000000e3300000|  0%| F|  |TAMS 0x00000000e3200000| PB 0x00000000e3200000| Untracked 
|  51|0x00000000e3300000, 0x00000000e3300000, 0x00000000e3400000|  0%| F|  |TAMS 0x00000000e3300000| PB 0x00000000e3300000| Untracked 
|  52|0x00000000e3400000, 0x00000000e3400000, 0x00000000e3500000|  0%| F|  |TAMS 0x00000000e3400000| PB 0x00000000e3400000| Untracked 
|  53|0x00000000e3500000, 0x00000000e3500000, 0x00000000e3600000|  0%| F|  |TAMS 0x00000000e3500000| PB 0x00000000e3500000| Untracked 
|  54|0x00000000e3600000, 0x00000000e3600000, 0x00000000e3700000|  0%| F|  |TAMS 0x00000000e3600000| PB 0x00000000e3600000| Untracked 
|  55|0x00000000e3700000, 0x00000000e3700000, 0x00000000e3800000|  0%| F|  |TAMS 0x00000000e3700000| PB 0x00000000e3700000| Untracked 
|  56|0x00000000e3800000, 0x00000000e3800000, 0x00000000e3900000|  0%| F|  |TAMS 0x00000000e3800000| PB 0x00000000e3800000| Untracked 
|  57|0x00000000e3900000, 0x00000000e3900000, 0x00000000e3a00000|  0%| F|  |TAMS 0x00000000e3900000| PB 0x00000000e3900000| Untracked 
|  58|0x00000000e3a00000, 0x00000000e3a00000, 0x00000000e3b00000|  0%| F|  |TAMS 0x00000000e3a00000| PB 0x00000000e3a00000| Untracked 
|  59|0x00000000e3b00000, 0x00000000e3b00000, 0x00000000e3c00000|  0%| F|  |TAMS 0x00000000e3b00000| PB 0x00000000e3b00000| Untracked 
|  60|0x00000000e3c00000, 0x00000000e3c00000, 0x00000000e3d00000|  0%| F|  |TAMS 0x00000000e3c00000| PB 0x00000000e3c00000| Untracked 
|  61|0x00000000e3d00000, 0x00000000e3d00000, 0x00000000e3e00000|  0%| F|  |TAMS 0x00000000e3d00000| PB 0x00000000e3d00000| Untracked 
|  62|0x00000000e3e00000, 0x00000000e3e00000, 0x00000000e3f00000|  0%| F|  |TAMS 0x00000000e3e00000| PB 0x00000000e3e00000| Untracked 
|  63|0x00000000e3f00000, 0x00000000e3f00000, 0x00000000e4000000|  0%| F|  |TAMS 0x00000000e3f00000| PB 0x00000000e3f00000| Untracked 
|  64|0x00000000e4000000, 0x00000000e4000000, 0x00000000e4100000|  0%| F|  |TAMS 0x00000000e4000000| PB 0x00000000e4000000| Untracked 
|  65|0x00000000e4100000, 0x00000000e4100000, 0x00000000e4200000|  0%| F|  |TAMS 0x00000000e4100000| PB 0x00000000e4100000| Untracked 
|  66|0x00000000e4200000, 0x00000000e4200000, 0x00000000e4300000|  0%| F|  |TAMS 0x00000000e4200000| PB 0x00000000e4200000| Untracked 
|  67|0x00000000e4300000, 0x00000000e4300000, 0x00000000e4400000|  0%| F|  |TAMS 0x00000000e4300000| PB 0x00000000e4300000| Untracked 
|  68|0x00000000e4400000, 0x00000000e4400000, 0x00000000e4500000|  0%| F|  |TAMS 0x00000000e4400000| PB 0x00000000e4400000| Untracked 
|  69|0x00000000e4500000, 0x00000000e4500000, 0x00000000e4600000|  0%| F|  |TAMS 0x00000000e4500000| PB 0x00000000e4500000| Untracked 
|  70|0x00000000e4600000, 0x00000000e4600000, 0x00000000e4700000|  0%| F|  |TAMS 0x00000000e4600000| PB 0x00000000e4600000| Untracked 
|  71|0x00000000e4700000, 0x00000000e4700000, 0x00000000e4800000|  0%| F|  |TAMS 0x00000000e4700000| PB 0x00000000e4700000| Untracked 
|  72|0x00000000e4800000, 0x00000000e4800000, 0x00000000e4900000|  0%| F|  |TAMS 0x00000000e4800000| PB 0x00000000e4800000| Untracked 
|  73|0x00000000e4900000, 0x00000000e4900000, 0x00000000e4a00000|  0%| F|  |TAMS 0x00000000e4900000| PB 0x00000000e4900000| Untracked 
|  74|0x00000000e4a00000, 0x00000000e4a00000, 0x00000000e4b00000|  0%| F|  |TAMS 0x00000000e4a00000| PB 0x00000000e4a00000| Untracked 
|  75|0x00000000e4b00000, 0x00000000e4b00000, 0x00000000e4c00000|  0%| F|  |TAMS 0x00000000e4b00000| PB 0x00000000e4b00000| Untracked 
|  76|0x00000000e4c00000, 0x00000000e4c00000, 0x00000000e4d00000|  0%| F|  |TAMS 0x00000000e4c00000| PB 0x00000000e4c00000| Untracked 
|  77|0x00000000e4d00000, 0x00000000e4d00000, 0x00000000e4e00000|  0%| F|  |TAMS 0x00000000e4d00000| PB 0x00000000e4d00000| Untracked 
|  78|0x00000000e4e00000, 0x00000000e4e00000, 0x00000000e4f00000|  0%| F|  |TAMS 0x00000000e4e00000| PB 0x00000000e4e00000| Untracked 
|  79|0x00000000e4f00000, 0x00000000e4f00000, 0x00000000e5000000|  0%| F|  |TAMS 0x00000000e4f00000| PB 0x00000000e4f00000| Untracked 
|  80|0x00000000e5000000, 0x00000000e5000000, 0x00000000e5100000|  0%| F|  |TAMS 0x00000000e5000000| PB 0x00000000e5000000| Untracked 
|  81|0x00000000e5100000, 0x00000000e5100000, 0x00000000e5200000|  0%| F|  |TAMS 0x00000000e5100000| PB 0x00000000e5100000| Untracked 
|  82|0x00000000e5200000, 0x00000000e5200000, 0x00000000e5300000|  0%| F|  |TAMS 0x00000000e5200000| PB 0x00000000e5200000| Untracked 
|  83|0x00000000e5300000, 0x00000000e5300000, 0x00000000e5400000|  0%| F|  |TAMS 0x00000000e5300000| PB 0x00000000e5300000| Untracked 
|  84|0x00000000e5400000, 0x00000000e5400000, 0x00000000e5500000|  0%| F|  |TAMS 0x00000000e5400000| PB 0x00000000e5400000| Untracked 
|  85|0x00000000e5500000, 0x00000000e5500000, 0x00000000e5600000|  0%| F|  |TAMS 0x00000000e5500000| PB 0x00000000e5500000| Untracked 
|  86|0x00000000e5600000, 0x00000000e5600000, 0x00000000e5700000|  0%| F|  |TAMS 0x00000000e5600000| PB 0x00000000e5600000| Untracked 
|  87|0x00000000e5700000, 0x00000000e5700000, 0x00000000e5800000|  0%| F|  |TAMS 0x00000000e5700000| PB 0x00000000e5700000| Untracked 
|  88|0x00000000e5800000, 0x00000000e5800000, 0x00000000e5900000|  0%| F|  |TAMS 0x00000000e5800000| PB 0x00000000e5800000| Untracked 
|  89|0x00000000e5900000, 0x00000000e5900000, 0x00000000e5a00000|  0%| F|  |TAMS 0x00000000e5900000| PB 0x00000000e5900000| Untracked 
|  90|0x00000000e5a00000, 0x00000000e5a00000, 0x00000000e5b00000|  0%| F|  |TAMS 0x00000000e5a00000| PB 0x00000000e5a00000| Untracked 
|  91|0x00000000e5b00000, 0x00000000e5b00000, 0x00000000e5c00000|  0%| F|  |TAMS 0x00000000e5b00000| PB 0x00000000e5b00000| Untracked 
|  92|0x00000000e5c00000, 0x00000000e5c00000, 0x00000000e5d00000|  0%| F|  |TAMS 0x00000000e5c00000| PB 0x00000000e5c00000| Untracked 
|  93|0x00000000e5d00000, 0x00000000e5d00000, 0x00000000e5e00000|  0%| F|  |TAMS 0x00000000e5d00000| PB 0x00000000e5d00000| Untracked 
|  94|0x00000000e5e00000, 0x00000000e5e00000, 0x00000000e5f00000|  0%| F|  |TAMS 0x00000000e5e00000| PB 0x00000000e5e00000| Untracked 
|  95|0x00000000e5f00000, 0x00000000e5f00000, 0x00000000e6000000|  0%| F|  |TAMS 0x00000000e5f00000| PB 0x00000000e5f00000| Untracked 
|  96|0x00000000e6000000, 0x00000000e6000000, 0x00000000e6100000|  0%| F|  |TAMS 0x00000000e6000000| PB 0x00000000e6000000| Untracked 
|  97|0x00000000e6100000, 0x00000000e6100000, 0x00000000e6200000|  0%| F|  |TAMS 0x00000000e6100000| PB 0x00000000e6100000| Untracked 
|  98|0x00000000e6200000, 0x00000000e6200000, 0x00000000e6300000|  0%| F|  |TAMS 0x00000000e6200000| PB 0x00000000e6200000| Untracked 
|  99|0x00000000e6300000, 0x00000000e6300000, 0x00000000e6400000|  0%| F|  |TAMS 0x00000000e6300000| PB 0x00000000e6300000| Untracked 
| 100|0x00000000e6400000, 0x00000000e6400000, 0x00000000e6500000|  0%| F|  |TAMS 0x00000000e6400000| PB 0x00000000e6400000| Untracked 
| 101|0x00000000e6500000, 0x00000000e6500000, 0x00000000e6600000|  0%| F|  |TAMS 0x00000000e6500000| PB 0x00000000e6500000| Untracked 
| 102|0x00000000e6600000, 0x00000000e6600000, 0x00000000e6700000|  0%| F|  |TAMS 0x00000000e6600000| PB 0x00000000e6600000| Untracked 
| 103|0x00000000e6700000, 0x00000000e6700000, 0x00000000e6800000|  0%| F|  |TAMS 0x00000000e6700000| PB 0x00000000e6700000| Untracked 
| 104|0x00000000e6800000, 0x00000000e6800000, 0x00000000e6900000|  0%| F|  |TAMS 0x00000000e6800000| PB 0x00000000e6800000| Untracked 
| 105|0x00000000e6900000, 0x00000000e6900000, 0x00000000e6a00000|  0%| F|  |TAMS 0x00000000e6900000| PB 0x00000000e6900000| Untracked 
| 106|0x00000000e6a00000, 0x00000000e6a00000, 0x00000000e6b00000|  0%| F|  |TAMS 0x00000000e6a00000| PB 0x00000000e6a00000| Untracked 
| 107|0x00000000e6b00000, 0x00000000e6b00000, 0x00000000e6c00000|  0%| F|  |TAMS 0x00000000e6b00000| PB 0x00000000e6b00000| Untracked 
| 108|0x00000000e6c00000, 0x00000000e6c00000, 0x00000000e6d00000|  0%| F|  |TAMS 0x00000000e6c00000| PB 0x00000000e6c00000| Untracked 
| 109|0x00000000e6d00000, 0x00000000e6d00000, 0x00000000e6e00000|  0%| F|  |TAMS 0x00000000e6d00000| PB 0x00000000e6d00000| Untracked 
| 110|0x00000000e6e00000, 0x00000000e6e00000, 0x00000000e6f00000|  0%| F|  |TAMS 0x00000000e6e00000| PB 0x00000000e6e00000| Untracked 
| 111|0x00000000e6f00000, 0x00000000e6f00000, 0x00000000e7000000|  0%| F|  |TAMS 0x00000000e6f00000| PB 0x00000000e6f00000| Untracked 
| 112|0x00000000e7000000, 0x00000000e7000000, 0x00000000e7100000|  0%| F|  |TAMS 0x00000000e7000000| PB 0x00000000e7000000| Untracked 
| 113|0x00000000e7100000, 0x00000000e7100000, 0x00000000e7200000|  0%| F|  |TAMS 0x00000000e7100000| PB 0x00000000e7100000| Untracked 
| 114|0x00000000e7200000, 0x00000000e7200000, 0x00000000e7300000|  0%| F|  |TAMS 0x00000000e7200000| PB 0x00000000e7200000| Untracked 
| 115|0x00000000e7300000, 0x00000000e7300000, 0x00000000e7400000|  0%| F|  |TAMS 0x00000000e7300000| PB 0x00000000e7300000| Untracked 
| 116|0x00000000e7400000, 0x00000000e7400000, 0x00000000e7500000|  0%| F|  |TAMS 0x00000000e7400000| PB 0x00000000e7400000| Untracked 
| 117|0x00000000e7500000, 0x00000000e7500000, 0x00000000e7600000|  0%| F|  |TAMS 0x00000000e7500000| PB 0x00000000e7500000| Untracked 
| 118|0x00000000e7600000, 0x00000000e7600000, 0x00000000e7700000|  0%| F|  |TAMS 0x00000000e7600000| PB 0x00000000e7600000| Untracked 
| 119|0x00000000e7700000, 0x00000000e7700000, 0x00000000e7800000|  0%| F|  |TAMS 0x00000000e7700000| PB 0x00000000e7700000| Untracked 
| 120|0x00000000e7800000, 0x00000000e7800000, 0x00000000e7900000|  0%| F|  |TAMS 0x00000000e7800000| PB 0x00000000e7800000| Untracked 
| 121|0x00000000e7900000, 0x00000000e7900000, 0x00000000e7a00000|  0%| F|  |TAMS 0x00000000e7900000| PB 0x00000000e7900000| Untracked 
| 122|0x00000000e7a00000, 0x00000000e7a00000, 0x00000000e7b00000|  0%| F|  |TAMS 0x00000000e7a00000| PB 0x00000000e7a00000| Untracked 
| 123|0x00000000e7b00000, 0x00000000e7b00000, 0x00000000e7c00000|  0%| F|  |TAMS 0x00000000e7b00000| PB 0x00000000e7b00000| Untracked 
| 124|0x00000000e7c00000, 0x00000000e7c00000, 0x00000000e7d00000|  0%| F|  |TAMS 0x00000000e7c00000| PB 0x00000000e7c00000| Untracked 
| 125|0x00000000e7d00000, 0x00000000e7d00000, 0x00000000e7e00000|  0%| F|  |TAMS 0x00000000e7d00000| PB 0x00000000e7d00000| Untracked 
| 126|0x00000000e7e00000, 0x00000000e7e00000, 0x00000000e7f00000|  0%| F|  |TAMS 0x00000000e7e00000| PB 0x00000000e7e00000| Untracked 
| 127|0x00000000e7f00000, 0x00000000e7f00000, 0x00000000e8000000|  0%| F|  |TAMS 0x00000000e7f00000| PB 0x00000000e7f00000| Untracked 
| 128|0x00000000e8000000, 0x00000000e8000000, 0x00000000e8100000|  0%| F|  |TAMS 0x00000000e8000000| PB 0x00000000e8000000| Untracked 
| 129|0x00000000e8100000, 0x00000000e8100000, 0x00000000e8200000|  0%| F|  |TAMS 0x00000000e8100000| PB 0x00000000e8100000| Untracked 
| 130|0x00000000e8200000, 0x00000000e8200000, 0x00000000e8300000|  0%| F|  |TAMS 0x00000000e8200000| PB 0x00000000e8200000| Untracked 
| 131|0x00000000e8300000, 0x00000000e8300000, 0x00000000e8400000|  0%| F|  |TAMS 0x00000000e8300000| PB 0x00000000e8300000| Untracked 
| 132|0x00000000e8400000, 0x00000000e8400000, 0x00000000e8500000|  0%| F|  |TAMS 0x00000000e8400000| PB 0x00000000e8400000| Untracked 
| 133|0x00000000e8500000, 0x00000000e8500000, 0x00000000e8600000|  0%| F|  |TAMS 0x00000000e8500000| PB 0x00000000e8500000| Untracked 
| 134|0x00000000e8600000, 0x00000000e8600000, 0x00000000e8700000|  0%| F|  |TAMS 0x00000000e8600000| PB 0x00000000e8600000| Untracked 
| 135|0x00000000e8700000, 0x00000000e8700000, 0x00000000e8800000|  0%| F|  |TAMS 0x00000000e8700000| PB 0x00000000e8700000| Untracked 
| 136|0x00000000e8800000, 0x00000000e8800000, 0x00000000e8900000|  0%| F|  |TAMS 0x00000000e8800000| PB 0x00000000e8800000| Untracked 
| 137|0x00000000e8900000, 0x00000000e8900000, 0x00000000e8a00000|  0%| F|  |TAMS 0x00000000e8900000| PB 0x00000000e8900000| Untracked 
| 138|0x00000000e8a00000, 0x00000000e8a00000, 0x00000000e8b00000|  0%| F|  |TAMS 0x00000000e8a00000| PB 0x00000000e8a00000| Untracked 
| 139|0x00000000e8b00000, 0x00000000e8b00000, 0x00000000e8c00000|  0%| F|  |TAMS 0x00000000e8b00000| PB 0x00000000e8b00000| Untracked 
| 140|0x00000000e8c00000, 0x00000000e8c00000, 0x00000000e8d00000|  0%| F|  |TAMS 0x00000000e8c00000| PB 0x00000000e8c00000| Untracked 
| 141|0x00000000e8d00000, 0x00000000e8d00000, 0x00000000e8e00000|  0%| F|  |TAMS 0x00000000e8d00000| PB 0x00000000e8d00000| Untracked 
| 142|0x00000000e8e00000, 0x00000000e8e00000, 0x00000000e8f00000|  0%| F|  |TAMS 0x00000000e8e00000| PB 0x00000000e8e00000| Untracked 
| 143|0x00000000e8f00000, 0x00000000e8f00000, 0x00000000e9000000|  0%| F|  |TAMS 0x00000000e8f00000| PB 0x00000000e8f00000| Untracked 
| 144|0x00000000e9000000, 0x00000000e9000000, 0x00000000e9100000|  0%| F|  |TAMS 0x00000000e9000000| PB 0x00000000e9000000| Untracked 
| 145|0x00000000e9100000, 0x00000000e9100000, 0x00000000e9200000|  0%| F|  |TAMS 0x00000000e9100000| PB 0x00000000e9100000| Untracked 
| 146|0x00000000e9200000, 0x00000000e9200000, 0x00000000e9300000|  0%| F|  |TAMS 0x00000000e9200000| PB 0x00000000e9200000| Untracked 
| 147|0x00000000e9300000, 0x00000000e9300000, 0x00000000e9400000|  0%| F|  |TAMS 0x00000000e9300000| PB 0x00000000e9300000| Untracked 
| 148|0x00000000e9400000, 0x00000000e9400000, 0x00000000e9500000|  0%| F|  |TAMS 0x00000000e9400000| PB 0x00000000e9400000| Untracked 
| 149|0x00000000e9500000, 0x00000000e9500000, 0x00000000e9600000|  0%| F|  |TAMS 0x00000000e9500000| PB 0x00000000e9500000| Untracked 
| 150|0x00000000e9600000, 0x00000000e9600000, 0x00000000e9700000|  0%| F|  |TAMS 0x00000000e9600000| PB 0x00000000e9600000| Untracked 
| 151|0x00000000e9700000, 0x00000000e9700000, 0x00000000e9800000|  0%| F|  |TAMS 0x00000000e9700000| PB 0x00000000e9700000| Untracked 
| 152|0x00000000e9800000, 0x00000000e9800000, 0x00000000e9900000|  0%| F|  |TAMS 0x00000000e9800000| PB 0x00000000e9800000| Untracked 
| 153|0x00000000e9900000, 0x00000000e9900000, 0x00000000e9a00000|  0%| F|  |TAMS 0x00000000e9900000| PB 0x00000000e9900000| Untracked 
| 154|0x00000000e9a00000, 0x00000000e9a00000, 0x00000000e9b00000|  0%| F|  |TAMS 0x00000000e9a00000| PB 0x00000000e9a00000| Untracked 
| 155|0x00000000e9b00000, 0x00000000e9b00000, 0x00000000e9c00000|  0%| F|  |TAMS 0x00000000e9b00000| PB 0x00000000e9b00000| Untracked 
| 156|0x00000000e9c00000, 0x00000000e9c00000, 0x00000000e9d00000|  0%| F|  |TAMS 0x00000000e9c00000| PB 0x00000000e9c00000| Untracked 
| 157|0x00000000e9d00000, 0x00000000e9d00000, 0x00000000e9e00000|  0%| F|  |TAMS 0x00000000e9d00000| PB 0x00000000e9d00000| Untracked 
| 158|0x00000000e9e00000, 0x00000000e9e00000, 0x00000000e9f00000|  0%| F|  |TAMS 0x00000000e9e00000| PB 0x00000000e9e00000| Untracked 
| 159|0x00000000e9f00000, 0x00000000e9f00000, 0x00000000ea000000|  0%| F|  |TAMS 0x00000000e9f00000| PB 0x00000000e9f00000| Untracked 
| 160|0x00000000ea000000, 0x00000000ea000000, 0x00000000ea100000|  0%| F|  |TAMS 0x00000000ea000000| PB 0x00000000ea000000| Untracked 
| 161|0x00000000ea100000, 0x00000000ea100000, 0x00000000ea200000|  0%| F|  |TAMS 0x00000000ea100000| PB 0x00000000ea100000| Untracked 
| 162|0x00000000ea200000, 0x00000000ea200000, 0x00000000ea300000|  0%| F|  |TAMS 0x00000000ea200000| PB 0x00000000ea200000| Untracked 
| 163|0x00000000ea300000, 0x00000000ea300000, 0x00000000ea400000|  0%| F|  |TAMS 0x00000000ea300000| PB 0x00000000ea300000| Untracked 
| 164|0x00000000ea400000, 0x00000000ea400000, 0x00000000ea500000|  0%| F|  |TAMS 0x00000000ea400000| PB 0x00000000ea400000| Untracked 
| 165|0x00000000ea500000, 0x00000000ea500000, 0x00000000ea600000|  0%| F|  |TAMS 0x00000000ea500000| PB 0x00000000ea500000| Untracked 
| 166|0x00000000ea600000, 0x00000000ea600000, 0x00000000ea700000|  0%| F|  |TAMS 0x00000000ea600000| PB 0x00000000ea600000| Untracked 
| 167|0x00000000ea700000, 0x00000000ea700000, 0x00000000ea800000|  0%| F|  |TAMS 0x00000000ea700000| PB 0x00000000ea700000| Untracked 
| 168|0x00000000ea800000, 0x00000000ea800000, 0x00000000ea900000|  0%| F|  |TAMS 0x00000000ea800000| PB 0x00000000ea800000| Untracked 
| 169|0x00000000ea900000, 0x00000000ea900000, 0x00000000eaa00000|  0%| F|  |TAMS 0x00000000ea900000| PB 0x00000000ea900000| Untracked 
| 170|0x00000000eaa00000, 0x00000000eaa00000, 0x00000000eab00000|  0%| F|  |TAMS 0x00000000eaa00000| PB 0x00000000eaa00000| Untracked 
| 171|0x00000000eab00000, 0x00000000eab00000, 0x00000000eac00000|  0%| F|  |TAMS 0x00000000eab00000| PB 0x00000000eab00000| Untracked 
| 172|0x00000000eac00000, 0x00000000eac00000, 0x00000000ead00000|  0%| F|  |TAMS 0x00000000eac00000| PB 0x00000000eac00000| Untracked 
| 173|0x00000000ead00000, 0x00000000ead00000, 0x00000000eae00000|  0%| F|  |TAMS 0x00000000ead00000| PB 0x00000000ead00000| Untracked 
| 174|0x00000000eae00000, 0x00000000eae00000, 0x00000000eaf00000|  0%| F|  |TAMS 0x00000000eae00000| PB 0x00000000eae00000| Untracked 
| 175|0x00000000eaf00000, 0x00000000eaf00000, 0x00000000eb000000|  0%| F|  |TAMS 0x00000000eaf00000| PB 0x00000000eaf00000| Untracked 
| 176|0x00000000eb000000, 0x00000000eb000000, 0x00000000eb100000|  0%| F|  |TAMS 0x00000000eb000000| PB 0x00000000eb000000| Untracked 
| 177|0x00000000eb100000, 0x00000000eb100000, 0x00000000eb200000|  0%| F|  |TAMS 0x00000000eb100000| PB 0x00000000eb100000| Untracked 
| 178|0x00000000eb200000, 0x00000000eb200000, 0x00000000eb300000|  0%| F|  |TAMS 0x00000000eb200000| PB 0x00000000eb200000| Untracked 
| 179|0x00000000eb300000, 0x00000000eb300000, 0x00000000eb400000|  0%| F|  |TAMS 0x00000000eb300000| PB 0x00000000eb300000| Untracked 
| 180|0x00000000eb400000, 0x00000000eb400000, 0x00000000eb500000|  0%| F|  |TAMS 0x00000000eb400000| PB 0x00000000eb400000| Untracked 
| 181|0x00000000eb500000, 0x00000000eb500000, 0x00000000eb600000|  0%| F|  |TAMS 0x00000000eb500000| PB 0x00000000eb500000| Untracked 
| 182|0x00000000eb600000, 0x00000000eb600000, 0x00000000eb700000|  0%| F|  |TAMS 0x00000000eb600000| PB 0x00000000eb600000| Untracked 
| 183|0x00000000eb700000, 0x00000000eb700000, 0x00000000eb800000|  0%| F|  |TAMS 0x00000000eb700000| PB 0x00000000eb700000| Untracked 
| 184|0x00000000eb800000, 0x00000000eb800000, 0x00000000eb900000|  0%| F|  |TAMS 0x00000000eb800000| PB 0x00000000eb800000| Untracked 
| 185|0x00000000eb900000, 0x00000000eb900000, 0x00000000eba00000|  0%| F|  |TAMS 0x00000000eb900000| PB 0x00000000eb900000| Untracked 
| 186|0x00000000eba00000, 0x00000000eba00000, 0x00000000ebb00000|  0%| F|  |TAMS 0x00000000eba00000| PB 0x00000000eba00000| Untracked 
| 187|0x00000000ebb00000, 0x00000000ebb00000, 0x00000000ebc00000|  0%| F|  |TAMS 0x00000000ebb00000| PB 0x00000000ebb00000| Untracked 
| 188|0x00000000ebc00000, 0x00000000ebc00000, 0x00000000ebd00000|  0%| F|  |TAMS 0x00000000ebc00000| PB 0x00000000ebc00000| Untracked 
| 189|0x00000000ebd00000, 0x00000000ebd00000, 0x00000000ebe00000|  0%| F|  |TAMS 0x00000000ebd00000| PB 0x00000000ebd00000| Untracked 
| 190|0x00000000ebe00000, 0x00000000ebe00000, 0x00000000ebf00000|  0%| F|  |TAMS 0x00000000ebe00000| PB 0x00000000ebe00000| Untracked 
| 191|0x00000000ebf00000, 0x00000000ebf00000, 0x00000000ec000000|  0%| F|  |TAMS 0x00000000ebf00000| PB 0x00000000ebf00000| Untracked 
| 192|0x00000000ec000000, 0x00000000ec000000, 0x00000000ec100000|  0%| F|  |TAMS 0x00000000ec000000| PB 0x00000000ec000000| Untracked 
| 193|0x00000000ec100000, 0x00000000ec100000, 0x00000000ec200000|  0%| F|  |TAMS 0x00000000ec100000| PB 0x00000000ec100000| Untracked 
| 194|0x00000000ec200000, 0x00000000ec300000, 0x00000000ec300000|100%| E|  |TAMS 0x00000000ec200000| PB 0x00000000ec200000| Complete 
| 195|0x00000000ec300000, 0x00000000ec400000, 0x00000000ec400000|100%| E|CS|TAMS 0x00000000ec300000| PB 0x00000000ec300000| Complete 
| 196|0x00000000ec400000, 0x00000000ec500000, 0x00000000ec500000|100%| E|CS|TAMS 0x00000000ec400000| PB 0x00000000ec400000| Complete 
| 197|0x00000000ec500000, 0x00000000ec600000, 0x00000000ec600000|100%| E|CS|TAMS 0x00000000ec500000| PB 0x00000000ec500000| Complete 
| 198|0x00000000ec600000, 0x00000000ec700000, 0x00000000ec700000|100%| E|CS|TAMS 0x00000000ec600000| PB 0x00000000ec600000| Complete 
| 199|0x00000000ec700000, 0x00000000ec800000, 0x00000000ec800000|100%| E|CS|TAMS 0x00000000ec700000| PB 0x00000000ec700000| Complete 
| 200|0x00000000ec800000, 0x00000000ec900000, 0x00000000ec900000|100%| E|CS|TAMS 0x00000000ec800000| PB 0x00000000ec800000| Complete 
| 201|0x00000000ec900000, 0x00000000eca00000, 0x00000000eca00000|100%| E|CS|TAMS 0x00000000ec900000| PB 0x00000000ec900000| Complete 
| 202|0x00000000eca00000, 0x00000000ecb00000, 0x00000000ecb00000|100%| E|CS|TAMS 0x00000000eca00000| PB 0x00000000eca00000| Complete 
| 203|0x00000000ecb00000, 0x00000000ecc00000, 0x00000000ecc00000|100%| E|CS|TAMS 0x00000000ecb00000| PB 0x00000000ecb00000| Complete 
| 204|0x00000000ecc00000, 0x00000000ecd00000, 0x00000000ecd00000|100%| E|CS|TAMS 0x00000000ecc00000| PB 0x00000000ecc00000| Complete 
| 205|0x00000000ecd00000, 0x00000000ece00000, 0x00000000ece00000|100%| E|CS|TAMS 0x00000000ecd00000| PB 0x00000000ecd00000| Complete 
| 206|0x00000000ece00000, 0x00000000ecf00000, 0x00000000ecf00000|100%| E|CS|TAMS 0x00000000ece00000| PB 0x00000000ece00000| Complete 
| 207|0x00000000ecf00000, 0x00000000ed000000, 0x00000000ed000000|100%| E|CS|TAMS 0x00000000ecf00000| PB 0x00000000ecf00000| Complete 
| 208|0x00000000ed000000, 0x00000000ed100000, 0x00000000ed100000|100%| E|CS|TAMS 0x00000000ed000000| PB 0x00000000ed000000| Complete 
| 209|0x00000000ed100000, 0x00000000ed200000, 0x00000000ed200000|100%| E|CS|TAMS 0x00000000ed100000| PB 0x00000000ed100000| Complete 
| 210|0x00000000ed200000, 0x00000000ed300000, 0x00000000ed300000|100%| E|CS|TAMS 0x00000000ed200000| PB 0x00000000ed200000| Complete 
| 211|0x00000000ed300000, 0x00000000ed400000, 0x00000000ed400000|100%| E|CS|TAMS 0x00000000ed300000| PB 0x00000000ed300000| Complete 
| 212|0x00000000ed400000, 0x00000000ed500000, 0x00000000ed500000|100%| E|CS|TAMS 0x00000000ed400000| PB 0x00000000ed400000| Complete 
| 213|0x00000000ed500000, 0x00000000ed600000, 0x00000000ed600000|100%| E|CS|TAMS 0x00000000ed500000| PB 0x00000000ed500000| Complete 
| 214|0x00000000ed600000, 0x00000000ed700000, 0x00000000ed700000|100%| E|CS|TAMS 0x00000000ed600000| PB 0x00000000ed600000| Complete 
| 215|0x00000000ed700000, 0x00000000ed800000, 0x00000000ed800000|100%| E|CS|TAMS 0x00000000ed700000| PB 0x00000000ed700000| Complete 
| 216|0x00000000ed800000, 0x00000000ed900000, 0x00000000ed900000|100%| E|CS|TAMS 0x00000000ed800000| PB 0x00000000ed800000| Complete 
| 217|0x00000000ed900000, 0x00000000eda00000, 0x00000000eda00000|100%| E|CS|TAMS 0x00000000ed900000| PB 0x00000000ed900000| Complete 
| 218|0x00000000eda00000, 0x00000000edb00000, 0x00000000edb00000|100%| E|CS|TAMS 0x00000000eda00000| PB 0x00000000eda00000| Complete 
| 219|0x00000000edb00000, 0x00000000edb1ee08, 0x00000000edc00000| 12%| S|CS|TAMS 0x00000000edb00000| PB 0x00000000edb00000| Complete 
| 220|0x00000000edc00000, 0x00000000edd00000, 0x00000000edd00000|100%| S|CS|TAMS 0x00000000edc00000| PB 0x00000000edc00000| Complete 
| 221|0x00000000edd00000, 0x00000000ede00000, 0x00000000ede00000|100%| S|CS|TAMS 0x00000000edd00000| PB 0x00000000edd00000| Complete 
| 222|0x00000000ede00000, 0x00000000edf00000, 0x00000000edf00000|100%| S|CS|TAMS 0x00000000ede00000| PB 0x00000000ede00000| Complete 
| 223|0x00000000edf00000, 0x00000000ee000000, 0x00000000ee000000|100%| S|CS|TAMS 0x00000000edf00000| PB 0x00000000edf00000| Complete 
| 224|0x00000000ee000000, 0x00000000ee100000, 0x00000000ee100000|100%| S|CS|TAMS 0x00000000ee000000| PB 0x00000000ee000000| Complete 
| 225|0x00000000ee100000, 0x00000000ee200000, 0x00000000ee200000|100%| S|CS|TAMS 0x00000000ee100000| PB 0x00000000ee100000| Complete 
| 226|0x00000000ee200000, 0x00000000ee300000, 0x00000000ee300000|100%| S|CS|TAMS 0x00000000ee200000| PB 0x00000000ee200000| Complete 
| 227|0x00000000ee300000, 0x00000000ee400000, 0x00000000ee400000|100%| S|CS|TAMS 0x00000000ee300000| PB 0x00000000ee300000| Complete 
| 228|0x00000000ee400000, 0x00000000ee500000, 0x00000000ee500000|100%| S|CS|TAMS 0x00000000ee400000| PB 0x00000000ee400000| Complete 
| 229|0x00000000ee500000, 0x00000000ee600000, 0x00000000ee600000|100%| S|CS|TAMS 0x00000000ee500000| PB 0x00000000ee500000| Complete 
| 230|0x00000000ee600000, 0x00000000ee700000, 0x00000000ee700000|100%| S|CS|TAMS 0x00000000ee600000| PB 0x00000000ee600000| Complete 
| 231|0x00000000ee700000, 0x00000000ee800000, 0x00000000ee800000|100%| E|CS|TAMS 0x00000000ee700000| PB 0x00000000ee700000| Complete 
| 232|0x00000000ee800000, 0x00000000ee900000, 0x00000000ee900000|100%| E|CS|TAMS 0x00000000ee800000| PB 0x00000000ee800000| Complete 
| 233|0x00000000ee900000, 0x00000000eea00000, 0x00000000eea00000|100%| E|CS|TAMS 0x00000000ee900000| PB 0x00000000ee900000| Complete 
| 234|0x00000000eea00000, 0x00000000eeb00000, 0x00000000eeb00000|100%| E|CS|TAMS 0x00000000eea00000| PB 0x00000000eea00000| Complete 
| 235|0x00000000eeb00000, 0x00000000eec00000, 0x00000000eec00000|100%| E|CS|TAMS 0x00000000eeb00000| PB 0x00000000eeb00000| Complete 
| 236|0x00000000eec00000, 0x00000000eed00000, 0x00000000eed00000|100%| E|CS|TAMS 0x00000000eec00000| PB 0x00000000eec00000| Complete 
| 237|0x00000000eed00000, 0x00000000eee00000, 0x00000000eee00000|100%| E|CS|TAMS 0x00000000eed00000| PB 0x00000000eed00000| Complete 
| 238|0x00000000eee00000, 0x00000000eef00000, 0x00000000eef00000|100%| E|CS|TAMS 0x00000000eee00000| PB 0x00000000eee00000| Complete 
| 239|0x00000000eef00000, 0x00000000ef000000, 0x00000000ef000000|100%| E|CS|TAMS 0x00000000eef00000| PB 0x00000000eef00000| Complete 
| 240|0x00000000ef000000, 0x00000000ef100000, 0x00000000ef100000|100%| E|CS|TAMS 0x00000000ef000000| PB 0x00000000ef000000| Complete 
| 241|0x00000000ef100000, 0x00000000ef200000, 0x00000000ef200000|100%| E|CS|TAMS 0x00000000ef100000| PB 0x00000000ef100000| Complete 
| 242|0x00000000ef200000, 0x00000000ef300000, 0x00000000ef300000|100%| E|CS|TAMS 0x00000000ef200000| PB 0x00000000ef200000| Complete 
| 243|0x00000000ef300000, 0x00000000ef400000, 0x00000000ef400000|100%| E|CS|TAMS 0x00000000ef300000| PB 0x00000000ef300000| Complete 
| 244|0x00000000ef400000, 0x00000000ef500000, 0x00000000ef500000|100%| E|CS|TAMS 0x00000000ef400000| PB 0x00000000ef400000| Complete 
| 245|0x00000000ef500000, 0x00000000ef600000, 0x00000000ef600000|100%| E|CS|TAMS 0x00000000ef500000| PB 0x00000000ef500000| Complete 
| 246|0x00000000ef600000, 0x00000000ef700000, 0x00000000ef700000|100%| E|CS|TAMS 0x00000000ef600000| PB 0x00000000ef600000| Complete 
| 247|0x00000000ef700000, 0x00000000ef800000, 0x00000000ef800000|100%| E|CS|TAMS 0x00000000ef700000| PB 0x00000000ef700000| Complete 
| 248|0x00000000ef800000, 0x00000000ef900000, 0x00000000ef900000|100%| E|CS|TAMS 0x00000000ef800000| PB 0x00000000ef800000| Complete 
| 249|0x00000000ef900000, 0x00000000efa00000, 0x00000000efa00000|100%| E|CS|TAMS 0x00000000ef900000| PB 0x00000000ef900000| Complete 
| 250|0x00000000efa00000, 0x00000000efb00000, 0x00000000efb00000|100%| E|CS|TAMS 0x00000000efa00000| PB 0x00000000efa00000| Complete 
| 251|0x00000000efb00000, 0x00000000efc00000, 0x00000000efc00000|100%| E|CS|TAMS 0x00000000efb00000| PB 0x00000000efb00000| Complete 
| 252|0x00000000efc00000, 0x00000000efd00000, 0x00000000efd00000|100%| E|CS|TAMS 0x00000000efc00000| PB 0x00000000efc00000| Complete 
| 253|0x00000000efd00000, 0x00000000efe00000, 0x00000000efe00000|100%| E|CS|TAMS 0x00000000efd00000| PB 0x00000000efd00000| Complete 
| 254|0x00000000efe00000, 0x00000000eff00000, 0x00000000eff00000|100%| E|CS|TAMS 0x00000000efe00000| PB 0x00000000efe00000| Complete 
| 255|0x00000000eff00000, 0x00000000f0000000, 0x00000000f0000000|100%| E|CS|TAMS 0x00000000eff00000| PB 0x00000000eff00000| Complete 

Card table byte_map: [0x00000277f3210000,0x00000277f3310000] _byte_map_base: 0x00000277f2b10000

Marking Bits: (CMBitMap*) 0x00000277ef9ed570
 Bits: [0x00000277f3310000, 0x00000277f3b10000)

Polling page: 0x00000277edd20000

Metaspace:

Usage:
  Non-class:     22.58 MB used.
      Class:      3.93 MB used.
       Both:     26.51 MB used.

Virtual space:
  Non-class space:       64.00 MB reserved,      23.06 MB ( 36%) committed,  1 nodes.
      Class space:      320.00 MB reserved,       4.38 MB (  1%) committed,  1 nodes.
             Both:      384.00 MB reserved,      27.44 MB (  7%) committed. 

Chunk freelists:
   Non-Class:  8.59 MB
       Class:  11.56 MB
        Both:  20.15 MB

MaxMetaspaceSize: 384.00 MB
CompressedClassSpaceSize: 320.00 MB
Initial GC threshold: 21.00 MB
Current GC threshold: 35.12 MB
CDS: on
 - commit_granule_bytes: 65536.
 - commit_granule_words: 8192.
 - virtual_space_node_default_size: 8388608.
 - enlarge_chunks_in_place: 1.
 - use_allocation_guard: 0.


Internal statistics:

num_allocs_failed_limit: 3.
num_arena_births: 1660.
num_arena_deaths: 0.
num_vsnodes_births: 2.
num_vsnodes_deaths: 0.
num_space_committed: 439.
num_space_uncommitted: 0.
num_chunks_returned_to_freelist: 3.
num_chunks_taken_from_freelist: 2885.
num_chunk_merges: 3.
num_chunk_splits: 1878.
num_chunks_enlarged: 1152.
num_inconsistent_stats: 0.

CodeHeap 'non-profiled nmethods': size=120000Kb used=1851Kb max_used=1851Kb free=118148Kb
 bounds [0x0000027787ad0000, 0x0000027787d40000, 0x000002778f000000]
CodeHeap 'profiled nmethods': size=120000Kb used=6987Kb max_used=6987Kb free=113012Kb
 bounds [0x0000027780000000, 0x00000277806e0000, 0x0000027787530000]
CodeHeap 'non-nmethods': size=5760Kb used=1444Kb max_used=1463Kb free=4315Kb
 bounds [0x0000027787530000, 0x00000277877a0000, 0x0000027787ad0000]
CodeCache: size=245760Kb, used=10282Kb, max_used=10301Kb, free=235475Kb
 total_blobs=4111, nmethods=3515, adapters=499, full_count=0
Compilation: enabled, stopped_count=0, restarted_count=0

Compilation events (20 events):
Event: 59.419 Thread 0x00000277f67bb090 3499   !   3       jdk.internal.reflect.MethodHandleAccessorFactory::newConstructorAccessor (84 bytes)
Event: 59.420 Thread 0x00000277f67bb090 nmethod 3499 0x00000277806bf410 code [0x00000277806bf780, 0x00000277806c0ba8]
Event: 59.463 Thread 0x00000277f67bb090 3500       3       java.lang.reflect.Constructor::isVarArgs (5 bytes)
Event: 59.463 Thread 0x00000277f67bb090 nmethod 3500 0x00000277806c1490 code [0x00000277806c1640, 0x00000277806c1818]
Event: 59.463 Thread 0x00000277f67bb090 3501       3       java.lang.invoke.MemberName::<init> (78 bytes)
Event: 59.464 Thread 0x00000277f67bb090 nmethod 3501 0x00000277806c1910 code [0x00000277806c1b40, 0x00000277806c2528]
Event: 59.465 Thread 0x00000277f67bb090 3502       3       org.gradle.internal.service.DefaultServiceRegistry$ConstructorService::getConstructor (46 bytes)
Event: 59.465 Thread 0x00000277f67bb090 nmethod 3502 0x00000277806c2790 code [0x00000277806c29e0, 0x00000277806c3098]
Event: 59.556 Thread 0x00000277f67bb090 3503       3       java.util.regex.Pattern::append (43 bytes)
Event: 59.556 Thread 0x00000277f67bb090 nmethod 3503 0x00000277806c3390 code [0x00000277806c3580, 0x00000277806c3958]
Event: 59.808 Thread 0x00000277f67bb090 3504       3       com.google.common.collect.ImmutableList::asImmutableList (69 bytes)
Event: 59.808 Thread 0x00000277f67bb090 nmethod 3504 0x00000277806c3b10 code [0x00000277806c3da0, 0x00000277806c4918]
Event: 59.808 Thread 0x00000277f67bb090 3505       3       java.lang.reflect.ProxyGenerator$ProxyMethod::codeClassForName (35 bytes)
Event: 59.808 Thread 0x00000277f67bb090 nmethod 3505 0x00000277806c4d10 code [0x00000277806c4f20, 0x00000277806c5470]
Event: 59.815 Thread 0x00000277f67ba5f0 3506   !   4       java.util.zip.ZipFile$ZipFileInflaterInputStream::close (67 bytes)
Event: 59.824 Thread 0x00000277f67bb090 3508       3       org.gradle.internal.reflect.MutableClassDetails::method (12 bytes)
Event: 59.824 Thread 0x00000277f67bb090 nmethod 3508 0x00000277806c5610 code [0x00000277806c57c0, 0x00000277806c5998]
Event: 59.825 Thread 0x00000277f67bb090 3509       3       org.gradle.internal.instantiation.generator.AbstractClassGenerator$InjectionAnnotationValidator::validateMethod (166 bytes)
Event: 59.826 Thread 0x00000277f67bb090 nmethod 3509 0x00000277806c5a90 code [0x00000277806c5de0, 0x00000277806c6ec0]
Event: 59.826 Thread 0x00000277f67bb090 3510       3       org.gradle.internal.instantiation.generator.AbstractClassGenerator$InjectionAnnotationValidator::validateMethod (506 bytes)

GC Heap History (8 events):
Event: 5.574 GC heap before
{Heap before GC invocations=0 (full 0):
 garbage-first heap   total 262144K, used 26624K [0x00000000e0000000, 0x0000000100000000)
  region size 1024K, 23 young (23552K), 0 survivors (0K)
 Metaspace       used 2697K, committed 2880K, reserved 393216K
  class space    used 319K, committed 384K, reserved 327680K
}
Event: 6.444 GC heap after
{Heap after GC invocations=1 (full 0):
 garbage-first heap   total 262144K, used 11903K [0x00000000e0000000, 0x0000000100000000)
  region size 1024K, 3 young (3072K), 3 survivors (3072K)
 Metaspace       used 2697K, committed 2880K, reserved 393216K
  class space    used 319K, committed 384K, reserved 327680K
}
Event: 15.127 GC heap before
{Heap before GC invocations=1 (full 0):
 garbage-first heap   total 262144K, used 38527K [0x00000000e0000000, 0x0000000100000000)
  region size 1024K, 29 young (29696K), 3 survivors (3072K)
 Metaspace       used 4593K, committed 4800K, reserved 393216K
  class space    used 594K, committed 704K, reserved 327680K
}
Event: 15.129 GC heap after
{Heap after GC invocations=2 (full 0):
 garbage-first heap   total 262144K, used 12978K [0x00000000e0000000, 0x0000000100000000)
  region size 1024K, 2 young (2048K), 2 survivors (2048K)
 Metaspace       used 4593K, committed 4800K, reserved 393216K
  class space    used 594K, committed 704K, reserved 327680K
}
Event: 51.131 GC heap before
{Heap before GC invocations=2 (full 0):
 garbage-first heap   total 262144K, used 106162K [0x00000000e0000000, 0x0000000100000000)
  region size 1024K, 92 young (94208K), 2 survivors (2048K)
 Metaspace       used 17652K, committed 18240K, reserved 393216K
  class space    used 2452K, committed 2752K, reserved 327680K
}
Event: 51.139 GC heap after
{Heap after GC invocations=3 (full 0):
 garbage-first heap   total 262144K, used 23680K [0x00000000e0000000, 0x0000000100000000)
  region size 1024K, 11 young (11264K), 11 survivors (11264K)
 Metaspace       used 17652K, committed 18240K, reserved 393216K
  class space    used 2452K, committed 2752K, reserved 327680K
}
Event: 52.972 GC heap before
{Heap before GC invocations=3 (full 0):
 garbage-first heap   total 262144K, used 48256K [0x00000000e0000000, 0x0000000100000000)
  region size 1024K, 36 young (36864K), 11 survivors (11264K)
 Metaspace       used 20803K, committed 21504K, reserved 393216K
  class space    used 2977K, committed 3328K, reserved 327680K
}
Event: 52.977 GC heap after
{Heap after GC invocations=4 (full 0):
 garbage-first heap   total 262144K, used 25296K [0x00000000e0000000, 0x0000000100000000)
  region size 1024K, 12 young (12288K), 12 survivors (12288K)
 Metaspace       used 20803K, committed 21504K, reserved 393216K
  class space    used 2977K, committed 3328K, reserved 327680K
}

Dll operation events (20 events):
Event: 1.196 Attempting to load shared library C:\Users\harry\.vscode\extensions\redhat.java-1.56.0-win32-x64\jre\21.0.12.1-win32-x86_64\bin\nio.dll
Event: 1.200 Loaded shared library C:\Users\harry\.vscode\extensions\redhat.java-1.56.0-win32-x64\jre\21.0.12.1-win32-x86_64\bin\nio.dll
Event: 1.220 Attempting to load shared library C:\Users\harry\.vscode\extensions\redhat.java-1.56.0-win32-x64\jre\21.0.12.1-win32-x86_64\bin\zip.dll
Event: 1.220 Loaded shared library C:\Users\harry\.vscode\extensions\redhat.java-1.56.0-win32-x64\jre\21.0.12.1-win32-x86_64\bin\zip.dll
Event: 3.039 Attempting to load shared library C:\Users\harry\.vscode\extensions\redhat.java-1.56.0-win32-x64\jre\21.0.12.1-win32-x86_64\bin\jimage.dll
Event: 3.039 Loaded shared library C:\Users\harry\.vscode\extensions\redhat.java-1.56.0-win32-x64\jre\21.0.12.1-win32-x86_64\bin\jimage.dll
Event: 4.718 Attempting to load shared library C:\Users\harry\.vscode\extensions\redhat.java-1.56.0-win32-x64\jre\21.0.12.1-win32-x86_64\bin\verify.dll
Event: 4.722 Loaded shared library C:\Users\harry\.vscode\extensions\redhat.java-1.56.0-win32-x64\jre\21.0.12.1-win32-x86_64\bin\verify.dll
Event: 5.313 Attempting to load shared library C:\Users\harry\.gradle\native\660c5614fbf4a5f2a75b1949f50a0caf5cd603558e7d8a26e50b933a0cfb79d1\windows-amd64\native-platform.dll
Event: 5.319 Loaded shared library C:\Users\harry\.gradle\native\660c5614fbf4a5f2a75b1949f50a0caf5cd603558e7d8a26e50b933a0cfb79d1\windows-amd64\native-platform.dll
Event: 5.454 Attempting to load shared library C:\Users\harry\.gradle\native\0.2.8\x86_64-windows-gnu\gradle-fileevents.dll
Event: 5.461 Loaded shared library C:\Users\harry\.gradle\native\0.2.8\x86_64-windows-gnu\gradle-fileevents.dll
Event: 35.768 Attempting to load shared library C:\Users\harry\.vscode\extensions\redhat.java-1.56.0-win32-x64\jre\21.0.12.1-win32-x86_64\bin\management.dll
Event: 35.804 Loaded shared library C:\Users\harry\.vscode\extensions\redhat.java-1.56.0-win32-x64\jre\21.0.12.1-win32-x86_64\bin\management.dll
Event: 35.952 Attempting to load shared library C:\Users\harry\.vscode\extensions\redhat.java-1.56.0-win32-x64\jre\21.0.12.1-win32-x86_64\bin\management_ext.dll
Event: 35.993 Loaded shared library C:\Users\harry\.vscode\extensions\redhat.java-1.56.0-win32-x64\jre\21.0.12.1-win32-x86_64\bin\management_ext.dll
Event: 38.090 Attempting to load shared library C:\Users\harry\.vscode\extensions\redhat.java-1.56.0-win32-x64\jre\21.0.12.1-win32-x86_64\bin\extnet.dll
Event: 38.140 Loaded shared library C:\Users\harry\.vscode\extensions\redhat.java-1.56.0-win32-x64\jre\21.0.12.1-win32-x86_64\bin\extnet.dll
Event: 40.759 Attempting to load shared library C:\Users\harry\.vscode\extensions\redhat.java-1.56.0-win32-x64\jre\21.0.12.1-win32-x86_64\bin\sunmscapi.dll
Event: 40.922 Loaded shared library C:\Users\harry\.vscode\extensions\redhat.java-1.56.0-win32-x64\jre\21.0.12.1-win32-x86_64\bin\sunmscapi.dll

Deoptimization events (20 events):
Event: 53.901 Thread 0x00000277fbee4730 Uncommon trap: trap_request=0xffffffde fr.pc=0x0000027787adc1c8 relative=0x00000000000001a8
Event: 53.901 Thread 0x00000277fbee4730 Uncommon trap: reason=class_check action=maybe_recompile pc=0x0000027787adc1c8 method=java.lang.String.equals(Ljava/lang/Object;)Z @ 8 c2
Event: 53.901 Thread 0x00000277fbee4730 DEOPT PACKING pc=0x0000027787adc1c8 sp=0x000000c22dffad70
Event: 53.901 Thread 0x00000277fbee4730 DEOPT UNPACKING pc=0x0000027787584422 sp=0x000000c22dffad08 mode 2
Event: 56.255 Thread 0x00000277fbee4730 Uncommon trap: trap_request=0xffffff45 fr.pc=0x0000027787c2fcfc relative=0x0000000000000cdc
Event: 56.255 Thread 0x00000277fbee4730 Uncommon trap: reason=unstable_if action=reinterpret pc=0x0000027787c2fcfc method=jdk.internal.org.objectweb.asm.SymbolTable.addType(Ljava/lang/String;)I @ 33 c2
Event: 56.255 Thread 0x00000277fbee4730 DEOPT PACKING pc=0x0000027787c2fcfc sp=0x000000c22dffbfb0
Event: 56.255 Thread 0x00000277fbee4730 DEOPT UNPACKING pc=0x0000027787584422 sp=0x000000c22dffbee8 mode 2
Event: 56.255 Thread 0x00000277fbee4730 Uncommon trap: trap_request=0xffffff45 fr.pc=0x0000027787be625c relative=0x000000000000037c
Event: 56.255 Thread 0x00000277fbee4730 Uncommon trap: reason=unstable_if action=reinterpret pc=0x0000027787be625c method=jdk.internal.org.objectweb.asm.SymbolTable.addType(Ljava/lang/String;)I @ 33 c2
Event: 56.255 Thread 0x00000277fbee4730 DEOPT PACKING pc=0x0000027787be625c sp=0x000000c22dffc090
Event: 56.255 Thread 0x00000277fbee4730 DEOPT UNPACKING pc=0x0000027787584422 sp=0x000000c22dffc018 mode 2
Event: 56.257 Thread 0x00000277fbee4730 Uncommon trap: trap_request=0xffffff45 fr.pc=0x0000027787c84a98 relative=0x00000000000001d8
Event: 56.257 Thread 0x00000277fbee4730 Uncommon trap: reason=unstable_if action=reinterpret pc=0x0000027787c84a98 method=jdk.internal.org.objectweb.asm.Type.getTypeInternal(Ljava/lang/String;II)Ljdk/internal/org/objectweb/asm/Type; @ 5 c2
Event: 56.257 Thread 0x00000277fbee4730 DEOPT PACKING pc=0x0000027787c84a98 sp=0x000000c22dffbf50
Event: 56.257 Thread 0x00000277fbee4730 DEOPT UNPACKING pc=0x0000027787584422 sp=0x000000c22dffbee8 mode 2
Event: 56.708 Thread 0x00000277fbee4730 Uncommon trap: trap_request=0xffffff76 fr.pc=0x0000027787c83084 relative=0x00000000000001c4
Event: 56.708 Thread 0x00000277fbee4730 Uncommon trap: reason=predicate action=maybe_recompile pc=0x0000027787c83084 method=com.google.common.base.CharMatcher.indexIn(Ljava/lang/CharSequence;I)I @ 19 c2
Event: 56.708 Thread 0x00000277fbee4730 DEOPT PACKING pc=0x0000027787c83084 sp=0x000000c22dffb1c0
Event: 56.708 Thread 0x00000277fbee4730 DEOPT UNPACKING pc=0x0000027787584422 sp=0x000000c22dffb150 mode 2

Classes loaded (20 events):
Event: 53.875 Loading class java/util/zip/GZIPInputStream
Event: 53.875 Loading class java/util/zip/GZIPInputStream done
Event: 53.875 Loading class java/util/zip/GZIPOutputStream
Event: 53.885 Loading class java/util/zip/DeflaterOutputStream
Event: 53.885 Loading class java/util/zip/DeflaterOutputStream done
Event: 53.885 Loading class java/util/zip/GZIPOutputStream done
Event: 53.888 Loading class java/io/UnsupportedEncodingException
Event: 53.888 Loading class java/io/UnsupportedEncodingException done
Event: 56.700 Loading class java/util/concurrent/TimeoutException
Event: 56.700 Loading class java/util/concurrent/TimeoutException done
Event: 56.700 Loading class java/util/concurrent/CancellationException
Event: 56.700 Loading class java/util/concurrent/CancellationException done
Event: 56.827 Loading class java/util/concurrent/locks/AbstractQueuedSynchronizer$SharedNode
Event: 56.827 Loading class java/util/concurrent/locks/AbstractQueuedSynchronizer$SharedNode done
Event: 56.864 Loading class java/util/ArrayDeque$DeqSpliterator
Event: 56.864 Loading class java/util/ArrayDeque$DeqSpliterator done
Event: 58.131 Loading class java/io/StringReader
Event: 58.131 Loading class java/io/StringReader done
Event: 59.823 Loading class java/lang/invoke/SerializedLambda
Event: 59.823 Loading class java/lang/invoke/SerializedLambda done

Classes unloaded (0 events):
No events

Classes redefined (0 events):
No events

Internal exceptions (20 events):
Event: 53.352 Thread 0x00000277fbee4730 Exception <a 'java/lang/NoSuchMethodError'{0x00000000ef9a8f68}: 'java.lang.Object java.lang.invoke.DirectMethodHandle$Holder.invokeVirtual(java.lang.Object, java.lang.Object, java.lang.Object, java.lang.Object, java.lang.Object, java.lang.Object, java.lang.Object, java.lang.Object, java.lang.Object, java.lang.Object, java.lang.Object, java.lang.Object, java.lang.Object, java.lang.Object, java.lang.Object, java.lang.Object, java.lang.Object, java.lang.Object, java.lang.Object, java.lang.Object, java.lang.Ob
Event: 53.625 Thread 0x00000277fbee4730 Exception <a 'java/lang/NoSuchMethodError'{0x00000000ef3cc890}: 'void java.lang.invoke.DirectMethodHandle$Holder.invokeVirtual(java.lang.Object, java.lang.Object, java.lang.Object, java.lang.Object, java.lang.Object, java.lang.Object)'> (0x00000000ef3cc890) 
thrown [s\src\hotspot\share\interpreter\linkResolver.cpp, line 773]
Event: 53.625 Thread 0x00000277fbee4730 Exception <a 'java/lang/NoSuchMethodError'{0x00000000ef3d09e8}: 'void java.lang.invoke.DelegatingMethodHandle$Holder.reinvoke_L(java.lang.Object, java.lang.Object, java.lang.Object, java.lang.Object, java.lang.Object, java.lang.Object)'> (0x00000000ef3d09e8) 
thrown [s\src\hotspot\share\interpreter\linkResolver.cpp, line 773]
Event: 53.727 Thread 0x00000277fbee4730 Exception <a 'java/lang/NoSuchMethodError'{0x00000000eef4ac78}: 'int java.lang.invoke.DirectMethodHandle$Holder.invokeStaticInit(java.lang.Object, java.lang.Object)'> (0x00000000eef4ac78) 
thrown [s\src\hotspot\share\interpreter\linkResolver.cpp, line 773]
Event: 54.971 Thread 0x00000277fbee4730 Exception <a 'java/lang/NoSuchMethodError'{0x00000000ee785fd0}: 'java.lang.Object java.lang.invoke.DirectMethodHandle$Holder.invokeSpecial(java.lang.Object, java.lang.Object, java.lang.Object, java.lang.Object, java.lang.Object, java.lang.Object, java.lang.Object, java.lang.Object, java.lang.Object, java.lang.Object, java.lang.Object, java.lang.Object, java.lang.Object, java.lang.Object, java.lang.Object, java.lang.Object, java.lang.Object, java.lang.Object, java.lang.Object, java.lang.Object, java.lang.Ob
Event: 54.972 Thread 0x00000277fbee4730 Exception <a 'java/lang/NoSuchMethodError'{0x00000000ee78bb08}: 'java.lang.Object java.lang.invoke.DelegatingMethodHandle$Holder.reinvoke_L(java.lang.Object, java.lang.Object, java.lang.Object, java.lang.Object, java.lang.Object, java.lang.Object, java.lang.Object, java.lang.Object, java.lang.Object, java.lang.Object, java.lang.Object, java.lang.Object, java.lang.Object, java.lang.Object, java.lang.Object, java.lang.Object, java.lang.Object, java.lang.Object, java.lang.Object, java.lang.Object, java.lang.O
Event: 54.973 Thread 0x00000277fbee4730 Exception <a 'java/lang/NoSuchMethodError'{0x00000000ee7974b8}: 'java.lang.Object java.lang.invoke.DirectMethodHandle$Holder.invokeSpecial(java.lang.Object, java.lang.Object, java.lang.Object, java.lang.Object, java.lang.Object, java.lang.Object, java.lang.Object, java.lang.Object, java.lang.Object, java.lang.Object, java.lang.Object, java.lang.Object, java.lang.Object, java.lang.Object, java.lang.Object, java.lang.Object, java.lang.Object, java.lang.Object, java.lang.Object, java.lang.Object, java.lang.Ob
Event: 54.973 Thread 0x00000277fbee4730 Exception <a 'java/lang/NoSuchMethodError'{0x00000000ee79ce38}: 'java.lang.Object java.lang.invoke.Invokers$Holder.invoker(java.lang.Object, java.lang.Object, java.lang.Object, java.lang.Object, java.lang.Object, java.lang.Object, java.lang.Object, java.lang.Object, java.lang.Object, java.lang.Object, java.lang.Object, java.lang.Object, java.lang.Object, java.lang.Object, java.lang.Object, java.lang.Object, java.lang.Object, java.lang.Object, java.lang.Object, java.lang.Object, java.lang.Object, java.lang.
Event: 54.973 Thread 0x00000277fbee4730 Exception <a 'java/lang/NoSuchMethodError'{0x00000000ee7a31b8}: 'java.lang.Object java.lang.invoke.DelegatingMethodHandle$Holder.delegate(java.lang.Object, java.lang.Object, java.lang.Object, java.lang.Object, java.lang.Object, java.lang.Object, java.lang.Object, java.lang.Object, java.lang.Object, java.lang.Object, java.lang.Object, java.lang.Object, java.lang.Object, java.lang.Object, java.lang.Object, java.lang.Object, java.lang.Object, java.lang.Object, java.lang.Object, java.lang.Object, java.lang.Obj
Event: 55.973 Thread 0x00000277fbee4730 Exception <a 'java/lang/IncompatibleClassChangeError'{0x00000000ed7a02a8}: Found class java.lang.Object, but interface was expected> (0x00000000ed7a02a8) 
thrown [s\src\hotspot\share\interpreter\linkResolver.cpp, line 840]
Event: 55.987 Thread 0x00000277fbee4730 Exception <a 'java/lang/NoSuchMethodError'{0x00000000ed64d5b0}: 'java.lang.Object java.lang.invoke.DirectMethodHandle$Holder.invokeVirtual(java.lang.Object, java.lang.Object, java.lang.Object, java.lang.Object, java.lang.Object, java.lang.Object, java.lang.Object, java.lang.Object, java.lang.Object, java.lang.Object, java.lang.Object, java.lang.Object, java.lang.Object)'> (0x00000000ed64d5b0) 
thrown [s\src\hotspot\share\interpreter\linkResolver.cpp, line 773]
Event: 55.988 Thread 0x00000277fbee4730 Exception <a 'java/lang/NoSuchMethodError'{0x00000000ed6527e8}: 'java.lang.Object java.lang.invoke.DirectMethodHandle$Holder.invokeSpecial(java.lang.Object, java.lang.Object, java.lang.Object, java.lang.Object, java.lang.Object, java.lang.Object, java.lang.Object, java.lang.Object, java.lang.Object, java.lang.Object, java.lang.Object, java.lang.Object, java.lang.Object, java.lang.Object)'> (0x00000000ed6527e8) 
thrown [s\src\hotspot\share\interpreter\linkResolver.cpp, line 773]
Event: 55.988 Thread 0x00000277fbee4730 Exception <a 'java/lang/NoSuchMethodError'{0x00000000ed657288}: 'java.lang.Object java.lang.invoke.DelegatingMethodHandle$Holder.reinvoke_L(java.lang.Object, java.lang.Object, java.lang.Object, java.lang.Object, java.lang.Object, java.lang.Object, java.lang.Object, java.lang.Object, java.lang.Object, java.lang.Object, java.lang.Object, java.lang.Object, java.lang.Object)'> (0x00000000ed657288) 
thrown [s\src\hotspot\share\interpreter\linkResolver.cpp, line 773]
Event: 56.126 Thread 0x00000277fbee4730 Exception <a 'java/lang/NoSuchMethodError'{0x00000000ed5bdd60}: 'void java.lang.invoke.DirectMethodHandle$Holder.invokeStaticInit(java.lang.Object, java.lang.Object)'> (0x00000000ed5bdd60) 
thrown [s\src\hotspot\share\interpreter\linkResolver.cpp, line 773]
Event: 56.197 Thread 0x00000277fbee4730 Exception <a 'java/lang/NoSuchMethodError'{0x00000000ed3592c0}: 'java.lang.Object java.lang.invoke.DirectMethodHandle$Holder.newInvokeSpecial(java.lang.Object, java.lang.Object, java.lang.Object, java.lang.Object, java.lang.Object, java.lang.Object, java.lang.Object, java.lang.Object, java.lang.Object, java.lang.Object, java.lang.Object, java.lang.Object, java.lang.Object, java.lang.Object, java.lang.Object)'> (0x00000000ed3592c0) 
thrown [s\src\hotspot\share\interpreter\linkResolver.cpp, line 773]
Event: 56.197 Thread 0x00000277fbee4730 Exception <a 'java/lang/NoSuchMethodError'{0x00000000ed35ef00}: 'java.lang.Object java.lang.invoke.DirectMethodHandle$Holder.invokeSpecial(java.lang.Object, java.lang.Object, java.lang.Object, java.lang.Object, java.lang.Object, java.lang.Object, java.lang.Object, java.lang.Object, java.lang.Object, java.lang.Object, java.lang.Object, java.lang.Object, java.lang.Object, java.lang.Object, java.lang.Object, java.lang.Object)'> (0x00000000ed35ef00) 
thrown [s\src\hotspot\share\interpreter\linkResolver.cpp, li
Event: 56.198 Thread 0x00000277fbee4730 Exception <a 'java/lang/NoSuchMethodError'{0x00000000ed363c90}: 'java.lang.Object java.lang.invoke.DelegatingMethodHandle$Holder.reinvoke_L(java.lang.Object, java.lang.Object, java.lang.Object, java.lang.Object, java.lang.Object, java.lang.Object, java.lang.Object, java.lang.Object, java.lang.Object, java.lang.Object, java.lang.Object, java.lang.Object, java.lang.Object, java.lang.Object, java.lang.Object)'> (0x00000000ed363c90) 
thrown [s\src\hotspot\share\interpreter\linkResolver.cpp, line 773]
Event: 56.404 Thread 0x00000277fbee4730 Exception <a 'java/lang/IncompatibleClassChangeError'{0x00000000ed0a20a0}: Found class java.lang.Object, but interface was expected> (0x00000000ed0a20a0) 
thrown [s\src\hotspot\share\interpreter\linkResolver.cpp, line 840]
Event: 56.861 Thread 0x00000277fbee4730 Exception <a 'java/lang/NoSuchMethodError'{0x00000000ecd28190}: 'int java.lang.invoke.DirectMethodHandle$Holder.invokeVirtual(java.lang.Object, java.lang.Object)'> (0x00000000ecd28190) 
thrown [s\src\hotspot\share\interpreter\linkResolver.cpp, line 773]
Event: 58.148 Thread 0x00000277fbee4730 Exception <a 'java/lang/NoSuchMethodError'{0x00000000eca50b40}: 'void java.lang.invoke.DirectMethodHandle$Holder.invokeInterface(java.lang.Object, java.lang.Object, java.lang.Object, java.lang.Object, java.lang.Object)'> (0x00000000eca50b40) 
thrown [s\src\hotspot\share\interpreter\linkResolver.cpp, line 773]

ZGC Phase Switch (0 events):
No events

VM Operations (20 events):
Event: 52.208 Executing safepoint VM operation: Cleanup
Event: 52.410 Executing safepoint VM operation: Cleanup done
Event: 52.972 Executing safepoint VM operation: CollectForMetadataAllocation (Metadata GC Threshold)
Event: 52.977 Executing safepoint VM operation: CollectForMetadataAllocation (Metadata GC Threshold) done
Event: 53.040 Executing safepoint VM operation: G1PauseRemark
Event: 53.042 Executing safepoint VM operation: G1PauseRemark done
Event: 53.043 Executing safepoint VM operation: G1PauseCleanup
Event: 53.043 Executing safepoint VM operation: G1PauseCleanup done
Event: 54.051 Executing safepoint VM operation: Cleanup
Event: 54.052 Executing safepoint VM operation: Cleanup done
Event: 55.052 Executing safepoint VM operation: Cleanup
Event: 55.052 Executing safepoint VM operation: Cleanup done
Event: 56.053 Executing safepoint VM operation: Cleanup
Event: 56.116 Executing safepoint VM operation: Cleanup done
Event: 57.128 Executing safepoint VM operation: Cleanup
Event: 57.129 Executing safepoint VM operation: Cleanup done
Event: 58.131 Executing safepoint VM operation: Cleanup
Event: 58.131 Executing safepoint VM operation: Cleanup done
Event: 59.135 Executing safepoint VM operation: Cleanup
Event: 59.135 Executing safepoint VM operation: Cleanup done

Memory protections (0 events):
No events

Nmethod flushes (0 events):
No events

Events (20 events):
Event: 36.005 Thread 0x00000277fbbe7e80 Thread exited: 0x00000277fbbe7e80
Event: 36.046 Thread 0x00000277ed758890 Thread added: 0x00000277fb04f530
Event: 39.259 Thread 0x00000277ed758890 Thread added: 0x00000277fca5dc80
Event: 40.211 Thread 0x00000277ed758890 Thread added: 0x00000277fbf53bf0
Event: 41.487 Thread 0x00000277fca5dc80 Thread added: 0x00000277fbaf84c0
Event: 41.512 Thread 0x00000277fbaf84c0 Thread added: 0x00000277fcf98cd0
Event: 42.018 Thread 0x00000277fbaf84c0 Thread added: 0x00000277fbee10a0
Event: 42.506 Thread 0x00000277fbaf84c0 Thread added: 0x00000277fbee4730
Event: 42.811 Thread 0x00000277fbee4730 Thread added: 0x00000277fba61970
Event: 42.948 Thread 0x00000277fbee4730 Thread added: 0x00000277fba60c50
Event: 42.967 Thread 0x00000277fbee4730 Thread added: 0x00000277fba62690
Event: 45.078 Thread 0x00000277fbee4730 Thread added: 0x00000277fba62d20
Event: 45.286 Thread 0x00000277fbee4730 Thread added: 0x00000277fba62000
Event: 47.933 Thread 0x00000277fba62000 Thread added: 0x00000277fba633b0
Event: 48.744 Thread 0x00000277fbee4730 Thread added: 0x00000277fba640d0
Event: 53.937 Thread 0x00000277fbee4730 Thread added: 0x00000277fd8db5b0
Event: 54.550 Thread 0x00000277fbee4730 Thread added: 0x00000277fd8da890
Event: 56.827 Thread 0x00000277fbee4730 Thread added: 0x00000277fd8d8130
Event: 56.859 Thread 0x00000277fbee4730 Thread added: 0x00000277fd8d94e0
Event: 59.557 Thread 0x00000277fbee4730 Thread added: 0x00000277fd8d87c0


Dynamic libraries:
0x00007ff7749f0000 - 0x00007ff7749fe000 	C:\Users\harry\.vscode\extensions\redhat.java-1.56.0-win32-x64\jre\21.0.12.1-win32-x86_64\bin\java.exe
0x00007ff9e0ce0000 - 0x00007ff9e0f47000 	C:\WINDOWS\SYSTEM32\ntdll.dll
0x00007ff9dfa40000 - 0x00007ff9dfb0b000 	C:\WINDOWS\System32\KERNEL32.DLL
0x00007ff9de340000 - 0x00007ff9de742000 	C:\WINDOWS\System32\KERNELBASE.dll
0x00007ff9de750000 - 0x00007ff9de89c000 	C:\WINDOWS\System32\ucrtbase.dll
0x00007ff9a5c60000 - 0x00007ff9a5c78000 	C:\Users\harry\.vscode\extensions\redhat.java-1.56.0-win32-x64\jre\21.0.12.1-win32-x86_64\bin\jli.dll
0x00007ff9dfe40000 - 0x00007ff9e000f000 	C:\WINDOWS\System32\USER32.dll
0x00007ff9ddfa0000 - 0x00007ff9ddfc7000 	C:\WINDOWS\System32\win32u.dll
0x00007ff9deb00000 - 0x00007ff9deb2b000 	C:\WINDOWS\System32\GDI32.dll
0x00007ff9ddfd0000 - 0x00007ff9de0f9000 	C:\WINDOWS\System32\gdi32full.dll
0x00007ff9de100000 - 0x00007ff9de1a3000 	C:\WINDOWS\System32\msvcp_win.dll
0x00007ff9a6bc0000 - 0x00007ff9a6bde000 	C:\Users\harry\.vscode\extensions\redhat.java-1.56.0-win32-x64\jre\21.0.12.1-win32-x86_64\bin\VCRUNTIME140.dll
0x00007ff9c4d40000 - 0x00007ff9c4fd0000 	C:\WINDOWS\WinSxS\amd64_microsoft.windows.common-controls_6595b64144ccf1df_6.0.26100.9278_none_3e0d1ba8e3303201\COMCTL32.dll
0x00007ff9dfc40000 - 0x00007ff9dfce9000 	C:\WINDOWS\System32\msvcrt.dll
0x00007ff9dfbe0000 - 0x00007ff9dfc11000 	C:\WINDOWS\System32\IMM32.DLL
0x00007ff9cdd30000 - 0x00007ff9cdd3c000 	C:\Users\harry\.vscode\extensions\redhat.java-1.56.0-win32-x64\jre\21.0.12.1-win32-x86_64\bin\vcruntime140_1.dll
0x00007ff951d10000 - 0x00007ff951d9d000 	C:\Users\harry\.vscode\extensions\redhat.java-1.56.0-win32-x64\jre\21.0.12.1-win32-x86_64\bin\msvcp140.dll
0x00007ff950b70000 - 0x00007ff951912000 	C:\Users\harry\.vscode\extensions\redhat.java-1.56.0-win32-x64\jre\21.0.12.1-win32-x86_64\bin\server\jvm.dll
0x00007ff9dfb10000 - 0x00007ff9dfbcc000 	C:\WINDOWS\System32\ADVAPI32.dll
0x00007ff9dec60000 - 0x00007ff9ded09000 	C:\WINDOWS\System32\sechost.dll
0x00007ff9deb30000 - 0x00007ff9dec48000 	C:\WINDOWS\System32\RPCRT4.dll
0x00007ff9df9b0000 - 0x00007ff9dfa30000 	C:\WINDOWS\System32\WS2_32.dll
0x00007ff9ddd60000 - 0x00007ff9dddbe000 	C:\WINDOWS\SYSTEM32\POWRPROF.dll
0x00007ff9d5760000 - 0x00007ff9d5796000 	C:\WINDOWS\SYSTEM32\WINMM.dll
0x00007ff9d0430000 - 0x00007ff9d043b000 	C:\WINDOWS\SYSTEM32\VERSION.dll
0x00007ff9ddd40000 - 0x00007ff9ddd55000 	C:\WINDOWS\SYSTEM32\UMPDC.dll
0x00007ff9dcb90000 - 0x00007ff9dcbab000 	C:\WINDOWS\SYSTEM32\kernel.appcore.dll
0x00007ff9cc4e0000 - 0x00007ff9cc4ea000 	C:\Users\harry\.vscode\extensions\redhat.java-1.56.0-win32-x64\jre\21.0.12.1-win32-x86_64\bin\jimage.dll
0x00007ff9db4a0000 - 0x00007ff9db6ec000 	C:\WINDOWS\SYSTEM32\DBGHELP.DLL
0x00007ff9df620000 - 0x00007ff9df9a5000 	C:\WINDOWS\System32\combase.dll
0x00007ff9e0020000 - 0x00007ff9e00f9000 	C:\WINDOWS\System32\OLEAUT32.dll
0x00007ff9c3ed0000 - 0x00007ff9c3f0b000 	C:\WINDOWS\SYSTEM32\dbgcore.DLL
0x00007ff9ddee0000 - 0x00007ff9ddf8c000 	C:\WINDOWS\System32\bcryptPrimitives.dll
0x00007ff9c8aa0000 - 0x00007ff9c8aaf000 	C:\Users\harry\.vscode\extensions\redhat.java-1.56.0-win32-x64\jre\21.0.12.1-win32-x86_64\bin\instrument.dll
0x00007ff9a5a30000 - 0x00007ff9a5a50000 	C:\Users\harry\.vscode\extensions\redhat.java-1.56.0-win32-x64\jre\21.0.12.1-win32-x86_64\bin\java.dll
0x00007ff9e0280000 - 0x00007ff9e0a18000 	C:\WINDOWS\System32\SHELL32.dll
0x00007ff9db900000 - 0x00007ff9dc1ae000 	C:\WINDOWS\SYSTEM32\windows.storage.dll
0x00007ff9dea00000 - 0x00007ff9deafb000 	C:\WINDOWS\System32\SHCORE.dll
0x00007ff9e0100000 - 0x00007ff9e0166000 	C:\WINDOWS\System32\shlwapi.dll
0x00007ff9dde00000 - 0x00007ff9dde29000 	C:\WINDOWS\SYSTEM32\profapi.dll
0x00007ff99e720000 - 0x00007ff99e738000 	C:\Users\harry\.vscode\extensions\redhat.java-1.56.0-win32-x64\jre\21.0.12.1-win32-x86_64\bin\zip.dll
0x00007ff9c3ec0000 - 0x00007ff9c3ed0000 	C:\Users\harry\.vscode\extensions\redhat.java-1.56.0-win32-x64\jre\21.0.12.1-win32-x86_64\bin\net.dll
0x00007ff9cf500000 - 0x00007ff9cf62a000 	C:\WINDOWS\SYSTEM32\WINHTTP.dll
0x00007ff9dd170000 - 0x00007ff9dd1dc000 	C:\WINDOWS\system32\mswsock.dll
0x00007ff99a580000 - 0x00007ff99a596000 	C:\Users\harry\.vscode\extensions\redhat.java-1.56.0-win32-x64\jre\21.0.12.1-win32-x86_64\bin\nio.dll
0x00007ff9ccca0000 - 0x00007ff9cccb0000 	C:\Users\harry\.vscode\extensions\redhat.java-1.56.0-win32-x64\jre\21.0.12.1-win32-x86_64\bin\verify.dll
0x00007ff9b34f0000 - 0x00007ff9b3517000 	C:\Users\harry\.gradle\native\660c5614fbf4a5f2a75b1949f50a0caf5cd603558e7d8a26e50b933a0cfb79d1\windows-amd64\native-platform.dll
0x00007ff98b1a0000 - 0x00007ff98b217000 	C:\Users\harry\.gradle\native\0.2.8\x86_64-windows-gnu\gradle-fileevents.dll
0x00007ff9c1be0000 - 0x00007ff9c1bea000 	C:\Users\harry\.vscode\extensions\redhat.java-1.56.0-win32-x64\jre\21.0.12.1-win32-x86_64\bin\management.dll
0x00007ff9c1bd0000 - 0x00007ff9c1bdc000 	C:\Users\harry\.vscode\extensions\redhat.java-1.56.0-win32-x64\jre\21.0.12.1-win32-x86_64\bin\management_ext.dll
0x00007ff9e0190000 - 0x00007ff9e0198000 	C:\WINDOWS\System32\PSAPI.DLL
0x00007ff9dc4d0000 - 0x00007ff9dc503000 	C:\WINDOWS\SYSTEM32\IPHLPAPI.DLL
0x00007ff9dec50000 - 0x00007ff9dec5a000 	C:\WINDOWS\System32\NSI.dll
0x00007ff9bf1c0000 - 0x00007ff9bf1c9000 	C:\Users\harry\.vscode\extensions\redhat.java-1.56.0-win32-x64\jre\21.0.12.1-win32-x86_64\bin\extnet.dll
0x00007ff9dd460000 - 0x00007ff9dd47b000 	C:\WINDOWS\SYSTEM32\CRYPTSP.dll
0x00007ff9dcae0000 - 0x00007ff9dcb19000 	C:\WINDOWS\system32\rsaenh.dll
0x00007ff9dd220000 - 0x00007ff9dd254000 	C:\WINDOWS\SYSTEM32\USERENV.dll
0x00007ff9dddd0000 - 0x00007ff9dddfa000 	C:\WINDOWS\SYSTEM32\bcrypt.dll
0x00007ff9dd480000 - 0x00007ff9dd48c000 	C:\WINDOWS\SYSTEM32\CRYPTBASE.dll
0x00007ff995dd0000 - 0x00007ff995dde000 	C:\Users\harry\.vscode\extensions\redhat.java-1.56.0-win32-x64\jre\21.0.12.1-win32-x86_64\bin\sunmscapi.dll
0x00007ff9de1b0000 - 0x00007ff9de32e000 	C:\WINDOWS\System32\CRYPT32.dll
0x00007ff9dd6a0000 - 0x00007ff9dd6d0000 	C:\WINDOWS\SYSTEM32\ncrypt.dll
0x00007ff9dd650000 - 0x00007ff9dd68f000 	C:\WINDOWS\SYSTEM32\NTASN1.dll
0x00007ff9c5990000 - 0x00007ff9c5998000 	C:\WINDOWS\system32\wshunix.dll

JVMTI agents:
C:\Users\harry\.gradle\wrapper\dists\gradle-9.7.1-bin\1w1c7tv4s851m17nbqdsro2tv\gradle-9.7.1\lib\agents\gradle-instrumentation-agent-9.7.1.jar path:C:\Users\harry\.vscode\extensions\redhat.java-1.56.0-win32-x64\jre\21.0.12.1-win32-x86_64\bin\instrument.dll, loaded, initialized, instrumentlib options:none

dbghelp: loaded successfully - version: 4.0.5 - missing functions: none
symbol engine: initialized successfully - sym options: 0x614 - pdb path: .;C:\Users\harry\.vscode\extensions\redhat.java-1.56.0-win32-x64\jre\21.0.12.1-win32-x86_64\bin;C:\WINDOWS\SYSTEM32;C:\WINDOWS\WinSxS\amd64_microsoft.windows.common-controls_6595b64144ccf1df_6.0.26100.9278_none_3e0d1ba8e3303201;C:\Users\harry\.vscode\extensions\redhat.java-1.56.0-win32-x64\jre\21.0.12.1-win32-x86_64\bin\server;C:\Users\harry\.gradle\native\660c5614fbf4a5f2a75b1949f50a0caf5cd603558e7d8a26e50b933a0cfb79d1\windows-amd64;C:\Users\harry\.gradle\native\0.2.8\x86_64-windows-gnu

VM Arguments:
jvm_args: -Dfile.encoding=UTF-8 --add-opens=java.base/java.lang=ALL-UNNAMED --add-opens=java.base/java.lang.invoke=ALL-UNNAMED --add-opens=java.base/java.util=ALL-UNNAMED --add-opens=java.prefs/java.util.prefs=ALL-UNNAMED --add-exports=jdk.compiler/com.sun.tools.javac.api=ALL-UNNAMED --add-exports=jdk.compiler/com.sun.tools.javac.util=ALL-UNNAMED --add-opens=java.base/java.nio.charset=ALL-UNNAMED --add-opens=java.base/java.net=ALL-UNNAMED --add-opens=java.base/java.util.concurrent=ALL-UNNAMED --add-opens=java.base/java.util.concurrent.atomic=ALL-UNNAMED --add-opens=java.xml/javax.xml.namespace=ALL-UNNAMED --add-opens=java.base/java.time=ALL-UNNAMED -XX:MaxMetaspaceSize=384m -XX:+HeapDumpOnOutOfMemoryError -Xms256m -Xmx512m -Dfile.encoding=UTF-8 -Duser.country=KR -Duser.language=ko -Duser.variant -javaagent:C:\Users\harry\.gradle\wrapper\dists\gradle-9.7.1-bin\1w1c7tv4s851m17nbqdsro2tv\gradle-9.7.1\lib\agents\gradle-instrumentation-agent-9.7.1.jar 
java_command: org.gradle.launcher.daemon.bootstrap.GradleDaemon 9.7.1
java_class_path (initial): C:\Users\harry\.gradle\wrapper\dists\gradle-9.7.1-bin\1w1c7tv4s851m17nbqdsro2tv\gradle-9.7.1\lib\gradle-daemon-main-9.7.1.jar
Launcher Type: SUN_STANDARD

[Global flags]
     intx CICompilerCount                          = 4                                         {product} {ergonomic}
   size_t CompressedClassSpaceSize                 = 335544320                                 {product} {ergonomic}
     uint ConcGCThreads                            = 3                                         {product} {ergonomic}
     uint G1ConcRefinementThreads                  = 10                                        {product} {ergonomic}
   size_t G1HeapRegionSize                         = 1048576                                   {product} {ergonomic}
    uintx GCDrainStackTargetSize                   = 64                                        {product} {ergonomic}
     bool HeapDumpOnOutOfMemoryError               = true                                   {manageable} {command line}
   size_t InitialHeapSize                          = 268435456                                 {product} {command line}
   size_t MarkStackSize                            = 4194304                                   {product} {ergonomic}
   size_t MaxHeapSize                              = 536870912                                 {product} {command line}
   size_t MaxMetaspaceSize                         = 402653184                                 {product} {command line}
   size_t MaxNewSize                               = 321912832                                 {product} {ergonomic}
   size_t MinHeapDeltaBytes                        = 1048576                                   {product} {ergonomic}
   size_t MinHeapSize                              = 268435456                                 {product} {command line}
    uintx NonNMethodCodeHeapSize                   = 5839372                                {pd product} {ergonomic}
    uintx NonProfiledCodeHeapSize                  = 122909434                              {pd product} {ergonomic}
    uintx ProfiledCodeHeapSize                     = 122909434                              {pd product} {ergonomic}
    uintx ReservedCodeCacheSize                    = 251658240                              {pd product} {ergonomic}
     bool SegmentedCodeCache                       = true                                      {product} {ergonomic}
   size_t SoftMaxHeapSize                          = 536870912                              {manageable} {ergonomic}
     bool UseCompressedOops                        = true                           {product lp64_product} {ergonomic}
     bool UseG1GC                                  = true                                      {product} {ergonomic}
     bool UseLargePagesIndividualAllocation        = false                                  {pd product} {ergonomic}

Logging:
Log output configuration:
 #0: stdout all=warning uptime,level,tags foldmultilines=false
 #1: stderr all=off uptime,level,tags foldmultilines=false

Release file:
JAVA_VERSION="21.0.12.1" 
MODULES="java.base java.compiler java.datatransfer java.xml java.prefs java.desktop java.instrument java.logging java.management java.security.sasl java.naming java.rmi java.management.rmi java.net.http java.scripting java.security.jgss java.transaction.xa java.sql java.sql.rowset java.xml.crypto java.se java.smartcardio jdk.accessibility jdk.internal.jvmstat jdk.attach jdk.charsets jdk.internal.opt jdk.zipfs jdk.compiler jdk.crypto.ec jdk.crypto.cryptoki jdk.crypto.mscapi jdk.dynalink jdk.internal.ed jdk.editpad jdk.hotspot.agent jdk.httpserver jdk.internal.le jdk.internal.vm.ci jdk.internal.vm.compiler jdk.internal.vm.compiler.management jdk.jartool jdk.javadoc jdk.jcmd jdk.management jdk.management.agent jdk.jconsole jdk.jdeps jdk.jdwp.agent jdk.jdi jdk.jfr jdk.jshell jdk.jsobject jdk.jstatd jdk.localedata jdk.management.jfr jdk.naming.dns jdk.naming.rmi jdk.net jdk.nio.mapmode jdk.random jdk.sctp jdk.security.auth jdk.security.jgss jdk.unsupported jdk.unsupported.desktop jdk.xml.dom" 

Environment Variables:
JAVA_TOOL_OPTIONS=-Dfile.encoding=UTF-8
PATH=C:\Program Files\Common Files\Oracle\Java\javapath;C:\Program Files (x86)\VMware\VMware Workstation\bin\;C:\WINDOWS\system32;C:\WINDOWS;C:\WINDOWS\System32\Wbem;C:\WINDOWS\System32\WindowsPowerShell\v1.0\;C:\WINDOWS\System32\OpenSSH\;C:\Program Files\nodejs\;C:\Program Files\Git\cmd;C:\apache-maven-3.9.12-bin\apache-maven-3.9.12\bin;C:\Program Files\Microsoft SQL Server\Client SDK\ODBC\170\Tools\Binn\;C:\Program Files\Microsoft SQL Server\160\DTS\Binn\;C:\Program Files (x86)\cloudflared\;C:\Users\harry\.local\bin;C:\Users\harry\AppData\Local\Microsoft\WindowsApps;C:\Users\harry\AppData\Local\Programs\Microsoft VS Code\bin;C:\Users\harry\AppData\Roaming\npm;C:\Users\harry\AppData\Local\GitHubDesktop\bin;C:\Users\harry\.lmstudio\bin;C:\Program Files\JetBrains\IntelliJ IDEA 2026.2.1\bin;C:\Users\harry\AppData\Local\Programs\DockerDesktop\resources\bin
USERNAME=harry
OS=Windows_NT
PROCESSOR_IDENTIFIER=Intel64 Family 6 Model 186 Stepping 3, GenuineIntel
TMP=C:\Users\harry\AppData\Local\Temp
TEMP=C:\Users\harry\AppData\Local\Temp




Periodic native trim disabled

---------------  S Y S T E M  ---------------

OS:
 Windows 11 , 64 bit Build 26100 (10.0.26100.9444)
OS uptime: 0 days 1:38 hours
Hyper-V role detected

CPU: total 12 (initial active 12) (6 cores per cpu, 2 threads per core) family 6 model 186 stepping 3 microcode 0x411f, cx8, cmov, fxsr, ht, mmx, 3dnowpref, sse, sse2, sse3, ssse3, sse4.1, sse4.2, popcnt, lzcnt, tsc, tscinvbit, avx, avx2, aes, erms, clmul, bmi1, bmi2, adx, sha, fma, vzeroupper, clflush, clflushopt, clwb, hv, serialize, rdtscp, rdpid, fsrm, f16c, cet_ibt, cet_ss
Processor Information for processor 0
  Max Mhz: 1300, Current Mhz: 1300, Mhz Limit: 1300
Processor Information for processor 1
  Max Mhz: 1300, Current Mhz: 1300, Mhz Limit: 1300
Processor Information for processor 2
  Max Mhz: 1300, Current Mhz: 1300, Mhz Limit: 1300
Processor Information for processor 3
  Max Mhz: 1300, Current Mhz: 1300, Mhz Limit: 1300
Processor Information for processor 4
  Max Mhz: 1300, Current Mhz: 900, Mhz Limit: 897
Processor Information for processor 5
  Max Mhz: 1300, Current Mhz: 900, Mhz Limit: 897
Processor Information for processor 6
  Max Mhz: 1300, Current Mhz: 900, Mhz Limit: 897
Processor Information for processor 7
  Max Mhz: 1300, Current Mhz: 900, Mhz Limit: 897
Processor Information for processor 8
  Max Mhz: 1300, Current Mhz: 900, Mhz Limit: 897
Processor Information for processor 9
  Max Mhz: 1300, Current Mhz: 900, Mhz Limit: 897
Processor Information for processor 10
  Max Mhz: 1300, Current Mhz: 900, Mhz Limit: 897
Processor Information for processor 11
  Max Mhz: 1300, Current Mhz: 900, Mhz Limit: 897

Memory: 4k page, system-wide physical 16067M (674M free)
TotalPageFile size 65219M (AvailPageFile size 3339M)
current process WorkingSet (physical memory assigned to process): 218M, peak: 241M
current process commit charge ("private bytes"): 422M, peak: 434M

vm_info: OpenJDK 64-Bit Server VM (21.0.12.1+1-LTS) for windows-amd64 JRE (21.0.12.1+1-LTS), built on 2026-08-18T00:00:00Z by "admin" with MS VC++ 17.12 (VS2022)

END.
